review_text,review_rating
"ğŸ¡ Lokasi berada di jalan yang cukup kecil namun tempat makan ini sangat populer dan selalu ramai dikunjungi. Karena ramainya tersebut terkadang pengunjung harus menunggu pengunjung lainnya yang sedang makan untuk mendapatkan tempat.

ğŸ…¿ï¸ Parkir cukup banyak untuk kendaraan roda 2. Namun, perlu usaha untuk bisa mendapatkan lokasi yang nyaman untuk kendaraan roda 4.

ğŸ§¹ Cukup bersih.

ğŸ‘© Pelayan biasanya akan berdiri beberapa meter di belakang pengunjung ketika makan untuk memastikan pengunjung tidak kesulitan memanggil pelayan ketika membutuhkan bantuan karena biasanya banyak pengunjung yang meminta tambahan nasi.

ğŸ“– Terdapat pallubasa dengan telur atau tanpa telur, serta menggunakan daging sapi saja atau dicampur jeroan.

ğŸ² Kuahnya sangat kental dan gurih kaldu sapi. Jika ditambah dengan telur maka kuahnya akan semakin kental. Tambahan taburan serundeng membuat kuah pallubasa semakin bertekstur. Dagingnya sangat lunak dan mudah untuk dinikmati.

ğŸ’µ Harga wajar.

ğŸš½ Terdapat toilet.

ğŸ“¶ Tidak terdapat wifi namun lokasi terjangkau oleh sinyal seluler.

ğŸ”Œ Tidak terdapat colokan listrik.

ğŸ‘¶ Tidak terdapat kursi untuk bayi.",4
"Ini tempat makan Pallubasa yang paling populer se kota Makassar. Awalnya kira Pallubasa Serigala artinya menggunakan bahan daging dasar hewan Serigala ternyata bukan ğŸ˜‚ penamaan tersebut karna tempat ini berlokasi di jalan Serigala. Awalnya tau tempat ini dari beberapa ojol yang selalu merekomendasikan tempat makan populer di Makassar. Awalnya kesini untung tidak pas lagi terlalu crowded, masih mudah mendapatkan tempat duduk.
Menu yang disajikan sudah pasti menggunakan bahan dasar daging pilihan. Rempah dan bumbunya sangat khas namun sedikit kurang demen sama serundeng nya. Mungkin ada opsi tanpa itu sih cuman memang belum tau karna baru pertamakali. Pesanan ku juga menggunakan telur mentah yang segar, awalnya kira bakal amis ternyata nda dan membuat kuahnya kental dan lebih menggugah selera. Wajib kesini lagi sih nanti.",5
"Masakan legendaris dan emang nikmat yaa, aku pesan isi campur dan ada otak sapi dalam isiannya, wow maknyus. Datang pas berbuka puasa di awal bulan Ramadhan 2022 ini, disarankan jam 5 udah disana supaya dapat kursi dan meja makan tapi pelayanan cepat sih jadi gak nunggu lama. Rasa palubasa ini hangat, gurih dan kaya rasa. Mantap surantap dan gak bisa cuma seporsi aja pokoknya, besok kalau ke Makassar mau mampir sini lagi.",5
"Warung pallubasa legendaris, diawali dari tenda pinggir jalan yang selalu ramai pengunjung setiap hari hingga kini sudah menjadi ruko yang cukup luas berseberangan jalan dengan warung tendanya yang masih tetap dipertahankan hingga sekarang (Januari 2022).

Tambahan kelapa sangrai dan alas kuning telur makin menambah kekhas-an makanan olahan daging ini. Cocok jadi menu sarapan yang agak berat, menu makan siang, maupun makan malam.",4
"Memang enak dan tidak salah kalau ini adalah salah satu kuliner lezat yang saya rasakan ketika berkunjung ke Makassar, sajian daging empuk dan potongannya yang besar, ditambah racikan kuah yg khas penuh rempah, akhh...memanjakan lidah...pokoknya wajib mampir kalau kesini lagi, dan tentunya kurang kalo cuma 1 porsi hehe",5
"Pallubasa Serigala merupakan makanan sejenis soto daging jika di Jawa Timur. Tekstur kuahnya agak kasar karena dicampur dengan kelapa sangrai yang membuat rasanya makin nikmat. Untuk pilihan isiannya ada daging dan campur. Campur ini meliputi bagian dalam sapi dan kikil, sangat enak.

Penyajiannya ada opsi dengan telur ayam kampung membuat kuahnya makin kentel dan kaya rasa. Kata pallubasa sendiri diartikan makanan basah, yaitu menggunakan nasi bukan seperti coto yang menggunakan buras. Sehingga secara prinsip makanannya kurang lebih sama dengan Coto.",5
"Kuliner khas Makassar yang terkenal dan wajib dinikmati selagi berkunjung ke Makassar.

Porsi makanan cukup besar dengan potongan daging yang besar membuat jadi kenyang dan rasanya nikmat banget. Tambahkan telur dalam mangkuk akan menambah kualitas rasa. Side dish kerupuk juga tersedia namun pembayaran berbeda dari menu utamanya.

Parkiran kendaraan roda empat dan roda dua tersedia tepat di depan warung.

Recommended.",5
"Enak bangett, ini Pallubasa paling recomended di Makassar. Dagingnya banyak, nasinya dikit jadi harus nambahh, minumnya cuma ada teh botol sosro.
Harga murah juga, penyajian cepat dan enak untuk makan bersamaa. Lebih mantap kalau pakai telor, telornya telor ayam kampung jadi ga amis amis banget",5
"Pallubasa serigala sudah sangat dikenal sebagai salah satu makanan favorit warga kota Makassar bahkan Sulawesi, karena rasanya yang memang sangat lezat tidak ada bandingannya. Pallubasa serigala punya daging yang empuk serta khas, berbeda dengan toko yang lainnya. Pelayanannya mulai dari parkiran sampai masuk di dalam warung sangat bagus. Pada saat datang kami di sambut dengan baik oleh seluruh pelayan bahkan ternyata seluruh pelayan sudah melakukan Vaksin Cov-19 2 kali. Pallubasa serigala memang enak tapi buat anak Kost yang khususnya merantau jngn sering-sering makan pallubasa yah ingat kebutuhan kalian masih banyakğŸ‘ğŸ‘
Terimakasih",4
"Kuliner wajib kalau ke makassar, pertama kali nyobain, nggk bisa kalau nggk nambah.. Haha
Parkir mobil didepan resto, tempat makan cukup luas dan selalu ramai pengunjung, pelayanan cepat dan baik, macam"" isian, ada campur, daging, atau bagian dalam saja, ada yg suka ditambah telur ada juga yg enggk, makanya pake parutan kelapa sangrai behh debest pokoknya, yg punya kolesterol jangan makan banyak"" yaa.., cocok buat sarapan atau makan siang",5
"Makanan khas daerah yang patut dicoba di kota Makasar. Dari penampilannya saja sangat menggugah selera khususnya bagi pecinta masakan daging. Area tempat makan cukup luas untuk sekitar 50-60 orang dengan kondisi yang cukup bersih. Untuk kekurangannya adalah tidak terdapatnya lahan parkir khusus untuk rumah makan tersebut. Akan sangat
berdampak bila pengunjung sedang ramai. Kabar gembiranya sekarang sudah dibuka di daerah Kelapa Gading - Jakarta Utara tidak perlu jauh jauh lagi ke Makassar bagi warga kota Jakarta dan sekitarnya.",4
"Pertama kali datang ke kota makassar langsung OTW palubasa serigala
Rasa jos gandos legendary banget gurih kuah empuk daging nya
Memang udah sangat famous sekali tempat ini
Jika berkunjung ke makassar jangan lupa mampir entah weekdays atau weekend selalu ramai
Recommend
Ewakoooo",4
"Suka banget dagingnya enak, terus bubuk2 kelapanya jg enak, dan kuning telornya bikin makin enak langsung dicampur gitu di kuahnya. Oia kalo mau pake sambelnya dikit2 aja dulu krena emg pedes banget",5
"rasa restoran ini belum berubah, masih enak dan empuk, bumbunya terasa, walau porsinya sedikit terutama buat yang makannya banyak seperti saya hehe, harga standar aja, ada daging ada juga campur jerohan",4
"Salah satu restoran atau warung makan recomended di kota makassar  khususnya hidangan Pallubasa. Pertama kali makan kesini tahun 2011 dan sampai sekarang di tahun 2022 ternyata masih bertahan dan tetap mempertahankan citarasa yang recomended untuk dicoba.
Kalau berkunjung ke makassar, salah satu kuliner terbaik yang perlu untuk dicoba.
Yang saya baca resto ini punya cabang di kelapa gading jakarta utara, tapi memang belum pernah coba yang disana.
Selain itu sekarang juga telah tersedia warung tenda yang merupakan perluasan resto ini karena memang di jam-jam atau waktu tertentu pengunjung ramai jadi dialihkan ke warung tenda seberang resto pallubasa srigala ini.",5
"The best lah klo soal rasa juara
Parkir banyak space,klo makan enak buat nyari duduk nya aja biasanya perlu perjuangan ya itu seni nya
Terbayarkan 3 mangkok ueenak.....",5
"Wah ini bener2 recommended yah Guys, pelayanannya cepat, rasanya enak, dan harganya terjangkau.

Saya pesan 1 porsi Pallubasa daging campur IDR 35k, dan ditambah 1 telur kampung 1/2 matang IDR 4K, total IDR 39k seporsinya. Porsinya kecil yah guys, saya sih tambah 1 porsi lagi sudah cukup kenyang.

Pallubasa nya sangat terasa rempahnya, supnya enak sekali, plus dagingnya yang super empuk, ditambah lagi ada telur, waduh.. bener2 kombinasi yg nikmat, apalagi pas hujan2 guyssss ğŸ‘ğŸ‘ğŸ‘",4
"Walau lantai kotor penuh dengan tissue kotor bekas pelangganÂ² sebelumnya, tempat ini sangat top recommended dari sisi quickly service & good taste of foods.

Harganya juga masih sangat wajar dan pastinya enak banget. TOP TOP sih menurut saya.",5
"Sensasi makan soto dengan telor mentah. Rasanya enak kok. Bagi yang doyan. Bagi yang gak doyan bisa request tanpa telor mentah.

Secara umum rasa sotonya enak. Apalagi baru turun dari pesawat. Dingin-dingin, diajak mampir ke sini. Mantabh lah.",5
"Jangan pulang dari Makassar kalau belum ke Pallubasa Serigala. Bumbu dan olahan dagingnya punya cita rasa yang khas yang susah ditemukan di tempat lain. Keramaian disini sangat tinggi, utamanya saat jam makan malam.",5
"Pertama kali makan disini, tempat cukup luas walau tidak ada parkiran yg memadai, rasa makanan enak, hanya ada pilihan daging atau campur, tidak ada makanan pendamping lain hanya ada kacang mete. Untuk rasa oke banget  wajib coba klo di makassar",5
"Pertama kali coba pallubasa di sini. Katanya disini yang paling rame dan legenda. Rame yang beli, tapi karena pelayanannya cepat jadi menunggu makanannya tidak lama. Menu pallubasa dengan pilihan pake telur atau tidak. Telur ayam kampung mentah yang dipecahkan langsung di pallubasa nya dimakan bersama nasi dan es teh. Nasi standar untuk laki2 2 piring sudah disiapkan, sehingga tidak perlu order lagi untuk nambah nasi. Sambel, kecap, jeruk nipis sudah siap di meja untuk menambah rasa.",5
"wajib banget ke sini. Pallubasa sejenis soto dengan kuah berbumbu dan kelapa sangrai, daging sapi lokal dengan pilihan daging saja, campur maupun jeroan. sambal dan jeruk nya fresh. pallubasanya terbaik.",5
"Salah satu tempat wajib dikunjungi sesaat landing di Makassar,
Dahlah datang aja, dijamin enak deh pokoknya,
Kesukaan saya daging campur dengan telor,
Ga pakai nasi porsi double,
Ga pakai sambel, atau tambahan lain, lebih gurih rasa orisinal",5
"Mejanya ter-setting seperti bangku kantin sekolah sehingga sangat sulit bagi emak emak bergamis untuk keluar masuk dari kursi.

Soal rasa, aman. Harga pun demikian. Porsi? Bagi saya kurang, haha. Makanya harus tambah jadi dua mangkok.

Pelayanan ramah dan gercep. Saking gercepnya masih mau duduk-duduk piring dan lain lain sudah dibersihkan ğŸ˜…",5
"Pallubasanya enak, nasi nya sedikit (bagi yg lapar bgt g cukup 2 piring)... Tmptnya mungkin harus sering di sapu karena bnyak kotoran tisu dll di bwh meja... Harganya relatif agak mahal...",5
"Salah satu kuliner Makassar yang paling terkenal dan wajib dikunjungi.
1 . Rasa enak
2. Daging banyak
3. Bisa tambah nasi
4. Parkir bisa disepanjang jalan, ada tukang parkir yang atur
5. Minuman nya otomatis dikasih es teh
6. Kalau pas jam makan siang penuh, jadi disarankan datang 1 jam sebelum makan siang biar dapat meja kursi yang nyaman ğŸ™‚",5
ini favoriiiitt bangeet sumpaaahh... wajib dikunjungin kalo ke makassar... dan selalu ramai pas jam makan siang... enaakk soalnyaa.. sayangnya kuahnya skrg kurang panas ya ga kata dulu.. serundeng kelapanya skrg jg udah ga disajiin di meja....minumannya cuma satu teh botol es.. minta teh panas yg dtg teh botol tanpa es... ğŸ˜….. ya apapun itu tetep rasanya juara pallubasa disini.. rekomendasi tempat makan di makassar,5
"Salah satu kuliner khas kota Makassar yang legendaris dan enak. Selalu ramai pengunjung karena rasanya enak, pelayanannya cepat dan tempatnya bersih.
Rasa daging sapinya empuk dalam kuah kaldu dengan taburan kelapa. Pakai tambahan nasi putih yang dijamin ketagihan dan nambah pallubasa-nya dan nasi putihnya.
Untuk parkir kendaraan juga cukup luas dan juru parkirnya sigap mengarahkan harus parkir dimana.",5
Spesial lah... ramai... kesukaan deh... ga brenti2 orang datang... rasa ok... cuma memang karna ramai tempat parkir sulit.. agak macet... buat kamu yg ke makasar... ga sah kalo ga makan kesini...,5
"Makanan nya Enak, dagingnya empuk, bumbunya khas sekali.  Pengunjung  sangat Ramai apalagi di jam makan .  hanya tempat nya sedikit panas karena tidak ada ruangan ber-AC.",5
Tempat makan yang selalu rame dan waiting list. Jd selalu kasih spare wkt ya klo ksini jgn pas lg laper bgt. Untuk makanannya recommended sih apalagi dikasih telur mentah. Ga amis sama sekali.,5
"Sebuah tempat makan yg menyediakan hidangan khas Makassar...
Place : lokasi nya berada di jalan Serigala (that's why they called Pallubasa SerigalağŸ˜). Tempat makan cukup luas, ada indoor dan outdoor, saat kami berkunjung suasana ramai(cenderung padat, dan kurang menjaga prokesâ˜¹). Karena area parkir berada di pinggir jalan, jadi agak tricky.
F & B : Hidangan utamanya Pallubasa, tinggal isinya yg bisa kita customise, mau daging saja, daging +paru, daging + jeroan,dll...oh iya, jika anda suka, ada tambahan kuning telur mentah..
Saya pesannya hanya yg daging saja(takit makan jeroanğŸ˜), dagingnya empuk(karena slow cook), rempahnya terasa sekali, tapi rasa msg nya juga kuat banget menurut saya..tersedia garam, kecap,sambal, parutan kelapa(serundeng?), nasi bagi yg nambahğŸ˜ğŸ˜,jadi bisa di tambah sesuai selera masing2.
Service : mungkin karena saat itu penuh, jadi agak kewalahan juga pelayannya.
Price : masih worth it lah harga dan rasa yg di dapat.
Overall : ğŸ‘ğŸ‘ğŸ‘ğŸ‘",4
"Tempatnya strategis, pelayanannya sangat cepat, tanggap, baik dan ramah. Tempatnya memang cukup panas karena ramai, untuk rasa pallubasa-nya sangat enak, dari nasi yang pulen, kuah rempah kentalnya, sambalnya, dan serbuk ampas kelapanya sangat enak. Harga, rasa, dan porsi sangat worth it. The best la",5
"waktu itu kita datang pas jam istirahat kantor, jalanan penuh karna disana tidak ada lahan parkir, but aman lah ada juru parkirnya yg handal.
trus masuk resto makin nafsu makan kalo lihat suasananya ramai sekali. mantap kuahnya, daging dan kuning telurnya, paket nasi hangat 2 piring, sambal, kerupuk putih",5
"palu basa serigala enak banget!!

tempat makannya bersih, pelayanannya cepet dan harga reasonable untuk semangkuk palu basa. kuahnya sangat gurih, ditambah jeruk nipis semakin segar dan dagingnya juga lembut sehingga mudah untuk dimakan.",5
Cita rasa beda dan berempah. Perpaduan gurihnya serundeng kelapa dan telur setengah matang plus daging dan jeroan sapi nampol. Wajib dicoba kalo ke Makassar. Tapi musti sabar rame banget.,5
"Makanan khas makassar. Nama jalan lokasi tempat jualannya aja ""serigala"". Isi pallubasa bisa minta daging aja, lidah/pipi, atau campur. Bisa juga ditambah kuning telur diatas sop nya. Rasa  mantaap..",4
"Pallubassa pakai alas (telur mentah) nya ennnnaaak banget. Saya, Suami dan kiddos sampai nambah nambah lhooo. Hm.. Dagingnya empuk bangeet..",5
"Salah satu favorit kuliner kalo ke Makassar, wajib minta dianterin kesini... , rasanya enak plus dikasih telor, tapi jangan minta tambah kuah, rasanya jadi agak hambar. Rekomendedlah pokoke",4
"Salah satu kedai Pallubasa terkenal di Makassar yang punya rasa badabest! Autentik banget sih, rasa gurih kuah dan parutan kelapanya, mantap banget euy! Ditambah dengan sambal dan sambalnya, top! Oh iya, bagi yang suka, juga bisa tambah telur setengah matang ya! Nasi wajib tambah sih, karena enak banget! Hahaha wajib coba bagi yang ke Makassar!",5
"Lokasi mudah dijangkau, area parkir terbatas.
Rasa makanan enak banget rempahnya kaya, dagingnya banyak. Harga sesuai. Wajib coba jika ke makassar.",5
Kuah menambahkan kelapa goreng sehingga rasanya unik jk pertama kali mencoba apalg dtambahkan 'alas' (telur ayam kampung) trasa beda rasanya jk telurnya d aduk bersama.dan ini makannya dengan nasi bukan ketupat.,4
"Pertama kali mencoba dan rasanya enak namun tidak begitu berkesan di lidahku. Tetapi dibandingkan dengan Coto Makassar, ini lebih terasa koya kelapanya. Lalu tekturnya lebih kental sedikit karena ada tambahan telur. Dagingnya empuk banget dan wajib ditambahkan jeruk nipis untuk menambah kelezatan pada kuahnya. Pelayanan cepat sekali dan pilihan menu hanya ada Pallubasa. Kondisi toilet bersih namun wastafel ada yang rusak.",5
"Kuliner wajib dicoba kalo ke Makasar,, kuahnya segar, dagingnya empuk,,biasanya ditambah kelapa parut yg disangrai..Menurut saya, pallubasa Serigala ini yg terenak di kota Makasar. Biasanya antre tempat duduk, makan mesti cepat, kadang blm selesai makan, di belakang kita sdh ditungguin.. Pelayanan cepat, ramah. Lokasi di jl. Serigala, susah utk mencari tempat parkir.. meski begitu, gak pernah kapok datang kesini.. Uenaaak puoooll...ğŸ‘ğŸ‘",4
"Sangat cocok di lidah saya orang sunda yg sangat suka makanan kaya rempah. Dagingnya juga lembut dan empuk, porsinya pas. Wajar kalau rame dan jadi bucket list wisatawan ğŸ‘ğŸ¼",5
"Makanan Wajib Kalau Ke Makassar.. kuahnya, Rempahnya, Dagingnya.. dulu waktu di tenda orang makan sudah Ada yang mengantri di belakang Kita.. WAJIB COBA.. The Best.. baik Serigala maupun Onta TOP",5
"Pallu basa terbaik di Makassar. Tempatnya luas, namun tempat parkirnya agak susah jika terlalu karena ada di tepi jalan yang ramai. Sejauh ini, pallu basa Jl. Serigala ini adalah yang paling direkomendasikan bagi masyarakat Makassar. Proses penyajiannya sangat cepat, pelayanannya juga responsif.",5
"Rame, makananya enak. Pelayanan cepat dan bersih. Coba deh ke sini bisa untuk keluarga, pasangan atau teman kantor",4
"Kesini  penasaran karena paling terkenal,
Untuk nasi disediakan 2 piring, namun dengan porsi kecil, jangan lupa pake kacang metenya enakk soalnya.
Tapi pas kesana lagi rame-ramenya...
Banyak tisu berserakan di lantai.",4
"Pallubasa Serigala adalah salah satu restoran pallubasa legendaris di Makassar. Setelah saya coba, memang klaim legendaris tersebut sangat cocok disematkan ke restoran ini. Rasanya bener-bener maknyus dan enak! Apalagi jika makannya ditambah dengan kuning telur dan gurihan kelapa di nasi, kenikmatannya akan berkali-kali lipat.

Untuk porsinya, memang dia agak kecil mirip seperti Soto Kudus. Sehingga kalau buat yang makannya banyak mungkin perlu nambah satu atau dua mangkok lagi. Untuk restorannya sendiri sih cukup sederhana, namun tersedia cukup meja dan kursi. Perlu diingat, bawalah uang tunai yang cukup banyak ketika ingin makan di sini, karena restoran ini belum menerima pembayaran non-tunai.",5
"Kalau yang belum coba, rasanya kurang lebih mirip rawon. tapi tetap berbeda, rempahnya berasa. Overall nice, gausah mikir kolesterol bisa olahraga setelah itu.",5
"Kalau yang gasuka panas kurang recommended

Kalau kesana harus bawa uang cash karna ga terima debit / QRIS",5
"Enak sekali. Saya makan bagian pipi, terus dicampur telur mentah. Enak banget.",5
"2 kali ke sini dalam sekali kunjungan ke makassar.. juara banget, harga bersahabat, isian daging atau jerohan empuk dan melimpah, boleh minta kelapa sangrai tambahan hehe.. servis cepat.. sayang belum ada QRIS",5
"Salah satu kebanggaan warga Makassar, saya tidak perlu banyak menjelaskan, kalau belum pernah datang kesini, berarti belum sepenuhnya datang ke Makassar, very recommended! ğŸ‘ğŸ¼",5
"Pertama kali mencicipi Pallubasa, itu rasa rempahnya luar biasa, daging sapi segarnya pun delicious. Pengunjung rumah makan ini mengalir tanpa henti. Menunjukkan memang cita rasanya unggulan kan yağŸ˜. Harganya juga sangat terjangkau sekali. Kalau kamu ke Makassar, harus mampir ya",5
"Enak, saya pesan campur tanpa alas ( tanpa telur mentah ) dan isiannya campur2 ada otak juga ğŸ‘ , ramai sekali pengunjung... sampai berkeringat kepanasan, usul spy dipasang kipas angin lebih banyak krn pengunjung slalu penuh spy tidak terlalu panas",4
"Best lah....
Andalan setiap datang ke Makasar sejak masih warung tenda..
Sayangnya parkiran masih jadi masalah sejak dulu...",5
"Kayanya di antara semua kuliner makassar, palubasa serigala ini yang jadi favorit saya. Kaya pas suapan pertama...""OMG"" ga bisa dideskripsikan. Enak dan beda banget sama kuliner-kuliner lain. Wajib dicoba sih ini kalau ke makassar",5
"Makanan enak, pesanan cepat datang, porsi pas, lahan parkir kurang memadai, ada cabang di jakarta ğŸ˜„.",5
"Saya orang awam dalam hal coto dan pallubasa, tapi menurut saya ini memang enak sekali. Kuahnya, sambalnya, benar2 berasa sekali, wajib pakai telur. Mereka juga menjual kacang mente. Waktu disajikan, kalau kita tidak memberitahukan airnya apa, akan diberikan es teh manis. Yah cocok juga sih. Sebaiknya datang ke sini pagi hari, agar mendapatkan tempat. Soalnya kalau siang hari, pasti ramai. Sudah begitu, ada penjual keroncong/buroncong, yg kulitnya seperti crepes. Enak sekali. Wajib coba memang.",5
"Salah satu resto pallubasa terbaik yg ada di makassar, tempatnya gak mewah2 amat tp luas, trus rameeeeee banget apalagi waktu siang, sayang lantai 2nya gak dimanfaatkan biar pengunjung yg ada di lt 1 gak ngantri nunggu customer yg lainnya selesai makan.

Ada mushalla juga di lt 2, ber-AC, lumayan bersih tp kurang terawat, gak di kasih pengharum, tp OK lah, yg penting bisa shalat.",5
"rasanya unik banget, isiannya kalian bisa pilih daging ataupun campur.
yang pasti tambahin telur mentahnya, itu yang menambah sensasi kelezatan dari pallubasa ini.
kacang metenya enak, garing, renyah dan gurih cocok banget buat nemenin makan palubassa ini.
tempatnya pun nyaman dan luas.
recomended!",4
Pallubasanya memang khas menggunakan 100% daging lokal. Pokoknya mantaplah ğŸ‘,5
"Parkirannya agak susah untuk makanan enakk sekali paling hits dikota makasar, ramaaiii saat jam makan siangbjadi ambil brunch aja makannya pakai kacang mede.... daging nya empuk pelayanan cepat",5
Makanan paling dicari di Makassar. Bisa request kematangan telur & tersedia menu jeroan campur daging dan full daging.,5
"Salah satu pallubasa terenak di Makassar. Maknyoss terutama yg pake telur setengah matang. Hanya saja porsi nasi dikit dan parkiran ckp sempit.

Tpi over all enak...",5
"Terpopuler se-kota Makassar. Tempatnya selalu rame. Pelayanannya cepat dan ramah. Rasa pallubasa-nya enaaaak, dagingnya empuk, kikilnya juaraaaa, kuah rempahnya kental, sambalnya mantap, cuma porsi nasinya aja yang kurang banyak.",5
"Kepo bgt sama tempat ini, dan alhamdulillah bisa coba the OG pallubasa serigala! Definitely worth the hype and every calories intake! Cita rasa khas yang mungkin gabisa didapatkan di tempat lain, deskripsi simpelnya soto daging/jeroan, pakai serundeng kelapa, pake kuning telur, not familiar combination but somehow it works!!!",5
"Enak ini dengan harga terjangkau. Nasinya ga cukup satu ya, tambah lagi kacang metenya. Mantap deh, pantes aja selalu rame",5
salah satu restoran legendaris di kota. wajib dicoba ketika berkunjung ke makassar,5
"sejujurnya bingung bedain coto, pallubasa, sm sop saudarağŸ˜¬ overall ok but itâ€™s not to my liking this particular food tapi rame banget pengunjungnya sampe harus antri buat duduk karena emang terkenal enakğŸ‘",5
"Kuliner khas Kota Makassar, dengan pilihan potongan full daging atau campur jeroan. Ditambah dengan tambahantoping kacang mede,telur ayam kampung, serundeng kelapa dan peresan jeruk nipis menambah cita rasa kelezatan kuliner ini.
Buma sampai malam dan harga lumayan terjangkau untuk 1 mangkoknya.
Tempat selalu ramai, tidak ke makassar kalau belum  ke Palubasa Serigala",5
"sumpah potongan dagingnya besar2 , kuahnya josssss, serundengnya gurih banget, jangan lupa pake alas biar creamy...",5
"Kuahnya ringan, aroma kelapa. Wajib coba kalau di makassar",5
"the legend cullinary.... dari tempat yang kecil sampai menjadi besar seperti sekarang ini. Kalau ke Makassar, wajib ke sini untuk mencicipi one of the typical Makassar foods.",5
"Pertama kali coba yang asli makassar, Juara ! Dagingnya empuk tidak berbau ataupun alot. Rasa kuahnya tidak bisa dicari ditempat lain tapiii serupa dengan soto tangkat betawii",4
Pallubasa terenak yg pernah saya makan....pokok e mantab tenan..,5
"Salah satu tempat makan legendaris Pallubasa Serigala, rasanya unik karena saya bukan orang lokal, pakai telor boleh di coba. Tempatnya ramai, sudah buka dari pagi bahkan sejak setelah subuh",4
Mumpung makassar gak ada panas dan dari pagi hujan terus di awal 2023 sangat cocok sarapan pallubasa dan hanya pallubasa srigala yang paling tepat ğŸ˜‹ğŸ˜‹ğŸ˜‹,5
"Penyajian dibawah 5 menit..
Ini salah satu palubasa terenak di Makassar..
Kalau nggak suka jeroan bisa minta daging aja..
Kuning telur setengah matang sifatnya opsional..
Cuma es tehnya agak maksa.. nggak minta eh disajikan juga.. jadi terpaksa bayar deh.
Btw ketumbarnya agak kenceng.. buat yang nggak suka ketumbar bisa jadi masalah",5
"Gak cukup 1 porsi, klo dinas ke mks harus kesini, kuahnya kentelnya pas, kleket2 pas, tambah telor, aduuuh gak cukup 1 porsi",5
"2x makan disini dalam seminggu tidak pernah bosan, rasanya mantap dan gurih apalagi ditambah serundengnya. Tp bila pakai sambelnya sepertinya rasanya malah jd hilang/hambar. Jangan lupa pakai alas (kuning telor) biar maknyuss. Wajib kemari bila ke makasar",5
"Namanya aja serigala, tapi tenang, ini daging sapi haha...Sotonya banyak rempahnya gitu, isiannya daging & jeroan sapi, paling enak kalo dicampur pake kuning telur mentah. Tempatnya ramai pengunjung, panas hehe.",4
Terenaklah di makassar... pokoknya sudah tidak diragukan lagi. Berpengalaman puluhan tahun dengan cita rasa yang tidak berubah menjadikan tempat ini menjadi wisata kuliner favorit buat wisawatan yang datang ke makkasar,4
"Pertama kali mencicipi makanan khas makassar (pallu basa)
Rasa cukup enak, sangat ramai dikunjungi.
Cuma area parkir yang cukup sulit.",4
"Masakannya enak, seperti soto sih tp lebih kaya rempah2 nya. Koyanya pakai srondeng digoreng gt. Jeroannya empuk",5
"Ganteng Ganteng Pallubasa Serigala dong!

Asli enak pakai banget. Dagingnya sangat ramah di gigi dan gusi. Alias ga alot.

Kuahnya enak. Nasinya pas banget untuk porsi tante tante diet. Kalau untuk yang normal, 1 kurang 2 kebanyakan.

Terbaik emang pelayanan di pallubasa serigala. Cepatnya dan ramahnya.

Oh ya, teh tawar hangatnya enak!",5
Luaarrr biasaaa rasanya apalagi diberi tambahan extra kelapa sangraynya plus kuning telur... Pokoknya wajib nambah 1 porsi lagi... Best bangetğŸ‘ğŸ»ğŸ‘ğŸ»,5
"Makanan khas makassar yg enak, & tdk eneg. Pelayanan nya cepat, harga relatif murah. Tempat luas ğŸ‘",5
"Kuliner khas makassar yg wajib dicoba, recomend banget pokoknya",5
"enak banget pallubasanya, saya beli pallubasa campur dan ditambah telur mentah.
sambalnya pun mantap.
cocok saya dengan rasa pallubasa ini. terbaik.",5
"Tempat nongkrong sekaligus tempat makan pallubasa paling favorit di Makassar, pallubasa nya khas, kuahnya lebih ber rempah dan kelapanya juga teras, biasa klo di waktu makan siang penuh dengan pengunjung yang ingin menikmati pallubasa ini.. Hingga parkiran tidak cukup",4
"Makanan khas Makassar, rasanya enak dan sangat otentik. Pelayanan cepat.",5
"Maknyus,, rempah2nya terasa sekali. Ditambah kuning telur ayam kampung ğŸ‘ğŸ‘ğŸ‘",5
"Tempatnya ramai.
Pallubasa dgn isi jeroan dan telur 1/2 matang nya enak.
Menu minumannya bisa ditambah lagi hehe.
Btw aq makannya pake nasi, sebelumnya expect pake ketupat ato buras",5
"Kalau menurut saya biasa saja, jangan datang saat jam makan karena sangat sangat penuh dan macet",4
"Rasanya Gak seenak yang aku bayangin, tp masih oke kok ğŸ‘ğŸ».

Seporsi 20rbuan dan porsinya pas.",4
"Salah satu kuliner khas Makassar yang mirip mirip coto dan sop sodara. Palubasa ini seperti coto, berkuah dan berisi potongan daging sapi yang bisa request bagian apa. Kuahnya gurih dan ada parutan kelapanya, bisa ditambah kuning telur setengah matang, dimakan dengan nasi.
Tempatnya cukup nyaman hanya pelayanan stafnya perlu ditingkatkan agar lebih ramah kepada pelanggan terutama bagian kasir.",4
"Rasanya enak banget, kuahnya seperti coto tapi ada taburan kelapa seperti serundeng, bisa ditambah telur ayam kampung mentah, pilihan daging sapinya: campur jeroan atau daging saja, tempatnya luas, pelayanannya cepat, tapi perlu ditingkatkan kebersihannya, enak, harganya wajar, recommended",5
Enak bener ada tamago. Sampai tambah nasi 3x.,5
"Kuah Rempah Bumbu Dengan Kelapa Parut Yang Memberikan Cita Rasa Yang Sangat Enak Dan Otentik Khas Racikan Asli Makassar Sejak Dahulu serta Kesan Yang Tak Terlupakan â˜ï¸ğŸ˜âœŒï¸
Akan Kembali Lagi Di Masa Masa Mendatang Untuk Makan PalluBasa Serigala Otentik Khas Makassar ğŸ™ğŸ˜ŠğŸ‘",5
"Makanan khas Sulsel, wajib makan disini. Rasa enak, selalu ramai",5
"Enak, rekomendasi kuliner kalau ke makassar. Minuman defaultnya es teh. Bener, nasinya ga banyak ğŸ˜‚ Lumayan pricey.",5
"Karena terlalu laris, sehingga kadang harus antri untuk mendapatkan tempat duduk dan pelayan sangat sibuk sehingga cukup lama menunggu baru bisa terlayani..",1
"Utk yg baru kesini, jgn lupa tanya harga perporsi sebelum memesan krn tdk ada price listnya. Pembayaran masih tunai pastikan bawa ug yg cukup. Saat selesai pembayaran tdk diberi nota/struk. Espektasi rasa blm sesuai realita, tingkatkan pelayanan. Dimulai dgn murah senyum kpd customer. ğŸ™ğŸ»",1
"Pallubasannya enak, gurih. Rekomendasi kuliner Makassar ğŸ‘ğŸ¼",5
"Ma tap tenpatnya !
Makanan khas dan murah",5
Memang wajib makanan 1 ini klo lgi berkunjung ke Makassar ğŸ‘,5
cukup terkejut dengan rasa enak dan harga yg ga mahal,5
"Pertama kali ke makassar saya langsung menuju kesini karna udah terkenal, saya pesan satu porsi plus telur, setelah icip icip ternyata rasanya enak juga makin mantep jika telurnya diaduk, saya kalap nambah nasi sampe 3 mangkok, begitu bayar eh ternyata mahal juga anjir tp worth it lah sama rasanya yg unik. Tempatnya rame terus tp pasti dpt tempat duduk karna org gk berlama lama disini, begitu selesai langsung cabut",5
"Salah satu kuliner makassar yang wajib di coba, tempatnya rame. Cuman sotonya rasanya bikin 'seret' karena memang kuahnya ada serutan kelapanya. Overal enak dan isian daginya banyak. Recommended pokoknya. Soal harga normal ngak terlalu mahal, makan untuk 2 orang hanya 70rb",4
Berkesemptan mampir lg disiniâ€¦setelah 2 covid nyobain palu basa daging sama campur â€¦masih sama rasanya dan enakâ€¦.untuk harga standard palu basa 22rb,5
"Menurut saya tempatnya cukup nyaman, pelayanan cepat dan sangat baik.

Tapi klo rasa menurut saya biasa saja",4
Enak!! Katanya ini paling enak di Makassar. Tempatnya luas dan bersih,5
"Salah satu makanan khas makassar yang wajib coba, kuahnya kaya rempah, potongan dagingnya besar2. Tapi porsinya mengecil, dulu seukuran mangkok bakso, sekarang mengecil jadi mangkok coto mungkin efek inflasi ya ğŸ˜ Harga seporsi 40k inklud pallubasa, nasi, es teh manis. Ada harga, ada rupa ğŸ‘ŒğŸ»",5
"Tempat lumayan luas, parkiran tersedia. Harga bersahabat, 2 pallubasa pakai alas (telur mentah), 4 nasi dan 2 es teh 100ribu masih ada kembalian.",5
"Tempatnya mudah dicari, tinggal di google map
Saja. Tempat lumayan cukup sih pasa datang hari jumat. Pengunjung datang silih berganti tidak berlama lama makanya. Porsi nasi dan palubasa minimalis  ga begitu banyak. Pilihan menu polos atau pakai telor mentah.Harga di 35K beserta teh manis relatif terjangkau.",5
Mantap cotonya tapi harga ya relatif mahal mungkin karena terkenal dan legend,5
"Jujur ini padahal saya belum pernah makan Pallubasa atau pernah tidak jaman saya masih SD, tapi rasanya enak banget. Jadi kapan"" lagi ke Makassar pas ada liburan, ingin lagi yang Pallubasa pakai telur. ğŸ˜„ğŸ‘",5
"Mantap, rasanya OK, porsi pas, tempat pallubasa yang sangat rekomendasi di Makassar, tempat parkir lumayan terbatas, parkir di pinggir jalan. Pelayanan cepat dan ramah. Porsi bisa tambah nasi sampai kenyang.",5
"pallubasa serigala ini bisa dibilang yang terenak, namun sayangnya karena pengunjung yang begitu ramai, apalagi saat jam makan siang, membuat kenyamanan saat makan menjadi berkurang, kita jadi terburu buru untuk menyelesaikan sesi makannya. itu yang perlu jadi perhatian oleh pemilik tempat makan ini ya",4
Best pallubasa in town! Makan pake telor setengah mateng. Boleh nambah kuah. Selalu makan pake 2 porsi nasi tiap ke sini. Gabisa bayar pake kartu atau Qris. Tapi terima transfer rekening. Mantap.,5
"First timer nyobain Pallubasa sambil nunggu jam transit.
Kuahnya kental, bumbunya terasa, plus telur makin menyatu sekali rasanya.
Makan berdua Pallubasa daging, tanpa nasi, minum 2 es teh dan 1 kacang total 88.000 rupiah",5
Pallubasa terenak di Makassar memang. Rasa nya yang paling original dan isinya juga bisa pilih.,5
"Slaah satu daerah bersejarah di indonesia. Sayangnya kalau lagi berkunjung ke mesjid agung, banyak penjual yg menawarkan makanannya secara terus menerus, sehingga terasa risih. Beberapa rekan pun banyak yang merasakan hal demikian, semoga pelayanan para penjual disana bisa lebih memperhatikan kenyamanan para pengunjung baik buat beribadah kemesjid agung, atau hanya sekedar untuk menikmati wisata sekitar",4
"Palubasa terkenal di Makassar, pelayanannya cepat dan sigap. Pilihan dagingnya ada yang campur atau daging saja. Bisa minta campur kuning telur juga. Tapi ngga amis koq.

Pas datang, tempatnya rame banged. Sampe harus nunggu sejenak sampe ada yang keluar. Makanya duduk disitu juga ga bisa lama2, ga enak sama yang udah nunggu. hehe.

Recommended.",5
"Enak tapi porsi sedikit ğŸ˜‚ğŸ¤£ğŸ¤£
Bisa tambah lagi.
Bisa pilhan campur, daging, usus, hati, paru dll + Telur ğŸ‘
Sambelnya pedes ğŸ¥µ
Serundeng ongseng-ongseng di kasih tambahan kasih jeruk agar wangi dan ada rasa asam biar ngga enek.
Nasinya dikit banget... Jadi harus nambah 2 x ğŸ¤­ğŸ¤£
Tempat nya ramai banget dan susah parkir mobil.",4
"Rasanya ga sama dengan yang dlu. Dagingnya ga lembut masih keras. Harganya jg lebih mahal daripada yang dlu. Sekarang 40rb pakek telur dan nasi , pakek teh dingin",1
"Masakan khas makassar..
Rasa rempahnya wow...",5
Mantab bro pallubasa serigala Plus telur.... Jos gandos,5
"pallubasa merupakan makanan khas makassar yg terdiri dari irisan daging, hati, usus, limpa, babat disertai kuah yg mengandung rempah2 dan taburan kelapa goreng yang rasanya maknyoss, pallubasa asli makassar terauthentic ISO 9002 ya di pallubasa jalan serigala, dijamin rasa 100/100.
utk layanan para pelayan cukup cepat dalam menyajikan namun apabila memesan harua disertai penjelasan akurat dan detail dan kita harus menyuruh pelayan mengulangi pesanan kita, karena mereka tdk membawa catatan, hanya mengandalkan daya ingat yg rata rata pentium 4.
suasana di pallubasa ramai sekali padat pengunjung, sehingga ribut dengan suara pengunjung, lantai rumah makan kotor banyak tissue dan bekas jeruk nipis di lantai, rumah makannya tidak pakai AC jadi hawa panas dari luar terasa.",5
"Makanan favorite ku setiap datang di Kota Makassar... Enak, gurih dan maknyusss....",5
"Rasa Pallu Basa lumayan gurih hanya saja saat makan ditempat ini rasanya sangat asin, sampe sampe saya tambahin kuahnya pke air mineral untuk mengurangi rasa asin yg sangat mengganggu. Porsi nasinya pun  sangat sedikit menggunakan piring dgn diameter sekitar 15-20cm.",3
"Dari jakarta kesini cuma mau makan Palubasa, sayang ga ada yg kalengan buat oleh oleh, semoga kedepan nya ada...",5
"Datang ke Makassar jangan sampe kelewat untuk cicipin Pallubasa Serigala ini 1 mangkok kecil tapi porsinya pas untuk hidangan makan malam.

Dagingnya empuk, kuahnya nagih cuuy apalagi campur nasi luar biasa nikmatnya.",5
Rmh makan yg tdk pernah di lewatkan kalo singgah di kota daeng,5
"Rame banget dan enak rasanya. Hanya saja kebersihan tempatnya masih kurang, banyak tissue berserakan di lantai. Jangan beli krupuknya. Mahal banget 1bungkus 5rbğŸ˜„ğŸ˜„ğŸ˜„",3
"Tempatnya di pusat keramaian ,secara makanan ok ,hanya ruangan terbatas mesti nunggu yg lain selesai makan ,makanan ok ,harga juga standart",5
"Pengalaman baru ,kali ini tiba di Kota Makassar.Sulawesi Selatan.
Setelah selesai aktifitas , rombongan kami di arahkan ke lokasi kuliner terbaik di Kota Makassar.tepatnya di Jalan serigala.
Lokasi berada ditepi jalan yang cukup ramai ,Karena tempat makan ini sangat populer dan selalu ramai dikunjungi. Karena ramainya tersebut terkadang kita harus menunggu pengunjung lainnya yang sedang makan untuk mendapatkan tempat.

Menunya juga tentu yang khas Makassar yaitu Pallubasa.
Pelayanan ramah dan cepat
Suasana ramai tetapi selalu bersih.
Disini saya mencicipi Palubasa dengan kuah yang ditambah kuning telur mentah.dan ternyata begitu saya mencicipi ,wah...mantaab..tambah lagiii..
Untuk kalian ,sarannya jangan tunggu lama yuk meluncuur..Layak dicoba.",5
"Coto Makassar, Nyata nya masuk dilidah orang Sunda, recommend untuk yg lagi hilling ke kota makassar, tempatnya ngga pernah sepi, ramai terus. MantapğŸ‘",5
"Tempat makan makanan khas Makassar, Pallubasa. Rasanya enak banget, gurih, dan lembut dagingnya. Porsi Pallubasa berukuran sedang, kalau pesan 1 kurang. Minimal pesan 2 mangkok. Harganya juga terjangkau. Pelayanan ramah. Buat yang penasaran Pallubasa yang sesungguhnya, cobain ke sini.",5
"Makanan enak,kebetulan dapet daging yg kurang empuk.pelayanan cepat, meski ramai pengunjung.",4
"Makan enak tapi minum hanya ada teh botol sosro dengan diberi botol es batu
Sambal yang pedas
Dan perasan jeruk yang segar",5
"Cita rasa pallubasa yg otentik. Yg bakar dan yg berkuah rasanya enak.
Parkiran terbatas, ruangan yg gerah, AC nya mati, jadi siap2 aja.
Sangat ramai, tapi pesanan cukup cepat tersedia.",4
"Makanan paling rekomendasi versi saya di kota Makkasar.
Dikarenakan pelanggan ramai,pelayanan jadi kurang maksimal",5
Kalau pesan jangan lupa pakai alas. Nyamannaaa,5
"tempatnya bersih dan cukup nyaman. tiap kali makan kesini selalu terlihat rame oleh pengunjung. dari segi rasa pallubasa yg disajikan disini enak, kita bisa pilih isian yg daging sapi semua ataupun yg dicampur jeroan. kita juga bisa minta ditambahkan topping telur mentah di atas pallubasa yg masih panas. selain itu, kita tidak perlu khawatir jika tidak mendapatkan tempat duduk ketika rame, sebab pelayanan disini cepat sehingga kita tidak perlu menunggu lama sampai ada orang lain yg selesai makan dan tempat duduknya bisa kita pakai. harga untuk satu porsi pallubasa cukup terjangkau yaitu hanya sebesar Rp.25.000 per porsi, sedangkan jika ditambah dengan telur menjadi sebesar Rp.30.000. akses ke lokasi pun cukup mudah ditemukan karena berada di pinggir jalan besar.",5
"Makanan khas makassar. Bernama palubasa srigala karena berada di jalan srigala. Bukan karena menggunakan daging srigala ya.

Untuk tempat nya luas, namun kebersihan bisa ditingkatkan kembali. Sangat ramai ketika hari libur atau holiday",4
"Untuk rasa menurutku tidak perlu diragukan lagi, enak banget. Kuahnya kerasa banget bumbu rempahnya, dagingnya juga lembut. Top deh
Untuk lokasinya agak masuk ke perumahan dan cukup susah untuk cari parkiran mobil apalagi dijam makan siang",5
"Enak, tasteful, daging empuk juicy, sayang kalo dah kemaleman tidak bisa pilih daging sapi bagian lain",5
"Pertama kali cobain pallubasa di makassar, tempat ini wajib banget kalau ingin mencoba untuk pertama kalinya pallubasa. Rasanya enak dan cocok banget buat sarapan pagi, makan siang atau cemilan sore karena porsi nya yang pas untuk ngemil. Tempatnya bersih, harganya terjangkau dan pelayanan nya cepat. Sangat recomended!",5
Rasa mantul tapi sebaiknya disediakan bawang goreng dan daun sledri sebagai opsi customer untuk menambah cita rasa. Nasinya terlalu sedikit porsinyağŸ˜ğŸ˜ğŸ˜,4
"Salah satu tempat makan legend di Makassar, tidak pernah sepi, mantap rasanya, pelayanannya juga gercep ki.",3
Rumah makan khas kuliner palubassa pilihan terbaik di kota Makassar Sulawesi Selatan berada di jalan Serigala kota Makassar selalu ramai di hari libur,4
"Salah satu makanan khas yang paling wajib dicoba kalau ke makassar, rasanya khas, rempahnya kuat, koya pake kelapa disangrai, ada pilihan daging saja atau campur jerohan, bisa pakai kuning setengah matang. Porsi nasinya sedikit, jadi wajib nambah, es tehnya pake teh botol sosro, overall maknyuss..",5
"Makanan wajib kalau saya pas ke makassar,sejenis soto daging sapi & jerohan dgn tambahan rempah2 khas makassar, biasanya saya selalu menambah telor ceplok untuk melengkapi kenikmatan makanan ini. Silakan dicoba pasti ketagihan.",5
"Salah satu Tempat makan Legend di Kota Makassar,
Rasa khas Pallubasa yang unik, campuran dari bumbu2 khas nusantara, ditambah gurih kelapa goreng dan tekstur yg unik, isi daging dan jeroan yang super empuk dan banyak dalam setiap porsinya,
Dipadukan Nasi hangat.. Menjadikannya hidangan yg simple tapi kaya akan rasa.
Untuk lokasi gampang di akses, pinggir jalan. Tempatnya lumayan luas dengan bangku panjang, lumayan bersih dan cepat di bersihkan jika selesai makan,
Kalo lagi ramai biasanya antriannya bahkan sampai berdiri dibelakang bangku.
Pelayanan juga termasuk cepat, karena menu juga hanya satu, cman jenis isian saja yang bisa dipilih..",5
"pallubasa paling terkenal seantero makassar. Tidak salah jika disematkan demikian. ada daging dan campur, saya sendiri lebih prefer untuk campur karena lebih terasa â€œjahatâ€ nya makanan ini. Namun tidak disarankan jika ada memiliki riwayat penyakit yang diwajibkan menghindari makanan berupa jeroan. Jangan lupa tambahan order telur kedalam pallubasa nya, lebih mantap, cukup kucurkan jeruk nipis agar tidak terlalu amis.",5
"Salah satu warung pallubasa terenak di Makassar. Dibuktikan dengan banyaknya pelanggan yang datang dan juga penghargaan yang terpajang. Dagingnya sangat empuk. Perpaduan antara kuah, telur kuning mentah dan kelapa sangrainya sangat pas di lidah",5
Ini adalah rekomendasi tempat kuliner dengan menu khusus penyuka daging sapi jika anda berkunjung ke kota Daeng Makassar,5
"Ini nih pertama kali coba langsung suka, hahaha pallubasa ini seperti soto ya tapi versi lebih berat kuahnya, isinya bisa request ya mulai dari daging, jeroan, bahkan bisa ditambah toping telor, nasinya sedikit jadi minimal makan 2 porsi, rasanya enak, daging nya lembut ga ngelawan, recommended seller untuk yang mau makan pallubasa, selamat mencoba",5
Rasa rempahnya luar biasa..lebih segar lagi dikasih air perasan jeruk sambal dan sambal pedas. Suasananya padat full pengunjung,5
"One of the best food in makassar, must try!
Rasanya menurut gw campuran rawon,gulai,soto, cocok makan kalo butuh energy malem2, seger pake jeruk dan sambelnya yg pedes.
Kuahnya lumayan heavy dan gurih",5
Mantap banget rasanya....pokonya saya sampai nambah nasi 3 piring..  harga nya juga murah.... dengan tambahan nasi sampai 9 piring untuk 4 orang plus palubasa mya 6 porsi..hanya 200ribuan saja... mantap... daging dan jeroan juga banyak per porsinya..bikin ketagihan,5
Rasanya Kaya akan rempah2. Yg paling terasa Kelapa Parut yg dibakar. ğŸ‘ Rekomen sekali untuk kalian pecinta Daging dagingan. ğŸ‘ğŸ‘,5
"Pallubasa kuliner khas Makassar, daging sapi yang diolah secara khusus untuk menjadi masakan berkuah dengan rempah-rempah pilihan dan taburan kelapa yang disangrai, nikmat kuahnya, dagingnya empuk, berkualitas baik dan menyehatkan.",4
"Kalau satu tempat sudah dapet review di atas 12 ribu gini, nggak perlu ditanya lagi deh. Dateng aja cobain sendiri.
Tips: pesen paru aja.
Kalau mau extreme, bisa pakai alas, alias telur dimasukkin ke pallubasa.
Selalu ramai kalau jam makan siang, prokes ya udah bubar lah.",5
"Yg isi daging enak poll, tp kurang cocok sama yg versi jeroannya",5
"Eeeennnnaaaaaakk ğŸ˜ğŸ˜ğŸ˜

Bakal balik lagi kesinii, keringetan kesangan krn banyak org, walau banyak kipas.. Tp lidaaaah ga bisa bohooong ğŸ˜„ğŸ˜„

Ada rasaÂ² lada hitam kyanyaa.. AngetÂ² di kuahnya ğŸ˜ #sotoy
Pokona mah enaakk, pke teloorr yaahhğŸ¤©ğŸ¤©ğŸ¤©",5
"Mantap pallubasa nya, rasa nya enak di tambah kacang mete, dari segi harga makanan nya relatif murah, dan tempatnya selalu ramai.",4
"Terbaekkkk. Selalu suka semua yang ada di sini. Rasa palu basa nya selalu bikin kangen. Apalagi kalo ditambah topping telor mentah dan kelapa. Sambalnya juga super bangett.

Coba nyicip dengan palu basa di tempat lain, menurut saya, ini yang terbaik. Ga bisa kalo ga nambah.",5
"Baru kali ini makan pallubasa, rasa kelapa parutnya khas sekali. Rasanya nendang kalau sudah ditambahkan jeruk nipis dan sambal.

Minusnya di sini adalah tempatnya panas sekali, dan terkesan kurang higienis. Meja perokok jadi satu dengan yang lain sehingga kurang cocok bawa anak-anak ke sini.",4
"Waahhh ini serius enak sih palubasa nya mantep, buat aku ini beneran recommend sih wajib dicoba kl ke Makassar ini harus jd salah kuliner list, daging nya empuk bgd trus lumayan banyak, kuah nya juga enak bgd gurih anget, disini cuma ada menu palubasa aja yaa, untuk range harga masih terjangkau kemari 2 porsi palubasa 3 nasi 2 es teh masih di range 80k,kl bs dateng jangan pas makan siang serius rame bgd, harus wajib dicobaaa",4
"Jauh-jauh datang ke suatu daerah, pantang hukumnya untuk gak menjajal makanan legendarisnya. Hal inilah yang menjadi alasan penting kenapa Pallubasa Serigala gak boleh lolos dari agenda kulineranmu. Dirintis pertama kali pada tahun 1986, membuktikan kalau cita rasa Pallubasa Serigala berhasil diterima lidah pelanggan.

Sukses melayani pembeli lebih dari tiga dekade, kini pengelolaan kedai Pallubasa Serigala dipercayakan kepada generasi kedua. Kedainya hampir gak pernah terlihat sepi, terutama saat weekend dan libur panjang.",5
"Kuliner yang wajib dicobain kalo ke Makassar. Rasanya khas, dagingnya lembut, tempatnya luas, pelayannya ramah, dan bisa tambah kuah secara gratis. Makan berlima (nasi 6, pallubasa, kerupuk, mente) bayarnya 185.000",5
"Palubasa ter mantab jiwa sampai saat ini yang saya pernah makan diantara yang lain, sudah sepaket dengan teh botol sosro yang di tuang kedalam gelas dan dicampur es batu. Entah kelebihan atau kekurangan, mungkin bisa ditanyakan dulu barangkali ada yang lebih suka es jeruk, atau memang sudah tradisi harus oake teh botol sosro ya. Hehe. Munglin bisa bantu jelaskan..",5
"wajib coba klo yg lagi jalan jalan ke makasar, rasanya kaya soto dengan bubuk kelas, bisa memilih ditambah telur tidaknya",5
Sop nya enak bisa ditambah telur kuning.. Rekomendasi bila ke makassar untuk mampir di resto ini..,5
Pallubasa yang paling terkenal di Makassar. Parkir agak susah kalau pas jam makan. Penuh juga buat makan disana. Rasa lumayan seperti Palubasa lainnya. Cukup recommed makan bersama rekan kerja atau keluarga.,5
"Pilihan makanan lain selain coto kalau berkunjung ke makassar. Gurih nya dapat dari serundeng, kuah nya agak asam dan sedikit manis dari kuning telur nya. 1 porsi nasi gak akan cukup pastinya. cita rasa baru untuk lidah lidah yang lapar",5
Saran boleh tambah kipas anginnya mungkin biar tdk kepanasan yg makan dkt kasir,5
"Sebelumnya kesini di tahun 2018.
Skrg 2021 ksni lagi wow tempatnya banyak berubah.
Untuk rasa nya masih tetep eunak, recommended bgt buat dicoba bagi yg berkunjung ke Makassar.",5
"Salah satu menu kuliner yang wajib dicoba jika anda berkunjung di Kota Makassar. Menawarkan rasa pallubasa dengan aroma kelapa yang kuat. Irisan daging tebal dan besar serta racikan bumbunya sangat khas.

Sebaiknya kesini pada jam makan yang tidak terlalu padat, agar tetap kebagian tempat duduk.",5
Makanan lokal enak dan antri bet..,5
Juara rasanya. selalu rame tempatnya. Kalo makan ini 1 porsi ngga cukup. krn porsinya kecil. tapi klo pakai nasi bisa lah,5
"Datang pas saat makan siang, untuk dapat duduk saja kita harus sabar, dan memang pantas antri untuk dapat menikmati pallubasa disini..",5
"Pengalaman baru makan Palubasa, coz ditempat saya nggak ada.
Rasanya mantap dan pelayanan super cepat. Mantap ğŸ‘ğŸ‘",5
"Harga cukup pricey, tapi ini wajib dicoba kalo ke Makassar. Enak parah",5
"Tidak ada daftar harga,
Pembayaran hanya bisa cash, tidak bisa debit atau e-money lainnya,
Waktu dibayar (tidak dapat nota), harganya tidak sesuai rasanya, hanya menang di nama saja..",1
"Mungkin ini klise, tapi sejujurnya saya sempat bertanya-tanya apa memang warga lokal sekitar sini cukup ekstrim hingga serigala dijadikan alternatif kudapan.

Sayangnya tidak, hehe. Serigala disini mengacu pada nama jalan tempat warung pallubasa ini bernaung.

Untuk rasa, ga usah diragukan. Ga main-main. Kuah pekat dengan campuran semacam serundeng (?) kelapa ditambah kuning telur, membuat malam di Makassar semakin berkesan.

Wajib kesini lagi.",5
"Salah satu tempat yg recommended di kota Gowa Makasar, jalan serigala. makanannya enak olahan sapi lokalnya luar biasa khas..tempatnya selalu penuh dg pengunjung..",5
"Asli rasanya MANTAP
bikin ketagihan heheee
Anda yg lagi tugas kerja ataupun berlibur di Makassar sangat Rugi kalau tidak coba makanan yg namanya PALLUBASA",5
"Salah satu makanan khas makassar, dan pallubasa serigala berhasil memberikan rasa unik dari olahan dagingnya. Tekstur terjaga dan rasanya sangat mantap. Harga juga masuk akal  Jika dibandingkan dengan pallubasa lain dapat disimpulkan, daging enak pallubasa serigala tapi kuah lebih mantap pallubasa onta.",5
"Makanannya ok, makanya penuh bgt, sampai susah untuk cari tempat duduk ğŸ˜",5
"Pallubasa serigala merupakan alternatif wisata kuliner di makasar yang wajib dicobain.Pelayanan cepat,cita rasa mantap,lokasi strategis,cocok untuk rombongan,namun sebaiknya perlu disediakan lokasi parkir mobil yang cukup.",4
"Rame puooll
Makanan fav,paru nya
Tp disini parunya msi kenyal2 gt,krg suka.jd bintang 3 aja",4
"Enaknya selangit...
Setelah makan disini mk makanan daging di tempat lain sudah terlupakan rasanyağŸ‘",5
Salah satu kuliner Makassar favorit dan harus dinikmati di lokasi. Pernah coba take away namun kehilangan vibes nikmatnya. Es teh nya pakai teh botol sosro.,5
