Username,Comment,Column 3
nrnningsy,No.12❤️,nrnningsyNo.12❤️1wReplyComment OptionsLike
abang_dul08,No.9🔥,abang_dul08No.9🔥3dReplyComment OptionsLike
rslamin_,menyala no 9👏,rslamin_menyala no 9👏5d1 likeReplyComment OptionsLike
_andi.annisa,No.9,_andi.annisaNo.93dReplyComment OptionsLike
fadly.radjab,"@_andi.annisa yah, nampa dia tdk ad baca"" nya 😆","fadly.radjab@_andi.annisa yah, nampa dia tdk ad baca"" nya 😆3dReplyComment OptionsLike"
_andi.annisa,"@fadly.radjab sdh mi ku baca""i sebelum ku komen 😁","_andi.annisa@fadly.radjab sdh mi ku baca""i sebelum ku komen 😁3dReplyComment OptionsLike"
_.saturasa,No.5  Tawwa💥❤‍🔥,_.saturasaNo.5  Tawwa💥❤‍🔥1w3 likesReplyComment OptionsLike
shintaamelia339,No 9 andalan 👍👍👍,shintaamelia339No 9 andalan 👍👍👍1d1 likeReplyComment OptionsLike
ana_kastiana,14🔥🔥,ana_kastiana14🔥🔥1wReplyComment OptionsLike
haerulhendrawan,@ana_kastiana 👍,haerulhendrawan@ana_kastiana 👍5dReplyComment OptionsLike
nurhikma2938,No.2 😁,nurhikma2938No.2 😁6d2 likesReplyComment OptionsLike
akhaerunnisaa,No 9,akhaerunnisaaNo 94d1 likeReplyComment OptionsLike
sayanenyyy,No 2,sayanenyyyNo 26d2 likesReplyComment OptionsLike
ayhuu_lestari,No 2🔥🔥,ayhuu_lestariNo 2🔥🔥6d2 likesReplyComment OptionsLike
adele356.yahoo,No. 2🔥,adele356.yahooNo. 2🔥6d2 likesReplyComment OptionsLike
trisna_29,No 2 donk,trisna_29No 2 donk6d2 likesReplyComment OptionsLike
hjmariam1,NO 05,hjmariam1NO 055dReplyComment OptionsLike
syrflv_,No.2,syrflv_No.26d2 likesReplyComment OptionsLike
amaldul07,02 krn temanna ini @shintatiara18,amaldul0702 krn temanna ini @shintatiara186d2 likesReplyComment OptionsLike
shintatiara18,@amaldul07 🤣🤣,shintatiara18@amaldul07 🤣🤣6dReplyComment OptionsLike
chuakurniawan,@shintatiara18 😂,chuakurniawan@shintatiara18 😂6dReplyComment OptionsLike
chuakurniawan,@amaldul07 😂🙏🏻,chuakurniawan@amaldul07 😂🙏🏻6dReplyComment OptionsLike
ak_bar.13,No.5❤️,ak_bar.13No.5❤️1w3 likesReplyComment OptionsLike
pena_mkss,No 9 👏👏,pena_mkssNo 9 👏👏1d1 likeReplyComment OptionsLike
faikahmakhyani,No. 7,faikahmakhyaniNo. 71w1 likeReplyComment OptionsLike
dienardienho,No 2,dienardienhoNo 26d2 likesReplyComment OptionsLike
nrulfn,No. 2,nrulfnNo. 25d2 likesReplyComment OptionsLike
muhammadashabil_,No.10 Irsan Bang Gulung semangatki kanda🙌🙌🙌,muhammadashabil_No.10 Irsan Bang Gulung semangatki kanda🙌🙌🙌1wReplyComment OptionsLike
_ylywan,@muhammadashabil_ no 10 lale itu,_ylywan@muhammadashabil_ no 10 lale itu4dReplyComment OptionsLike
ardi_gacorrr04,5 nya aja🔥,ardi_gacorrr045 nya aja🔥1w2 likesReplyComment OptionsLike
irfanyusuf577,No 7 andalan 🔥🔥🔥,irfanyusuf577No 7 andalan 🔥🔥🔥1w1 likeReplyComment OptionsLike
mila.ever,No 2🔥,mila.everNo 2🔥6d2 likesReplyComment OptionsLike
ayyfiless,9🔥,ayyfiless9🔥5d2 likesReplyComment OptionsLike
shintatiara18,No. 2 🔥,shintatiara18No. 2 🔥6d3 likesReplyComment OptionsLike
amran913,No. 7 andalan,amran913No. 7 andalan1w1 likeReplyComment OptionsLike
hy__wins,No. 2 🔥,hy__winsNo. 2 🔥4d1 likeReplyComment OptionsLike
i2fhrrozi,No.5 🔥,i2fhrroziNo.5 🔥1w1 likeReplyComment OptionsLike
alvhin_1808,Ok deh no 2,alvhin_1808Ok deh no 26d1 likeReplyComment OptionsLike
_andi.annisa,No.9,_andi.annisaNo.93dReplyComment OptionsLike
fadly.radjab,"@_andi.annisa yah, nampa dia tdk ad baca"" nya 😆","fadly.radjab@_andi.annisa yah, nampa dia tdk ad baca"" nya 😆3dReplyComment OptionsLike"
_andi.annisa,"@fadly.radjab sdh mi ku baca""i sebelum ku komen 😁","_andi.annisa@fadly.radjab sdh mi ku baca""i sebelum ku komen 😁3dReplyComment OptionsLike"
nrnningsy,No.12❤️,nrnningsyNo.12❤️1wReplyComment OptionsLike
abang_dul08,No.9🔥,abang_dul08No.9🔥3dReplyComment OptionsLike
_.saturasa,No.5  Tawwa💥❤‍🔥,_.saturasaNo.5  Tawwa💥❤‍🔥1w3 likesReplyComment OptionsLike
ana_kastiana,14🔥🔥,ana_kastiana14🔥🔥1wReplyComment OptionsLike
haerulhendrawan,@ana_kastiana 👍,haerulhendrawan@ana_kastiana 👍5dReplyComment OptionsLike
hjmariam1,NO 05,hjmariam1NO 055dReplyComment OptionsLike
rslamin_,menyala no 9👏,rslamin_menyala no 9👏5d1 likeReplyComment OptionsLike
nurhikma2938,No.2 😁,nurhikma2938No.2 😁6d2 likesReplyComment OptionsLike
sayanenyyy,No 2,sayanenyyyNo 26d2 likesReplyComment OptionsLike
ak_bar.13,No.5❤️,ak_bar.13No.5❤️1w3 likesReplyComment OptionsLike
ayhuu_lestari,No 2🔥🔥,ayhuu_lestariNo 2🔥🔥6d2 likesReplyComment OptionsLike
trisna_29,No 2 donk,trisna_29No 2 donk6d2 likesReplyComment OptionsLike
adele356.yahoo,No. 2🔥,adele356.yahooNo. 2🔥6d2 likesReplyComment OptionsLike
dienardienho,No 2,dienardienhoNo 26d2 likesReplyComment OptionsLike
syrflv_,No.2,syrflv_No.26d2 likesReplyComment OptionsLike
amaldul07,02 krn temanna ini @shintatiara18,amaldul0702 krn temanna ini @shintatiara186d2 likesReplyComment OptionsLike
shintatiara18,@amaldul07 🤣🤣,shintatiara18@amaldul07 🤣🤣6dReplyComment OptionsLike
chuakurniawan,@shintatiara18 😂,chuakurniawan@shintatiara18 😂6dReplyComment OptionsLike
chuakurniawan,@amaldul07 😂🙏🏻,chuakurniawan@amaldul07 😂🙏🏻6dReplyComment OptionsLike
akhaerunnisaa,No 9,akhaerunnisaaNo 94d1 likeReplyComment OptionsLike
shintaamelia339,No 9 andalan 👍👍👍,shintaamelia339No 9 andalan 👍👍👍2d1 likeReplyComment OptionsLike
muhammadashabil_,No.10 Irsan Bang Gulung semangatki kanda🙌🙌🙌,muhammadashabil_No.10 Irsan Bang Gulung semangatki kanda🙌🙌🙌1wReplyComment OptionsLike
_ylywan,@muhammadashabil_ no 10 lale itu,_ylywan@muhammadashabil_ no 10 lale itu4dReplyComment OptionsLike
nrulfn,No. 2,nrulfnNo. 25d2 likesReplyComment OptionsLike
pena_mkss,No 9 👏👏,pena_mkssNo 9 👏👏2d1 likeReplyComment OptionsLike
faikahmakhyani,No. 7,faikahmakhyaniNo. 71w1 likeReplyComment OptionsLike
mila.ever,No 2🔥,mila.everNo 2🔥6d2 likesReplyComment OptionsLike
ayyfiless,9🔥,ayyfiless9🔥5d2 likesReplyComment OptionsLike
irfanyusuf577,No 7 andalan 🔥🔥🔥,irfanyusuf577No 7 andalan 🔥🔥🔥1w1 likeReplyComment OptionsLike
shintatiara18,No. 2 🔥,shintatiara18No. 2 🔥6d3 likesReplyComment OptionsLike
amran913,No. 7 andalan,amran913No. 7 andalan1w1 likeReplyComment OptionsLike
ardi_gacorrr04,5 nya aja🔥,ardi_gacorrr045 nya aja🔥1w2 likesReplyComment OptionsLike
hy__wins,No. 2 🔥,hy__winsNo. 2 🔥4d1 likeReplyComment OptionsLike
i2fhrrozi,No.5 🔥,i2fhrroziNo.5 🔥1w1 likeReplyComment OptionsLike
alvhin_1808,Ok deh no 2,alvhin_1808Ok deh no 26d1 likeReplyComment OptionsLike
dwiwiputri,02,dwiwiputri024d1 likeReplyComment OptionsLike
ikhzan_ikhzan,No.7🔥🔥🔥👍👍👍,ikhzan_ikhzanNo.7🔥🔥🔥👍👍👍5d1 likeReplyComment OptionsLike
dody6577,02 napaksa ka betulan ka ini,dody657702 napaksa ka betulan ka ini1w2 likesReplyComment OptionsLike
chuakurniawan,@dody6577 😂,chuakurniawan@dody6577 😂6dReplyComment OptionsLike
fsal1717,@dody6577 ada mko sde,fsal1717@dody6577 ada mko sde6dReplyComment OptionsLike
dody6577,@fsal1717 oh keberatan Ki ..marah Ki?,dody6577@fsal1717 oh keberatan Ki ..marah Ki?6dReplyComment OptionsLike
fsal1717,@dody6577 bisa kau hapus saja ig mu ? Jadi bapak2 fb mko saja kau,fsal1717@dody6577 bisa kau hapus saja ig mu ? Jadi bapak2 fb mko saja kau5dReplySee translationComment OptionsLike
irwanlulung,Menyala No 9 🔥🔥,irwanlulungMenyala No 9 🔥🔥1wReplyComment OptionsLike
1999babyy,9 nih boss🙇🏻‍♀️,1999babyy9 nih boss🙇🏻‍♀️1wReplyComment OptionsLike
indahmoee92,02 Chua tww,indahmoee9202 Chua tww1w2 likesReplyComment OptionsLike
haryanto98,09🔥🔥,haryanto9809🔥🔥1w1 likeReplyComment OptionsLike
mhysuuf_22,No.7 keren 🔥🔥,mhysuuf_22No.7 keren 🔥🔥1w1 likeReplyComment OptionsLike
chuakurniawan,3🔥,chuakurniawan3🔥1w1 likeReplyComment OptionsLike
tasyah_acha,@bellephysionomie @yuliantiawaliaa_,tasyah_acha@bellephysionomie @yuliantiawaliaa_1wReplyComment OptionsLike
riarestianti.m,No 2 🔥,riarestianti.mNo 2 🔥6d2 likesReplyComment OptionsLike
annisajafar_,No 2🔥🔥,annisajafar_No 2🔥🔥6d2 likesReplyComment OptionsLike
deanartadea,No. 2 😎,deanartadeaNo. 2 😎6d2 likesReplyComment OptionsLike
sri_hernawatii,No.2,sri_hernawatiiNo.26d2 likesReplyComment OptionsLike
serlinaaa.__,Nomor 2,serlinaaa.__Nomor 26d2 likesReplyComment OptionsLike
ryni026,No 4,ryni026No 41w1 likeReplyComment OptionsLike
vyfitry09,2,vyfitry0926d1 likeReplyComment OptionsLike
fsal1717,02 🔥,fsal171702 🔥6d1 likeReplyComment OptionsLike
fachrielfachriel,No.2,fachrielfachrielNo.26d1 likeReplyComment OptionsLike
navita_yanti,No 7 andakan,navita_yantiNo 7 andakan1wReplyComment OptionsLike
linda__2819,No.12 no debat ayangnya bang icang 🔥,linda__2819No.12 no debat ayangnya bang icang 🔥6dReplySee translationComment OptionsLike
andiiinyiyin,@linda__2819 👏🔥,andiiinyiyin@linda__2819 👏🔥6dReplyComment OptionsLike
strahmay,02🔥🔥,strahmay02🔥🔥6d1 likeReplyComment OptionsLike
sahariani_rhya,No.2 dong🔥🔥🔥,sahariani_rhyaNo.2 dong🔥🔥🔥6d1 likeReplyComment OptionsLike
_anthyiii,No 2🔥,_anthyiiiNo 2🔥6d1 likeReplyComment OptionsLike
ranislfni_,2 moo 🔥,ranislfni_2 moo 🔥6d1 likeReplyComment OptionsLike
m_ozil_dadi,02 chuaaaa,m_ozil_dadi02 chuaaaa6d1 likeReplyComment OptionsLike
art.arthy_,No 2,art.arthy_No 26d2 likesReplyComment OptionsLike
saraswatiratu02,Nomor 2 dongg chua 🔥🔥🔥,saraswatiratu02Nomor 2 dongg chua 🔥🔥🔥6d2 likesReplyComment OptionsLike
bubblefreaks_,02 dong,bubblefreaks_02 dong6d1 likeReplyComment OptionsLike
rani_fitriani22,02 😍😍😍,rani_fitriani2202 😍😍😍6d1 likeReplyComment OptionsLike
agguuussss25,2,agguuussss2526d1 likeReplyComment OptionsLike
sandra_lapadengan,No 2 chuaaa donk🔥🔥🔥,sandra_lapadenganNo 2 chuaaa donk🔥🔥🔥6d1 likeReplyComment OptionsLike
nrhddgnwan_,No.2 chua,nrhddgnwan_No.2 chua6d1 likeReplyComment OptionsLike
cheline289,Me 02 😎👏,cheline289Me 02 😎👏1w1 likeReplyComment OptionsLike
y.nhaaa_,No 8 🔥,y.nhaaa_No 8 🔥1w1 likeReplyComment OptionsLike
refaldi_44,5 ❤️❤️,refaldi_445 ❤️❤️1w4 likesReplyComment OptionsLike
daeng_anto02,NO2,daeng_anto02NO21w1 likeReplyComment OptionsLike
lishdacachaa,02🔥,lishdacachaa02🔥1w1 likeReplyComment OptionsLike
andiismaa__,No 2 chua,andiismaa__No 2 chua6d1 likeReplyComment OptionsLike
rskysurydi_,02 menang 🔥🔥,rskysurydi_02 menang 🔥🔥1w1 likeReplyComment OptionsLike
rama_danu17,2,rama_danu1721w1 likeReplyComment OptionsLike
tujuhbelass____,2🔥🔥🔥,tujuhbelass____2🔥🔥🔥1w1 likeReplyComment OptionsLike
fandi_irwan_8967,No 2,fandi_irwan_8967No 21w1 likeReplyComment OptionsLike
nauraah___,NOMOR 2 DOONG🔥🔥🔥🔥,nauraah___NOMOR 2 DOONG🔥🔥🔥🔥1w1 likeReplyComment OptionsLike
triawanbanda_s,5 dong Tomy alam buaya,triawanbanda_s5 dong Tomy alam buaya1w3 likesReplyComment OptionsLike
aztyismi,No. 5 Tomy mantap andalan 👍,aztyismiNo. 5 Tomy mantap andalan 👍1w1 likeReplyComment OptionsLike
indrasyaam,No. 5 Tommy,indrasyaamNo. 5 Tommy1w2 likesReplyComment OptionsLike
hansyurado,12  Yanti ji👍,hansyurado12  Yanti ji👍1w2 likesReplyComment OptionsLike
noviita_dm,Nomor 7 🔥🔥🔥,noviita_dmNomor 7 🔥🔥🔥1w1 likeReplyComment OptionsLike
wahyuni_ayu26,No. 7 👏,wahyuni_ayu26No. 7 👏1wReplyComment OptionsLike
arfanziddiq,No. 5 Tomy Tampan (TT)😎,arfanziddiqNo. 5 Tomy Tampan (TT)😎1w1 likeReplyComment OptionsLike
de.by_,No. 5🔥,de.by_No. 5🔥1w2 likesReplyComment OptionsLike
nuralam0012,No. 5,nuralam0012No. 51w1 likeReplyComment OptionsLike
arniyatiamin,No.7 katanya,arniyatiaminNo.7 katanya1wReplyComment OptionsLike
ivan_fadely,No 7 Bosque,ivan_fadelyNo 7 Bosque1wReplyComment OptionsLike
yunita_ik4,No 7 🔥,yunita_ik4No 7 🔥1wReplyComment OptionsLike
navita_yanti,No 7,navita_yantiNo 71wReplyComment OptionsLike
bicaolshop,No.7 kerennn😎,bicaolshopNo.7 kerennn😎1wReplyComment OptionsLike
radiatulaudia,No.7 donggg 🔥🔥🔥,radiatulaudiaNo.7 donggg 🔥🔥🔥1wReplyComment OptionsLike
ullymeizada,No. 7😎,ullymeizadaNo. 7😎1wReplyComment OptionsLike
uni_25,No 7 saya 🔥🔥🔥🔥 fikar dongg,uni_25No 7 saya 🔥🔥🔥🔥 fikar dongg1wReplySee translationComment OptionsLike
seznoz_,No. 7 😎🔥,seznoz_No. 7 😎🔥1wReplyComment OptionsLike
yundamalindanew_,No 7,yundamalindanew_No 71wReplyComment OptionsLike
ramli_ully_dekkeng,No. 7 bisa 😁😎,ramli_ully_dekkengNo. 7 bisa 😁😎1wReplyComment OptionsLike
ibnularabi.rahman,No 7 🔥🔥,ibnularabi.rahmanNo 7 🔥🔥1wReplyComment OptionsLike
winarsih.amin,No. 7,winarsih.aminNo. 71wReplyComment OptionsLike
fachrisdude,No 7 andalang,fachrisdudeNo 7 andalang1wReplyComment OptionsLike
qanitah98,no 7,qanitah98no 71wReplyComment OptionsLike
em_emika11,No. 7,em_emika11No. 71wReplyComment OptionsLike
quraisy_achmad,7..🔥👍,quraisy_achmad7..🔥👍1wReplyComment OptionsLike
omuchup,7,omuchup71wReplyComment OptionsLike
omuchup,Nassami 7 nakke,omuchupNassami 7 nakke1wReplyComment OptionsLike
adrz_12,Nomor  12,adrz_12Nomor  121wReplyComment OptionsLike
chan_sardy15,No 7 chef lagi gacor,chan_sardy15No 7 chef lagi gacor1wReplyComment OptionsLike
julita010783,No 5 menyalah 🔥🔥🔥,julita010783No 5 menyalah 🔥🔥🔥1wReplyComment OptionsLike
ruditacofffe01mks,No 5 menyala abangku🔥,ruditacofffe01mksNo 5 menyala abangku🔥1wReplySee translationComment OptionsLike
rf_ammangjie,Kasi Bintangnya untuk No. 7 Andalan 👍👍,rf_ammangjieKasi Bintangnya untuk No. 7 Andalan 👍👍1wReplySee translationComment OptionsLike
mitamayawati,No.7,mitamayawatiNo.71wReplyComment OptionsLike
muhalfianamri8,no 7,muhalfianamri8no 71wReplyComment OptionsLike
mytha_binolombangan,No 7 dong,mytha_binolombanganNo 7 dong1wReplyComment OptionsLike
sucifidila20_,no.5🔥🔥,sucifidila20_no.5🔥🔥1wReplyComment OptionsLike
tian_mubaraq26,No.7 🔥🔥🔥,tian_mubaraq26No.7 🔥🔥🔥1wReplyComment OptionsLike
acicocii,No 7 🔥,acicociiNo 7 🔥1wReplyComment OptionsLike
mitamayawati,No.7,mitamayawatiNo.71wReplyComment OptionsLike
dyan_hardyanti,No. 7,dyan_hardyantiNo. 71wReplyComment OptionsLike
km.viewpoint_,02 chua jiii,km.viewpoint_02 chua jiii1w1 likeReplyComment OptionsLike
andiugaaaaa_,No. 5👏🏻,andiugaaaaa_No. 5👏🏻1wReplyComment OptionsLike
febykirania,No. 1 dinatri🔥🔥🔥,febykiraniaNo. 1 dinatri🔥🔥🔥1wReplyComment OptionsLike
ndutie_cutiepie,No 1 💥💥,ndutie_cutiepieNo 1 💥💥1wReplyComment OptionsLike
muhalifridh0,No 1,muhalifridh0No 11wReplyComment OptionsLike
versatilee.official,No 1,versatilee.officialNo 11wReplyComment OptionsLike
foufou.id,No 1,foufou.idNo 11wReplyComment OptionsLike
sobatlapar__,No 1 🦖🦖🦖,sobatlapar__No 1 🦖🦖🦖1wReplyComment OptionsLike
febrianwar_sfa,No 7,febrianwar_sfaNo 71wReplyComment OptionsLike
imbran_tilolango27,7,imbran_tilolango2771wReplyComment OptionsLike
vhianaparerungan_,No. 7 bestie 🕺💃,vhianaparerungan_No. 7 bestie 🕺💃1wReplyComment OptionsLike
vicka1302,Nomor 2 🔥🔥🔥🔥,vicka1302Nomor 2 🔥🔥🔥🔥1w1 likeReplyComment OptionsLike
andrian_fdt,12 kasir terbaik 😀😀😀👏,andrian_fdt12 kasir terbaik 😀😀😀👏1wReplySee translationComment OptionsLike
jundinata,07.... my susu,jundinata07.... my susu1wReplyComment OptionsLike
dengkaraeng,"TOMMY Dongg,, No 5👍🔥","dengkaraengTOMMY Dongg,, No 5👍🔥1wReplyComment OptionsLike"
muharsalfarham,7🔥,muharsalfarham7🔥1wReplyComment OptionsLike
tri.kurniaa,No 7 🔥🔥🔥,tri.kurniaaNo 7 🔥🔥🔥1wReplyComment OptionsLike
kimjuraa,9,kimjuraa91wReplyComment OptionsLike
iermasdrmn,No. 7,iermasdrmnNo. 71w1 likeReplyComment OptionsLike
bntgputra_,7 🔥,bntgputra_7 🔥1wReplyComment OptionsLike
yuni.thomas,no 8 kasih menyala🔥,yuni.thomasno 8 kasih menyala🔥1wReplySee translationComment OptionsLike
irvan_evendy_,No 7 andalanku jie👍👍👍👍,irvan_evendy_No 7 andalanku jie👍👍👍👍1wReplyComment OptionsLike
ndhy_oi,Nomer 7 gass,ndhy_oiNomer 7 gass1wReplyComment OptionsLike
nadyarais_,No. 7 🔥🔥🔥,nadyarais_No. 7 🔥🔥🔥1wReplyComment OptionsLike
erla.n4523,Nomor 2,erla.n4523Nomor 21w1 likeReplyComment OptionsLike
najihahamirah,Nombor 7,najihahamirahNombor 71w1 likeReplyComment OptionsLike
fidiniseptiana,7 gaskeun🔥🔥,fidiniseptiana7 gaskeun🔥🔥1wReplyComment OptionsLike
m.rzky.mln,🔥🔥🔥 No 7.,m.rzky.mln🔥🔥🔥 No 7.1wReplyComment OptionsLike
jvtasptiawati_,no 8 🔥,jvtasptiawati_no 8 🔥1w1 likeReplyComment OptionsLike
niktaputri_,7🔥,niktaputri_7🔥1wReplyComment OptionsLike
_putrajt.11,No 8 kasih menyala 🔥,_putrajt.11No 8 kasih menyala 🔥1w1 likeReplySee translationComment OptionsLike
ilfan06,No 7 🔥🔥🔥,ilfan06No 7 🔥🔥🔥1wReplyComment OptionsLike
_traa.11,No 8 dong 🔥,_traa.11No 8 dong 🔥1w1 likeReplyComment OptionsLike
efendifakhriansyah,Nomor 8 dongg🔥😎,efendifakhriansyahNomor 8 dongg🔥😎1w1 likeReplyComment OptionsLike
aisyahputriana07_,No.7🔥🔥,aisyahputriana07_No.7🔥🔥1wReplyComment OptionsLike
aammii_0,7 dong🔥,aammii_07 dong🔥1wReplyComment OptionsLike
onexcropozz,No.7,onexcropozzNo.71wReplyComment OptionsLike
nurww_,No 7 dong🔥,nurww_No 7 dong🔥1wReplyComment OptionsLike
muhf.ajar24,No 7🔥🔥🔥🔥,muhf.ajar24No 7🔥🔥🔥🔥1wReplyComment OptionsLike
firaa.a___,No.7 sih no debat😎😎,firaa.a___No.7 sih no debat😎😎1wReplyComment OptionsLike
amran_arfan,Nomor 7,amran_arfanNomor 71wReplyComment OptionsLike
angelintracy,No. 9 the best,angelintracyNo. 9 the best1wReplyComment OptionsLike
muhammadihsann17,bet all in no. 9,muhammadihsann17bet all in no. 91wReplyComment OptionsLike
a.arnetaateko,9🔥,a.arnetaateko9🔥1wReplyComment OptionsLike
ekowardanaa___,No 9 🔥🔥👏👏,ekowardanaa___No 9 🔥🔥👏👏1wReplyComment OptionsLike
dwayynr,No 9😎,dwayynrNo 9😎1wReplyComment OptionsLike
dika_ptraprtama,9 🔥🔥🔥,dika_ptraprtama9 🔥🔥🔥1wReplyComment OptionsLike
auroraaepell,No 9 nyalain sendiri🔥🔥🔥🔥,auroraaepellNo 9 nyalain sendiri🔥🔥🔥🔥1wReplySee translationComment OptionsLike
_sakmal,No . 9🔥,_sakmalNo . 9🔥1wReplyComment OptionsLike
nindafebby_,No. 9 🫶,nindafebby_No. 9 🫶1wReplyComment OptionsLike
annisaaarry,9 dongggg tak terkalakan🔥🔥,annisaaarry9 dongggg tak terkalakan🔥🔥1wReplyComment OptionsLike
07_ratnadewirahim,No.9 andalan ka🔥🔥🔥,07_ratnadewirahimNo.9 andalan ka🔥🔥🔥1wReplyComment OptionsLike
fit_fira,9 paling top 👍👍👍🔥🔥🔥,fit_fira9 paling top 👍👍👍🔥🔥🔥1wReplyComment OptionsLike
mysrzlabd,MARCELLL NO.09,mysrzlabdMARCELLL NO.091wReplyComment OptionsLike
murniati_misi45,"No 9, menyala abangku🔥","murniati_misi45No 9, menyala abangku🔥1wReplySee translationComment OptionsLike"
wisssnaaaa,No. 9 🔥,wisssnaaaaNo. 9 🔥1wReplyComment OptionsLike
ariesme45_,No 9🔥,ariesme45_No 9🔥1wReplyComment OptionsLike
rosaliasesiliaasmin,9🔥,rosaliasesiliaasmin9🔥1wReplyComment OptionsLike
wulandariocaca,9 mo sy👍😎,wulandariocaca9 mo sy👍😎1wReplyComment OptionsLike
rfkynaufal,9,rfkynaufal91wReplyComment OptionsLike
viiiole2000,9,viiiole200091wReplyComment OptionsLike
annisareginaaa,NO. 9,annisareginaaaNO. 91wReplyComment OptionsLike
oliviajmarth,No 9👀,oliviajmarthNo 9👀1wReplyComment OptionsLike
megaevelin,No 9🔥🔥,megaevelinNo 9🔥🔥1wReplyComment OptionsLike
sandy_margo22,No. 9 menyala🔥,sandy_margo22No. 9 menyala🔥1wReplyComment OptionsLike
klvinn18_,9,klvinn18_91wReplyComment OptionsLike
clvnalfari,Marcelll dong No.9,clvnalfariMarcelll dong No.91wReplyComment OptionsLike
_saturnux__,NOMOR 9 GA SIH,_saturnux__NOMOR 9 GA SIH1wReplyComment OptionsLike
celiaamnda,9 🔥🔥🔥,celiaamnda9 🔥🔥🔥1wReplyComment OptionsLike
achmat98,No.9🔥🔥🔥🔥,achmat98No.9🔥🔥🔥🔥1wReplyComment OptionsLike
kakbebb_,No 9 🔥🔥🔥,kakbebb_No 9 🔥🔥🔥1wReplyComment OptionsLike
rahmawathyishak,Nomor 9 🔥🔥,rahmawathyishakNomor 9 🔥🔥1wReplyComment OptionsLike
firis.id,no 9,firis.idno 91wReplyComment OptionsLike
karmila_1199,Nmor 9 dongg,karmila_1199Nmor 9 dongg1wReplyComment OptionsLike
sndtheresia,Menyala no 9 🔥🔥,sndtheresiaMenyala no 9 🔥🔥1wReplyComment OptionsLike
vaccabond,9,vaccabond91wReplyComment OptionsLike
nade_vyzla,No. 9👍,nade_vyzlaNo. 9👍1wReplyComment OptionsLike
pallhits_st,9 jangan sampai lolos 🙌🔥🔥,pallhits_st9 jangan sampai lolos 🙌🔥🔥1wReplySee translationComment OptionsLike
keyygabriel_,nomor 9 donggg 🙌🙌🔥,keyygabriel_nomor 9 donggg 🙌🙌🔥1wReplyComment OptionsLike
au.xue,9🙌,au.xue9🙌1wReplyComment OptionsLike
gunawan_supaha,No 9🔥,gunawan_supahaNo 9🔥1wReplyComment OptionsLike
aryo.nugrahaa,No. 9🙌,aryo.nugrahaaNo. 9🙌1wReplyComment OptionsLike
k.a.t_2530,Aaaaa no. 9 andalankuuu,k.a.t_2530Aaaaa no. 9 andalankuuu1wReplyComment OptionsLike
erzafahlevi_,No 9🔥🔥🔥🔥🔥🔥,erzafahlevi_No 9🔥🔥🔥🔥🔥🔥1wReplyComment OptionsLike
michelle_ecclesia,No.9 🔥👍,michelle_ecclesiaNo.9 🔥👍1wReplyComment OptionsLike
juandymardhy,9,juandymardhy91wReplyComment OptionsLike
kaharcaka0108,Nomor 9,kaharcaka0108Nomor 91wReplyComment OptionsLike
indh_82_,No.9,indh_82_No.91wReplyComment OptionsLike
nyomb_jbgun11,Sy pilih no 7 karna konsisten dalam bekerja 👍,nyomb_jbgun11Sy pilih no 7 karna konsisten dalam bekerja 👍1wReplySee translationComment OptionsLike
nutellamoc_ca,NO.5🔥🔥🔥🔥,nutellamoc_caNO.5🔥🔥🔥🔥1wReplyComment OptionsLike
raung_trip,14,raung_trip141wReplyComment OptionsLike
mithabahri_,no 9 donggg🔥🔥,mithabahri_no 9 donggg🔥🔥1wReplyComment OptionsLike
geminigurl___,nomor 9 🔥🔥,geminigurl___nomor 9 🔥🔥1wReplyComment OptionsLike
padaidi_outdoor,14😍,padaidi_outdoor14😍1wReplyComment OptionsLike
_ariskawanda,14🔥,_ariskawanda14🔥1wReplyComment OptionsLike
rararauf,Nomor 5 🔥,rararaufNomor 5 🔥1wReplyComment OptionsLike
trifachlianisyarif,No 14😍🔥🔥🔥🔥,trifachlianisyarifNo 14😍🔥🔥🔥🔥1wReplyComment OptionsLike
finnyariani22,No 9 sih no debat 😎,finnyariani22No 9 sih no debat 😎1wReplyComment OptionsLike
fatmalafaa,7,fatmalafaa71wReplyComment OptionsLike
bang_akmal016,No 14,bang_akmal016No 141wReplyComment OptionsLike
bang_akmal016,Andalan no 14,bang_akmal016Andalan no 141wReplyComment OptionsLike
lilians.wiebe,no 9 the best,lilians.wiebeno 9 the best1wReplyComment OptionsLike
aaan28_,14🔥,aaan28_14🔥1wReplyComment OptionsLike
elsa.chyni,14,elsa.chyni141wReplyComment OptionsLike
pinrangberlibur,No.14 andalangku saya 🔥🔥🔥,pinrangberliburNo.14 andalangku saya 🔥🔥🔥1wReplyComment OptionsLike
m.sabirrr_,14,m.sabirrr_141wReplyComment OptionsLike
rehan_bro7,No 14 sih 🔥,rehan_bro7No 14 sih 🔥1wReplyComment OptionsLike
mynameisfitriii_,No.14,mynameisfitriii_No.141wReplyComment OptionsLike
andi.sirajul__,No.14,andi.sirajul__No.141wReplyComment OptionsLike
afiatyistiarini,No. 7 bestieew 😎,afiatyistiariniNo. 7 bestieew 😎1wReplyComment OptionsLike
tanetekalapadang,No. 5 🔥,tanetekalapadangNo. 5 🔥1wReplyComment OptionsLike
aul5p4m_,No 9,aul5p4m_No 91wReplyComment OptionsLike
aulqarin_,9,aulqarin_91wReplyComment OptionsLike
bang_pinokio,Nomor 14 kasih menyala🔥,bang_pinokioNomor 14 kasih menyala🔥1wReplySee translationComment OptionsLike
elfajrinn,14,elfajrinn141wReplyComment OptionsLike
makhluk_khalus,14 nyalakan tanda bahaya 🔥🔥🔥,makhluk_khalus14 nyalakan tanda bahaya 🔥🔥🔥1wReplyComment OptionsLike
rramadhnii__,7🔥🔥🔥,rramadhnii__7🔥🔥🔥1wReplyComment OptionsLike
audhytrishadela,No 9😎,audhytrishadelaNo 9😎1wReplyComment OptionsLike
fadli__wijaya,No 14 🔥🔥🔥,fadli__wijayaNo 14 🔥🔥🔥1wReplyComment OptionsLike
pngs.mh,9,pngs.mh91wReplyComment OptionsLike
velsutxx,9,velsutxx91wReplyComment OptionsLike
sultanfr_,Nassa na mi nmr 9 🔥,sultanfr_Nassa na mi nmr 9 🔥1wReplyComment OptionsLike
sunkiiistt,9!!,sunkiiistt9!!1wReplyComment OptionsLike
jeddychrisye,Pokokna saya nmor 9🔥🔥🔥,jeddychrisyePokokna saya nmor 9🔥🔥🔥1wReplyComment OptionsLike
reginamn_,No. 9,reginamn_No. 91wReplyComment OptionsLike
hr.renaldi_,no 5 nakke,hr.renaldi_no 5 nakke1wReplyComment OptionsLike
ademedhy,No 9 paling the best 🤭🤭🤭,ademedhyNo 9 paling the best 🤭🤭🤭1wReplyComment OptionsLike
ademedhy,No 10 🔥🔥🔥,ademedhyNo 10 🔥🔥🔥1wReplyComment OptionsLike
home_shoping21,No 7 andalankh 😎🔥🔥🔥,home_shoping21No 7 andalankh 😎🔥🔥🔥1wReplyComment OptionsLike
yanthirene,Andalan anak mudayya no 1 jie 🤪,yanthireneAndalan anak mudayya no 1 jie 🤪1wReplyComment OptionsLike
ucha1605,No. 7 🔥🔥🔥,ucha1605No. 7 🔥🔥🔥1wReplyComment OptionsLike
aszyfa,No.9🔥🔥🔥,aszyfaNo.9🔥🔥🔥1wReplyComment OptionsLike
rani_door16,14,rani_door16141wReplyComment OptionsLike
ulfakusumawardhani,No. 9,ulfakusumawardhaniNo. 91wReplyComment OptionsLike
faried16_,TENTUNYA NO 14 🙌,faried16_TENTUNYA NO 14 🙌1wReplyComment OptionsLike
fdhila_ila8,no.9 menyala🔥🔥🙌🙌🙌,fdhila_ila8no.9 menyala🔥🔥🙌🙌🙌1wReplyComment OptionsLike
allaboutlibraaa,No. 9 🔥🔥,allaboutlibraaaNo. 9 🔥🔥1wReplyComment OptionsLike
maming______,No 14 🙌,maming______No 14 🙌1wReplyComment OptionsLike
wahyuarianto_03,No.14🔥🔥😎,wahyuarianto_03No.14🔥🔥😎1wReplyComment OptionsLike
harism_catalogcukur,7,harism_catalogcukur71wReplyComment OptionsLike
debby.septiana,No 9 ✨🔥,debby.septianaNo 9 ✨🔥1wReplyComment OptionsLike
bangginyaa,No 14 🔥,bangginyaaNo 14 🔥1wReplyComment OptionsLike
filda_bukan_pilda,14 dongg🔥,filda_bukan_pilda14 dongg🔥1wReplyComment OptionsLike
ayusrianti.y,No. 4,ayusrianti.yNo. 41wReplyComment OptionsLike
yuliana_fy18,No 7,yuliana_fy18No 71wReplyComment OptionsLike
baitijannh_,No 4,baitijannh_No 41wReplyComment OptionsLike
muhrimba_,Menyala NO. 9🔥,muhrimba_Menyala NO. 9🔥1wReplyComment OptionsLike
mhmmdrimba,Kasih menyala NO. 9🔥🔥🔥,mhmmdrimbaKasih menyala NO. 9🔥🔥🔥1wReplySee translationComment OptionsLike
sadstoryyyyy_,No. 9 kamu KELASSSS🔥🔥🔥,sadstoryyyyy_No. 9 kamu KELASSSS🔥🔥🔥1wReplyComment OptionsLike
ruang__outdoor,no 14🔥,ruang__outdoorno 14🔥1wReplyComment OptionsLike
yandhirivandhi23,No. 7 Bos Ku jiii 🔥🔥🔥🔥Fikar Abang Kuuu,yandhirivandhi23No. 7 Bos Ku jiii 🔥🔥🔥🔥Fikar Abang Kuuu1wReplyComment OptionsLike
queenkkiieeuy_,No.9,queenkkiieeuy_No.91wReplyComment OptionsLike
riaa_202,No.9 🔥🔥,riaa_202No.9 🔥🔥1wReplyComment OptionsLike
zyiqif,No 4,zyiqifNo 41wReplyComment OptionsLike
atykaaaaaaa,no.4,atykaaaaaaano.41wReplyComment OptionsLike
winarnip,9 dong🔥🔥🔥🔥,winarnip9 dong🔥🔥🔥🔥6dReplyComment OptionsLike
itsmepttrii,13 maju kiiii🔥🔥,itsmepttrii13 maju kiiii🔥🔥6dReplyComment OptionsLike
inslstyaa__,no. 4,inslstyaa__no. 46dReplyComment OptionsLike
dincedei,No 9 👍,dincedeiNo 9 👍6dReplyComment OptionsLike
hermannurlaila907,No.9,hermannurlaila907No.96dReplyComment OptionsLike
riwayanthy3,No 4 🙌,riwayanthy3No 4 🙌6dReplyComment OptionsLike
wahyuuu.dt,14,wahyuuu.dt146dReplyComment OptionsLike
an.d.ka,No 4,an.d.kaNo 46dReplyComment OptionsLike
indahsari629.nii,9🔥🔥🔥🔥🔥🔥🔥🔥🔥,indahsari629.nii9🔥🔥🔥🔥🔥🔥🔥🔥🔥6dReplyComment OptionsLike
shannon.wj,Nomor 9🔥,shannon.wjNomor 9🔥6dReplyComment OptionsLike
sumintogkusuma,No 9 mntul,sumintogkusumaNo 9 mntul6dReplyComment OptionsLike
itsme_thyyah03,No.4,itsme_thyyah03No.46dReplyComment OptionsLike
tiaraalu_,No.7👍,tiaraalu_No.7👍6dReplyComment OptionsLike
slamethariyanto5137,Andalanku ini No.7,slamethariyanto5137Andalanku ini No.76dReplySee translationComment OptionsLike
dn.aries,No.12 andalan OUT YANTIIIIII,dn.ariesNo.12 andalan OUT YANTIIIIII6dReplyComment OptionsLike
pengelana_cintaa,No 14,pengelana_cintaaNo 146dReplyComment OptionsLike
ymim_paembonan,No. 9🔥,ymim_paembonanNo. 9🔥6dReplyComment OptionsLike
sesillherniandarii,No.9🔥,sesillherniandariiNo.9🔥6dReplyComment OptionsLike
ainunasyfh,7,ainunasyfh76dReplyComment OptionsLike
_nurbadri19,07 ok🔥,_nurbadri1907 ok🔥6dReplyComment OptionsLike
hamdakuuu_,No 7 🔥🔥,hamdakuuu_No 7 🔥🔥6dReplyComment OptionsLike
octvnnous,Apotek tutup No. 7 tidak ada obat💥💥💥,octvnnousApotek tutup No. 7 tidak ada obat💥💥💥6dReplySee translationComment OptionsLike
ayupratiwinurdin,No 7 dongg🔥🔥,ayupratiwinurdinNo 7 dongg🔥🔥6dReplyComment OptionsLike
mutma_ishakz,No. 7 🔥,mutma_ishakzNo. 7 🔥6dReplyComment OptionsLike
fadel.fachriyono,7 karna mirip Ronaldo,fadel.fachriyono7 karna mirip Ronaldo6dReplyComment OptionsLike
febyymuhtar,si cantik no 12☺️,febyymuhtarsi cantik no 12☺️6dReplyComment OptionsLike
noerfirly,No 12,noerfirlyNo 126dReplyComment OptionsLike
mhrinldy23,No 7,mhrinldy23No 76dReplyComment OptionsLike
m_agussalim17,No 7 🔥🔥👍👍,m_agussalim17No 7 🔥🔥👍👍6dReplyComment OptionsLike
letpics__,9 🔥,letpics__9 🔥6dReplyComment OptionsLike
page.lizaa,9🔥🔥🔥,page.lizaa9🔥🔥🔥6dReplyComment OptionsLike
dhia_dhyana,No. 7🔥🔥🔥,dhia_dhyanaNo. 7🔥🔥🔥6dReplyComment OptionsLike
andnrizni,No. 7🔥,andnrizniNo. 7🔥6dReplyComment OptionsLike
miyjumiiy,No 7 dong,miyjumiiyNo 7 dong6dReplyComment OptionsLike
nismachae_,No. 7🔥🔥🔥,nismachae_No. 7🔥🔥🔥6dReplyComment OptionsLike
sham.abdul,No.7,sham.abdulNo.76dReplyComment OptionsLike
andifahmmi,No. 7,andifahmmiNo. 76dReplyComment OptionsLike
gy_gamelow,14🔥,gy_gamelow14🔥6dReplyComment OptionsLike
mutheeee20,14🧡,mutheeee2014🧡6dReplyComment OptionsLike
femmyangrea,7,femmyangrea76dReplyComment OptionsLike
ivamusdalifah1,Nomer 7,ivamusdalifah1Nomer 76dReplyComment OptionsLike
a_arun26,No 4,a_arun26No 46dReplyComment OptionsLike
iland.am,No 4,iland.amNo 46dReplyComment OptionsLike
christin.bii_,Number 7..,christin.bii_Number 7..6dReplyComment OptionsLike
i_sarbakti.n,No 7🔥🔥,i_sarbakti.nNo 7🔥🔥6dReplyComment OptionsLike
capri0701_,7🔥,capri0701_7🔥6dReplyComment OptionsLike
restyhc,9 so pasti 🙌🔥🔥,restyhc9 so pasti 🙌🔥🔥6dReplyComment OptionsLike
restyhannia,nomer 9 keren🔥🔥🔥,restyhannianomer 9 keren🔥🔥🔥6dReplyComment OptionsLike
wilcukma_,No 9 wajibb🔥🔥🔥,wilcukma_No 9 wajibb🔥🔥🔥6dReplyComment OptionsLike
anrbaa,9  lah🔥🔥🔥🔥,anrbaa9  lah🔥🔥🔥🔥6dReplyComment OptionsLike
kurlaknak,No 9 yuhuu,kurlaknakNo 9 yuhuu6dReplyComment OptionsLike
kurma3114,9 ❤️❤️,kurma31149 ❤️❤️6dReplyComment OptionsLike
saldy_anugrah,No 9,saldy_anugrahNo 95dReplyComment OptionsLike
rahmadhanyy27,7🔥,rahmadhanyy277🔥5dReplyComment OptionsLike
ndarr03_,No. 7,ndarr03_No. 75dReplyComment OptionsLike
rezaa_rdian11,No 9 sih the best👍,rezaa_rdian11No 9 sih the best👍5dReplyComment OptionsLike
far_hansyahreza,Mnyala no 7 🔥🔥🔥,far_hansyahrezaMnyala no 7 🔥🔥🔥5dReplyComment OptionsLike
novitapratiwi10,No 12 😍😍🔥🔥,novitapratiwi10No 12 😍😍🔥🔥5dReplyComment OptionsLike
trswrd,No 7,trswrdNo 75dReplyComment OptionsLike
kikinurdin,No. 5 🔥,kikinurdinNo. 5 🔥5dReplyComment OptionsLike
ikra.abatasa,No 14,ikra.abatasaNo 145dReplyComment OptionsLike
adityawirawann_,Bakar no 9 🔥🧨,adityawirawann_Bakar no 9 🔥🧨5dReplyComment OptionsLike
citraaa_manis,Bakar no 9 🧨❤,citraaa_manisBakar no 9 🧨❤5dReplyComment OptionsLike
utycantikkk,Bakar no 9 🧨,utycantikkkBakar no 9 🧨5dReplyComment OptionsLike
ochhio17,No 9 🔥,ochhio17No 9 🔥5dReplyComment OptionsLike
meydatitizuhra27,No 5🔥🔥,meydatitizuhra27No 5🔥🔥5dReplyComment OptionsLike
ms.agustine,Nomor 9,ms.agustineNomor 95dReplyComment OptionsLike
andimutiarap2204,Nomor 9,andimutiarap2204Nomor 95dReplyComment OptionsLike
nungkipermanasari,Nomer 9,nungkipermanasariNomer 95dReplyComment OptionsLike
scorpichantik,Menyala 9🔥🔥🔥,scorpichantikMenyala 9🔥🔥🔥5dReplyComment OptionsLike
rismawati_abd.rahman,No 9,rismawati_abd.rahmanNo 95dReplyComment OptionsLike
cendolhjmarni,9 dong🔥🔥,cendolhjmarni9 dong🔥🔥5dReplyComment OptionsLike
hrypreloved,9 🔥,hrypreloved9 🔥5dReplyComment OptionsLike
annisaarba,9 😎,annisaarba9 😎5dReplyComment OptionsLike
nrsyamap,9 🔥🔥🔥😎,nrsyamap9 🔥🔥🔥😎5dReplyComment OptionsLike
gusti.ameliani,9🔥,gusti.ameliani9🔥5dReplyComment OptionsLike
rere_66775,9🫡,rere_667759🫡5dReplyComment OptionsLike
egasyafitriii_,No 9 andalan sihhh 🔥🔥🔥,egasyafitriii_No 9 andalan sihhh 🔥🔥🔥5dReplyComment OptionsLike
andiewin.kn,No.7 🔥,andiewin.knNo.7 🔥5dReplyComment OptionsLike
nnurulummy,9🔥,nnurulummy9🔥5dReplyComment OptionsLike
tasyabudiono_,Nomorr 9 dong,tasyabudiono_Nomorr 9 dong5dReplyComment OptionsLike
ayusuryaningsih9,🌼9🔥,ayusuryaningsih9🌼9🔥5dReplyComment OptionsLike
haerulhendrawan,7,haerulhendrawan75dReplyComment OptionsLike
ichaaxa_23,No 7,ichaaxa_23No 75dReplyComment OptionsLike
alviansese,No 7,alvianseseNo 75dReplyComment OptionsLike
mtahur,no 6 bissmillah,mtahurno 6 bissmillah5dReplyComment OptionsLike
ndusunwongndusun,No 7,ndusunwongndusunNo 75dReplyComment OptionsLike
celsyyaurianto18,No 6 🙏,celsyyaurianto18No 6 🙏5dReplyComment OptionsLike
rrakkkkk.pict,NO 5,rrakkkkk.pictNO 55dReplyComment OptionsLike
rel.lisha,NO 5🔥🔥,rel.lishaNO 5🔥🔥5dReplyComment OptionsLike
_mutiaraarfna,GASS POLLL NO 5🔥🔥,_mutiaraarfnaGASS POLLL NO 5🔥🔥5dReplyComment OptionsLike
novi.fatrua,No 05,novi.fatruaNo 055dReplyComment OptionsLike
moehammad_jibran_zidan4,5 menyala,moehammad_jibran_zidan45 menyala5dReplyComment OptionsLike
anthon_kun,No. 09,anthon_kunNo. 095dReplyComment OptionsLike
derimusri,No. 7 🔥🔥🔥🔥🔥🔥🔥,derimusriNo. 7 🔥🔥🔥🔥🔥🔥🔥5dReplyComment OptionsLike
penguin.14959,No 05,penguin.14959No 055dReplyComment OptionsLike
fittrii7227,No 5,fittrii7227No 55dReplyComment OptionsLike
deessidrs_,Up dongs No.05 😎,deessidrs_Up dongs No.05 😎5dReplyComment OptionsLike
yuliasyafitiri,No.5,yuliasyafitiriNo.55dReplyComment OptionsLike
l.sazzalipidiarta_,No.5 🔥🔥,l.sazzalipidiarta_No.5 🔥🔥5dReplyComment OptionsLike
penguin.14959,5🔥,penguin.149595🔥5dReplyComment OptionsLike
rahmasafarninfajar,No.5,rahmasafarninfajarNo.55dReplyComment OptionsLike
reyzz_231,no.6,reyzz_231no.65dReplyComment OptionsLike
mulyati_dt,No 05,mulyati_dtNo 055dReplyComment OptionsLike
suc1iiii04_,No 5,suc1iiii04_No 55dReplyComment OptionsLike
sy_mei.mei,no 9🔥,sy_mei.meino 9🔥5dReplyComment OptionsLike
cyanndaa,no 9 dong🔥,cyanndaano 9 dong🔥5dReplyComment OptionsLike
privatt_xxy,no 9😎🔥,privatt_xxyno 9😎🔥5dReplyComment OptionsLike
anggi_aja22,no 9 pastinya🔥,anggi_aja22no 9 pastinya🔥5dReplyComment OptionsLike
_citraw.putri00,No. 9🔥,_citraw.putri00No. 9🔥5dReplyComment OptionsLike
09kiwkiww__,No 5,09kiwkiww__No 55dReplyComment OptionsLike
wwwbnykousing567,No 5,wwwbnykousing567No 55dReplyComment OptionsLike
ahmdrdiansyah.a,Menyala No. 9🔥,ahmdrdiansyah.aMenyala No. 9🔥5dReplyComment OptionsLike
fredysarira,Nm 5,fredysariraNm 55dReplyComment OptionsLike
imhee17,No 05,imhee17No 055dReplyComment OptionsLike
hendracimol,No 7,hendracimolNo 75dReplyComment OptionsLike
nard_arruan,9 🔥🔥🔥🔥,nard_arruan9 🔥🔥🔥🔥5dReplyComment OptionsLike
re_re2609,No. 9,re_re2609No. 95dReplyComment OptionsLike
vlnpunyaakun,No 6🙌,vlnpunyaakunNo 6🙌5dReplyComment OptionsLike
ibnxx12_,No 5,ibnxx12_No 55dReplyComment OptionsLike
alfaidin_,No 7,alfaidin_No 75dReplyComment OptionsLike
lenox_d26,No.7,lenox_d26No.75dReplyComment OptionsLike
adzkya60,No 7,adzkya60No 75dReplyComment OptionsLike
adzkya60,No7👍,adzkya60No7👍5dReplyComment OptionsLike
wa_hyu_p,No 5,wa_hyu_pNo 55dReplyComment OptionsLike
vhianyy_13,no 9,vhianyy_13no 95dReplyComment OptionsLike
vchln_,No. 09,vchln_No. 094dReplyComment OptionsLike
aannisadheaputri,No.09,aannisadheaputriNo.094dReplyComment OptionsLike
hestiastiani,No 9,hestiastianiNo 94dReplyComment OptionsLike
seven.skwn,bakarr no 9💥,seven.skwnbakarr no 9💥4dReplyComment OptionsLike
uncle.chilli,bakar no 9💥,uncle.chillibakar no 9💥4dReplyComment OptionsLike
vibe.pixels,bakar no 9💥,vibe.pixelsbakar no 9💥4dReplyComment OptionsLike
_aziztamrin21,No.9,_aziztamrin21No.94dReplyComment OptionsLike
darwantiluttgens,No 05,darwantiluttgensNo 054dReplyComment OptionsLike
ninnaur,No 9,ninnaurNo 94dReplyComment OptionsLike
mmismii,No 9 🔥,mmismiiNo 9 🔥4dReplyComment OptionsLike
andiithaa_,No 9 sih😎,andiithaa_No 9 sih😎4dReplyComment OptionsLike
lampoc4zz,NO 05,lampoc4zzNO 054dReplyComment OptionsLike
debbymuchsin,No 05,debbymuchsinNo 054dReplyComment OptionsLike
nurulmagfira868_,No 5. 🔥,nurulmagfira868_No 5. 🔥4dReplyComment OptionsLike
nurulmagfira868_,No.5🔥,nurulmagfira868_No.5🔥4dReplyComment OptionsLike
spam__sucii04,No 5,spam__sucii04No 54dReplyComment OptionsLike
scond423,No 5,scond423No 54dReplyComment OptionsLike
sucihatibau,No 5,sucihatibauNo 54dReplyComment OptionsLike
scond809,No 5,scond809No 54dReplyComment OptionsLike
scond423,No 5,scond423No 54dReplyComment OptionsLike
bil4s,No 9🔥🔥,bil4sNo 9🔥🔥4dReplyComment OptionsLike
andibessenv,No 9,andibessenvNo 94dReplyComment OptionsLike
sucifidila26_,no.5🔥🔥🔥,sucifidila26_no.5🔥🔥🔥4dReplyComment OptionsLike
sriwulandaritheser,No. 5 🔥🔥🔥,sriwulandaritheserNo. 5 🔥🔥🔥4dReplyComment OptionsLike
wilfi_na,No. 5🔥🔥🔥,wilfi_naNo. 5🔥🔥🔥4dReplyComment OptionsLike
rdeni95,No.5🔥,rdeni95No.5🔥4dReplyComment OptionsLike
ayunizl_,No.5🔥,ayunizl_No.5🔥4dReplyComment OptionsLike
tyaputri20,No.5🔥,tyaputri20No.5🔥4dReplyComment OptionsLike
regika03,No. 6 Mantap👍,regika03No. 6 Mantap👍4dReplyComment OptionsLike
efritz.yulio.derosari,No.9 👍👍👍👍,efritz.yulio.derosariNo.9 👍👍👍👍4dReplyComment OptionsLike
deliahkhr,no.9 dong,deliahkhrno.9 dong4dReplyComment OptionsLike
andrewaugusto22,Nomor 9,andrewaugusto22Nomor 94dReplyComment OptionsLike
zahraputriaq_,Disuruh komen sama mas no 7,zahraputriaq_Disuruh komen sama mas no 74dReplyComment OptionsLike
sndrdewi_,No. 9🔥🔥🔥🔥,sndrdewi_No. 9🔥🔥🔥🔥4dReplyComment OptionsLike
nadyaulvhaaa,No. 9👍,nadyaulvhaaaNo. 9👍4dReplyComment OptionsLike
rzkydprdnta.9,9 sih,rzkydprdnta.99 sih4dReplyComment OptionsLike
advenda__,9🔥,advenda__9🔥4dReplyComment OptionsLike
melsssss15_,No. 9,melsssss15_No. 94dReplyComment OptionsLike
meirenaangeliquee._,No 9,meirenaangeliquee._No 94dReplyComment OptionsLike
virgiantiayur,No. 9,virgiantiayurNo. 94dReplyComment OptionsLike
agnesssssmoo,no.9,agnesssssmoono.94dReplyComment OptionsLike
_jkmeiirnn,No 9,_jkmeiirnnNo 94dReplyComment OptionsLike
joulescat_,Menyala no 9 🔥🔥💥,joulescat_Menyala no 9 🔥🔥💥4dReplyComment OptionsLike
piscesm3_,No.9,piscesm3_No.94dReplyComment OptionsLike
pii.kkyyy,No 9💥,pii.kkyyyNo 9💥4dReplyComment OptionsLike
4nlisa_,9 dong 🔥,4nlisa_9 dong 🔥4dReplyComment OptionsLike
__kigly,No. 9,__kiglyNo. 94dReplyComment OptionsLike
fitrytamme,No.9,fitrytammeNo.94dReplyComment OptionsLike
nyxbatzz._,no 9,nyxbatzz._no 94dReplyComment OptionsLike
eleennnnnn_,no 9,eleennnnnn_no 94dReplyComment OptionsLike
nisandnii,no.9,nisandniino.94dReplyComment OptionsLike
enueruel,9,enueruel94dReplyComment OptionsLike
reskiameelia,9,reskiameelia94dReplyComment OptionsLike
gemlian_,9,gemlian_94dReplyComment OptionsLike
bataskitaa,9,bataskitaa94dReplyComment OptionsLike
bkcraftmks,9,bkcraftmks94dReplyComment OptionsLike
ratnamas05,9,ratnamas0594dReplyComment OptionsLike
famsquad_27,9,famsquad_2794dReplyComment OptionsLike
aulia_beauty16,9,aulia_beauty1694dReplyComment OptionsLike
boben.smb,9 👍,boben.smb9 👍4dReplyComment OptionsLike
bataskitaa,9,bataskitaa94dReplyComment OptionsLike
hasyimasyhari46,No. 9,hasyimasyhari46No. 94dReplyComment OptionsLike
this_isjudyy,no 9,this_isjudyyno 94dReplyComment OptionsLike
_salmanalfarisi10,No. 9,_salmanalfarisi10No. 94dReplyComment OptionsLike
whyuukrniawann_,No.9,whyuukrniawann_No.94dReplyComment OptionsLike
gisel_joy,no 9🔥,gisel_joyno 9🔥4dReplyComment OptionsLike
haichaaa11,No. 9🔥,haichaaa11No. 9🔥4dReplyComment OptionsLike
msmnn._,no.9,msmnn._no.94dReplyComment OptionsLike
rifqiulima,9 sih💥,rifqiulima9 sih💥4dReplyComment OptionsLike
daea.n,No 9🔥,daea.nNo 9🔥4dReplyComment OptionsLike
ftimaazzhrh,no.9,ftimaazzhrhno.94dReplyComment OptionsLike
restiwyni,No.5🔥,restiwyniNo.5🔥4dReplyComment OptionsLike
itingg02,No 9,itingg02No 94dReplyComment OptionsLike
ridwanthebrandalz,No 7,ridwanthebrandalzNo 74dReplyComment OptionsLike
dailywanda___,NO.9,dailywanda___NO.94dReplyComment OptionsLike
sultan_arif16,No. 9,sultan_arif16No. 93dReplyComment OptionsLike
zayn_muh999,9🔥,zayn_muh9999🔥3dReplyComment OptionsLike
dhiyaflsha_,9,dhiyaflsha_93dReplyComment OptionsLike
fariska.rhyuw,No. 09 🔥🔥🔥,fariska.rhyuwNo. 09 🔥🔥🔥3dReplyComment OptionsLike
thelifeofputdewwww_,no.9,thelifeofputdewwww_no.93dReplyComment OptionsLike
julialeonita,No 9,julialeonitaNo 93dReplyComment OptionsLike
nurulutamiiiiii,No.9🔥,nurulutamiiiiiiNo.9🔥3dReplyComment OptionsLike
erichantsya,no. 9🔥,erichantsyano. 9🔥3dReplyComment OptionsLike
aandellll,no.9,aandellllno.93dReplyComment OptionsLike
vherazamad_,No. 9 🔥🔥,vherazamad_No. 9 🔥🔥3dReplyComment OptionsLike
ricacahyani_99,No. 9 🔥,ricacahyani_99No. 9 🔥3dReplyComment OptionsLike
dhatumlathi.png,No. 9,dhatumlathi.pngNo. 93dReplyComment OptionsLike
beibchy,No.9,beibchyNo.93dReplyComment OptionsLike
mutmainn_011,no 9🔥,mutmainn_011no 9🔥3dReplyComment OptionsLike
katharinasienaa,No.9,katharinasienaaNo.93dReplyComment OptionsLike
fharelanwarmusakkar,No. 9 🩵🩵🩵,fharelanwarmusakkarNo. 9 🩵🩵🩵3dReplyComment OptionsLike
asharifadillah23,No. 09 👍🏻🔥,asharifadillah23No. 09 👍🏻🔥3dReplyComment OptionsLike
calmenino,No 9,calmeninoNo 93dReplyComment OptionsLike
leniulianti1,no. 9 menyala abangku🔥,leniulianti1no. 9 menyala abangku🔥3dReplySee translationComment OptionsLike
stevani_smd,No.9,stevani_smdNo.93dReplyComment OptionsLike
annisagitaa_,No. 9,annisagitaa_No. 93dReplyComment OptionsLike
mghnyiinayah,9,mghnyiinayah93dReplyComment OptionsLike
pipiwwww.2,no 9 🔥,pipiwwww.2no 9 🔥3dReplyComment OptionsLike
rewiiputtt917,No.9👍,rewiiputtt917No.9👍3dReplyComment OptionsLike
dianalfn8_,9,dianalfn8_93dReplyComment OptionsLike
jordykaeng,No.9,jordykaengNo.93dReplyComment OptionsLike
allaboutyer,Number 9 👍😎,allaboutyerNumber 9 👍😎3dReplyComment OptionsLike
whoisrael_,No.9 🔥,whoisrael_No.9 🔥3dReplyComment OptionsLike
thino.30,nomor 9 🔥,thino.30nomor 9 🔥3dReplyComment OptionsLike
fsb_silvia,no.9,fsb_silviano.93dReplyComment OptionsLike
tro_cis_,No. 9,tro_cis_No. 93dReplyComment OptionsLike
geraldsingal,No. 9,geraldsingalNo. 93dReplyComment OptionsLike
gengtriltua_manado,No. 9,gengtriltua_manadoNo. 93dReplyComment OptionsLike
kdayanti___,No. 09,kdayanti___No. 093dReplyComment OptionsLike
dvhidayat8,NO. 9 🔥🔥🔥,dvhidayat8NO. 9 🔥🔥🔥3dReplyComment OptionsLike
stezmd,No.9,stezmdNo.93dReplyComment OptionsLike
ranger.blue.77,No 9 👏,ranger.blue.77No 9 👏3dReplyComment OptionsLike
mhmmdardiansyahs_,No.9🔥,mhmmdardiansyahs_No.9🔥3dReplyComment OptionsLike
adman_rifai,No.9,adman_rifaiNo.93dReplyComment OptionsLike
fadh9541,Nomor 9 👍😍,fadh9541Nomor 9 👍😍3dReplyComment OptionsLike
ando_alessandro,No 9 🔥🔥,ando_alessandroNo 9 🔥🔥3dReplyComment OptionsLike
faroozz,No. 9,faroozzNo. 93dReplyComment OptionsLike
i.arnn,no 9🔥🔥,i.arnnno 9🔥🔥3dReplyComment OptionsLike
barasahdin12,No. 9,barasahdin12No. 93dReplyComment OptionsLike
yusrifar20,Nomor 9 no debat.. Catat.! 🔥🔥,yusrifar20Nomor 9 no debat.. Catat.! 🔥🔥3dReplySee translationComment OptionsLike
andreaskaeng,No. 9,andreaskaengNo. 93dReplyComment OptionsLike
poppytriningsih,No 9 🔥,poppytriningsihNo 9 🔥3dReplyComment OptionsLike
gabrielaantika,no. 9 gas,gabrielaantikano. 9 gas3dReplyComment OptionsLike
theresiaumboh_,No. 9 Paling span🔥,theresiaumboh_No. 9 Paling span🔥3dReplyComment OptionsLike
amiruddinngerang,No.1 jiiiii🔥🔥,amiruddinngerangNo.1 jiiiii🔥🔥3dReplyComment OptionsLike
me.ndr_21,no.9,me.ndr_21no.93dReplyComment OptionsLike
_n.irfannn,No.9 😎,_n.irfannnNo.9 😎3dReplyComment OptionsLike
adnanags,9 dong,adnanags9 dong3dReplyComment OptionsLike
novia_anastasya15,No. 9,novia_anastasya15No. 93dReplyComment OptionsLike
nhy_abdrasyid,no.9 🔥,nhy_abdrasyidno.9 🔥3dReplyComment OptionsLike
anhy_asriani96,no.9 👍,anhy_asriani96no.9 👍3dReplyComment OptionsLike
sulkiflii_27,no 9 🔥,sulkiflii_27no 9 🔥3dReplyComment OptionsLike
andi.asharii,no.9,andi.ashariino.93dReplyComment OptionsLike
sandhi_xxi,No. 9🔥,sandhi_xxiNo. 9🔥3dReplyComment OptionsLike
kurokiba_yuki2530,9 dunks,kurokiba_yuki25309 dunks3dReplyComment OptionsLike
aariclet,09🙌,aariclet09🙌3dReplyComment OptionsLike
ayrahayya_rid_rukka,No.5,ayrahayya_rid_rukkaNo.53dReplyComment OptionsLike
putrantopotabuga,No.9,putrantopotabugaNo.93dReplyComment OptionsLike
ag_masipi07,No.9,ag_masipi07No.93dReplyComment OptionsLike
ruthyolandaputri_,No 9,ruthyolandaputri_No 93dReplyComment OptionsLike
srisanti_san,No 9,srisanti_sanNo 93dReplyComment OptionsLike
nurul_febrianti02,No. 9 🔥🔥🔥,nurul_febrianti02No. 9 🔥🔥🔥3dReplyComment OptionsLike
jr_chefdeshint,No. 9 👏,jr_chefdeshintNo. 9 👏3dReplyComment OptionsLike
yan.tihardiyanti,No.9 dongg andalannnnnnn gueeee😎😎,yan.tihardiyantiNo.9 dongg andalannnnnnn gueeee😎😎3dReplyComment OptionsLike
_rekaaaaaa,7 🔥,_rekaaaaaa7 🔥3dReplyComment OptionsLike
fergozz,No.9 🔥🔥,fergozzNo.9 🔥🔥3dReplyComment OptionsLike
sakinamirdamaputri,No 9 best🔥🔥🔥,sakinamirdamaputriNo 9 best🔥🔥🔥3dReplyComment OptionsLike
phita_06,9 keren,phita_069 keren3dReplyComment OptionsLike
astrisau,9 mantap🔥,astrisau9 mantap🔥3dReplyComment OptionsLike
yola_pril,No 9 keren kali🔥,yola_prilNo 9 keren kali🔥3dReplyComment OptionsLike
eyylinn_,no 9 🔥,eyylinn_no 9 🔥3dReplyComment OptionsLike
stevani_mutiara,Nomor 9🔥🔥,stevani_mutiaraNomor 9🔥🔥3dReplyComment OptionsLike
fadly.radjab,No 9 🔥🔥,fadly.radjabNo 9 🔥🔥3dReplyComment OptionsLike
grxcellent_,NOMORR 9 🔥🔥🔥,grxcellent_NOMORR 9 🔥🔥🔥3dReplyComment OptionsLike
grxcellent_,9 🔥,grxcellent_9 🔥3dReplyComment OptionsLike
sisiliakumala,No 9 🤟🏻🔥,sisiliakumalaNo 9 🤟🏻🔥3dReplyComment OptionsLike
nurhikma_k,Nomor 9🔥,nurhikma_kNomor 9🔥2dReplyComment OptionsLike
x3la____,Nomor 3😎,x3la____Nomor 3😎2dReplyComment OptionsLike
muhammadguntur404,No 7 andalan,muhammadguntur404No 7 andalan2dReplyComment OptionsLike
laelyaasebiaa,02🔥🔥🔥🔥,laelyaasebiaa02🔥🔥🔥🔥2dReplyComment OptionsLike
n4yaae3,01😎😎😎,n4yaae301😎😎😎2dReplyComment OptionsLike
lovmcdd,06,lovmcdd062dReplyComment OptionsLike
fruitwister,05 🔥🔥🔥,fruitwister05 🔥🔥🔥2dReplyComment OptionsLike
mikhaamanda,No. 7,mikhaamandaNo. 72dReplyComment OptionsLike
dirggea,Vote 12 🔥🔥,dirggeaVote 12 🔥🔥2dReplyComment OptionsLike
musikaprojectreal,1 👏,musikaprojectreal1 👏2dReplyComment OptionsLike
arbgcr134,9,arbgcr13492dReplyComment OptionsLike
oljhu,9999999,oljhu99999992dReplyComment OptionsLike
muhariqq,9 Letsgooo 🔥🔥🔥,muhariqq9 Letsgooo 🔥🔥🔥2dReplyComment OptionsLike
sakuravillagemks,9!!!!,sakuravillagemks9!!!!2dReplyComment OptionsLike
marr.sayyaf,9,marr.sayyaf92dReplyComment OptionsLike
tzm_makassar,9,tzm_makassar92dReplyComment OptionsLike
fadjrulmus_,9,fadjrulmus_92dReplyComment OptionsLike
dillahmus_,09,dillahmus_092dReplyComment OptionsLike
fhaarifha,No.09🔥,fhaarifhaNo.09🔥2dReplyComment OptionsLike
pps_tamamaung,09 🔥🔥🔥,pps_tamamaung09 🔥🔥🔥2dReplyComment OptionsLike
ayuuwahyy,Menyala bossku No 09 jii😎,ayuuwahyyMenyala bossku No 09 jii😎2dReplyComment OptionsLike
inditaindriani,No 9🔥,inditaindrianiNo 9🔥2dReplyComment OptionsLike
celinawuy,999,celinawuy9991dReplyComment OptionsLike
waa.ann_,No 9,waa.ann_No 91dReplyComment OptionsLike
lilly.lianaa,No 9🔥🔥,lilly.lianaaNo 9🔥🔥1dReplyComment OptionsLike
myhad0873900r72h4668,No. 9 sihh mantapp,myhad0873900r72h4668No. 9 sihh mantapp1dReplyComment OptionsLike
dribel___,No 9 meletusss🔥🔥🔥,dribel___No 9 meletusss🔥🔥🔥1dReplyComment OptionsLike
_anurulfajriii,No.9 sih 🔥,_anurulfajriiiNo.9 sih 🔥1dReplyComment OptionsLike
priyayiputri,Menyala 9🔥🔥,priyayiputriMenyala 9🔥🔥1dReplyComment OptionsLike
21sweettyy_,no.05 anti redup,21sweettyy_no.05 anti redup1dReplyComment OptionsLike
_aryaaprtma,menyalaaa no 12🔥🔥🔥,_aryaaprtmamenyalaaa no 12🔥🔥🔥1dReplyComment OptionsLike
zidanealkahf,12,zidanealkahf121dReplyComment OptionsLike
fajaralmuqtadr,12🔥,fajaralmuqtadr12🔥1dReplyComment OptionsLike
gilang_rahmadan17,No. 7🔥,gilang_rahmadan17No. 7🔥1dReplyComment OptionsLike
annizapm,9,annizapm91dReplyComment OptionsLike
terkuncih,9,terkuncih91dReplyComment OptionsLike
fangirlea,9,fangirlea91dReplyComment OptionsLike
_nicanss,No 05,_nicanssNo 051dReplyComment OptionsLike
faizahh57,No 5,faizahh57No 51dReplyComment OptionsLike
_nurilhamj,No. 9😎😎,_nurilhamjNo. 9😎😎8hReplyComment OptionsLike
lorensius_seto,No.9 🔥🔥🔥,lorensius_setoNo.9 🔥🔥🔥8hReplyComment OptionsLike
nolepbgtt,No.9,nolepbgttNo.97hReplyComment OptionsLike
syfar_04,No. 9😎,syfar_04No. 9😎7hReplyComment OptionsLike
stevenveliex,9,stevenveliex97hReplyComment OptionsLike
vaaannn24,9🔥🔥,vaaannn249🔥🔥7hReplyComment OptionsLike
syrsyr__,Si 9 kelass 🔥,syrsyr__Si 9 kelass 🔥7hReplyComment OptionsLike
nurulismaaa_,No.9 🔥🔥🔥,nurulismaaa_No.9 🔥🔥🔥7hReplyComment OptionsLike
amirah.ajaa,No 9 dong🔥🔥,amirah.ajaaNo 9 dong🔥🔥7hReplyComment OptionsLike
khaicici,9 🙌,khaicici9 🙌7hReplyComment OptionsLike
saisyahe,No 9. 🔥,saisyaheNo 9. 🔥6hReplyComment OptionsLike
fidyaafr,9,fidyaafr95hReplyComment OptionsLike
siismy,No. 9 dong,siismyNo. 9 dong4hReplyComment OptionsLike
jiihanmr,No.9 🔥🔥,jiihanmrNo.9 🔥🔥3hReplyComment OptionsLike
rfrnsiska,9 huhaaa🔥🔥🔥,rfrnsiska9 huhaaa🔥🔥🔥56mReplyComment OptionsLike
ammhy27,no 9,ammhy27no 948mReplyComment OptionsLike
lyndpspta,No 13 kak Desi 🔥,lyndpsptaNo 13 kak Desi 🔥1wReplyComment OptionsLike
mira_huha,No. 14😍🔥🔥🔥🔥,mira_huhaNo. 14😍🔥🔥🔥🔥1wReplyComment OptionsLike
vemy4890,No 1,vemy4890No 11w3 likesReplyComment OptionsLike
__ahmadjisaja,All in no.14,__ahmadjisajaAll in no.141wReplyComment OptionsLike
yudibaihaki,14,yudibaihaki141wReplyComment OptionsLike
asniyatikajol,No 11 🔥..adiksss jie. Hahaha maafkan ma besti ku 😂 wkwkwkw,asniyatikajolNo 11 🔥..adiksss jie. Hahaha maafkan ma besti ku 😂 wkwkwkw1wReplyComment OptionsLike
aziss_,11 🔥🔥🔥,aziss_11 🔥🔥🔥1wReplyComment OptionsLike
ichie_dapur_chies,01,ichie_dapur_chies011w2 likesReplyComment OptionsLike
iqbal_beccu,14.😎,iqbal_beccu14.😎1wReplyComment OptionsLike
yusrilihsamahendraa,No.14🔥🙌,yusrilihsamahendraaNo.14🔥🙌1wReplyComment OptionsLike
putripandan.risperidon2mg_,No. 14❤️,putripandan.risperidon2mg_No. 14❤️1wReplyComment OptionsLike
acells._,"no 11 andalan ku, om tersayang🔥🔥","acells._no 11 andalan ku, om tersayang🔥🔥1wReplySee translationComment OptionsLike"
syiii_paaa_,no 11 mo sy,syiii_paaa_no 11 mo sy1w1 likeReplyComment OptionsLike
mhmmd_nurhdyttt,All in 14,mhmmd_nurhdytttAll in 141wReplyComment OptionsLike
tijho_hs,No. 11 Menyala adikks 🔥🔥🔥 @onkeljohnscoffee,tijho_hsNo. 11 Menyala adikks 🔥🔥🔥 @onkeljohnscoffee1wReplyComment OptionsLike
amel_fya,2 menyala🔥🔥🔥🔥,amel_fya2 menyala🔥🔥🔥🔥1w1 likeReplyComment OptionsLike
kiani_anie,No 11 andalan nya ibu ibu Asmaul Husna 😂,kiani_anieNo 11 andalan nya ibu ibu Asmaul Husna 😂1wReplySee translationComment OptionsLike
rrskaaaaaaaaa,No 2🔥🔥🔥🔥,rrskaaaaaaaaaNo 2🔥🔥🔥🔥1w1 likeReplyComment OptionsLike
minhy0910,No. 11  bismillah 💪🏻😄,minhy0910No. 11  bismillah 💪🏻😄1wReplyComment OptionsLike
viqrumbayan91,All in 02,viqrumbayan91All in 021w1 likeReplyComment OptionsLike
abdllhh.alikhls,no14,abdllhh.alikhlsno141wReplyComment OptionsLike
bolllaaaaaa,No. 11 mendreee 🔥,bolllaaaaaaNo. 11 mendreee 🔥1wReplyComment OptionsLike
aira_makeup,Nomor 11 🔥,aira_makeupNomor 11 🔥1wReplyComment OptionsLike
irnaaakmladpii,No 2🔥,irnaaakmladpiiNo 2🔥1w1 likeReplyComment OptionsLike
bunbuns25,Cuaaaaaa 2 ✌,bunbuns25Cuaaaaaa 2 ✌1w1 likeReplyComment OptionsLike
citaaaaa75,2💪💥,citaaaaa752💪💥1w1 likeReplyComment OptionsLike
zaenal_el,14,zaenal_el141wReplyComment OptionsLike
djyohanaisne,No 2 guys,djyohanaisneNo 2 guys1w1 likeReplyComment OptionsLike
ahriantiputri,14 no debat🔥🔥🔥,ahriantiputri14 no debat🔥🔥🔥1wReplyComment OptionsLike
wati.jusra,No.11 menyala 🔥🔥the best,wati.jusraNo.11 menyala 🔥🔥the best1wReplyComment OptionsLike
taccaa17,02🙌,taccaa1702🙌1w1 likeReplyComment OptionsLike
intan.raharusun,No.14 ji andalanku🔥🔥,intan.raharusunNo.14 ji andalanku🔥🔥1wReplyComment OptionsLike
zakiraisyahzayyan,No 11 adikksss  the best 🥰,zakiraisyahzayyanNo 11 adikksss  the best 🥰1wReplyComment OptionsLike
icaa_natasyaa1,02 andalanku sepanjang masaaaa,icaa_natasyaa102 andalanku sepanjang masaaaa1w1 likeReplySee translationComment OptionsLike
muhammad_alwi1,14. Karena lucu dan baek tawwa melayani,muhammad_alwi114. Karena lucu dan baek tawwa melayani1wReplySee translationComment OptionsLike
uwie_chuby,No. 2 semangattt chuaaa,uwie_chubyNo. 2 semangattt chuaaa1w1 likeReplyComment OptionsLike
farideepuniet,No. 14 👌,farideepunietNo. 14 👌1wReplyComment OptionsLike
rusdiaman_,No 2 🔥,rusdiaman_No 2 🔥1w1 likeReplyComment OptionsLike
__mitaaenriyani,2🔥,__mitaaenriyani2🔥1w1 likeReplyComment OptionsLike
pergimainndpulang,12 andalan ku kak yantii,pergimainndpulang12 andalan ku kak yantii1wReplyComment OptionsLike
adriansyah03,No 1,adriansyah03No 11w1 likeReplyComment OptionsLike
bangwan024,No 14🔥🔥🔥,bangwan024No 14🔥🔥🔥1wReplyComment OptionsLike
santigi_adv,no .14,santigi_advno .141wReplyComment OptionsLike
cintaaa20001,2🔥🔥,cintaaa200012🔥🔥1w1 likeReplyComment OptionsLike
nisa.rung,2🔥,nisa.rung2🔥1w1 likeReplyComment OptionsLike
rgelps_,2 menyalah🔥,rgelps_2 menyalah🔥1w1 likeReplyComment OptionsLike
bhayu_zulkarnain,No.14 🔥,bhayu_zulkarnainNo.14 🔥1wReplyComment OptionsLike
bugis.amerika,2🔥 menyala,bugis.amerika2🔥 menyala1w1 likeReplyComment OptionsLike
nurhaerika27,No 2 🔥,nurhaerika27No 2 🔥1w1 likeReplyComment OptionsLike
mhd_singkerruu,02 tetap dihati 😘😘,mhd_singkerruu02 tetap dihati 😘😘1w1 likeReplyComment OptionsLike
chacha_5465,2👏🔥,chacha_54652👏🔥1w1 likeReplyComment OptionsLike
darma_jie3,2🔥🔥🔥,darma_jie32🔥🔥🔥1w1 likeReplyComment OptionsLike
andiii.wahyuuu,Dpt sogokan dri no 2 pfftt,andiii.wahyuuuDpt sogokan dri no 2 pfftt1w1 likeReplyComment OptionsLike
chuakurniawan,@andiii.wahyuuu 🤣,chuakurniawan@andiii.wahyuuu 🤣1wReplyComment OptionsLike
nrlfadillahrb18_,No 2🔥🔥,nrlfadillahrb18_No 2🔥🔥1w1 likeReplyComment OptionsLike
dimas_g5,2 gass🔥,dimas_g52 gass🔥1w1 likeReplyComment OptionsLike
bundqee_81,No. 7 🔥🔥,bundqee_81No. 7 🔥🔥1wReplyComment OptionsLike
cevelyn.96,No. 1,cevelyn.96No. 11w1 likeReplyComment OptionsLike
gollagolla_,No. 14 🔥,gollagolla_No. 14 🔥1wReplyComment OptionsLike
rmadhan.03,14 🔥,rmadhan.0314 🔥1wReplyComment OptionsLike
glngramz,14🔥,glngramz14🔥1wReplyComment OptionsLike
andiriri_ocha_15,No.1 the best🤩,andiriri_ocha_15No.1 the best🤩1w3 likesReplyComment OptionsLike
randhy_nusa_,No. 14🙌,randhy_nusa_No. 14🙌1wReplyComment OptionsLike
chaa_moo98,No 1🔥🔥,chaa_moo98No 1🔥🔥1w3 likesReplyComment OptionsLike
uneizka_une,No 1 DINATRI 🔥🔥🔥,uneizka_uneNo 1 DINATRI 🔥🔥🔥1w2 likesReplyComment OptionsLike
yanti_yl96,01 Danatri 👏🔥,yanti_yl9601 Danatri 👏🔥1w2 likesReplyComment OptionsLike
sitti_fatimaasyaharah,No 1🔥,sitti_fatimaasyaharahNo 1🔥1w2 likesReplyComment OptionsLike
ipoel_dya,12....yanti sdh syantik...baik lagi...sukses sll,ipoel_dya12....yanti sdh syantik...baik lagi...sukses sll1w1 likeReplySee translationComment OptionsLike
nandhaputrii_,NO.14😍🔥,nandhaputrii_NO.14😍🔥1wReplyComment OptionsLike
juan_siregar007,01🔥🔥,juan_siregar00701🔥🔥1w2 likesReplyComment OptionsLike
pandasmba24,01 Dinatrie,pandasmba2401 Dinatrie1w2 likesReplyComment OptionsLike
bncit__,01 Dinatri,bncit__01 Dinatri1w2 likesReplyComment OptionsLike
mittong___,1 Dinarti 🔥🔥,mittong___1 Dinarti 🔥🔥1w3 likesReplyComment OptionsLike
arsan_wen,01 🔥,arsan_wen01 🔥1w2 likesReplyComment OptionsLike
rifky_hidayatullah132,Nomor 1🔥🔥,rifky_hidayatullah132Nomor 1🔥🔥1w2 likesReplyComment OptionsLike
_tiwiqq,01 selalu di hati ❤️🔥,_tiwiqq01 selalu di hati ❤️🔥1w2 likesReplyComment OptionsLike
masrz149,01 👏👏,masrz14901 👏👏1w2 likesReplyComment OptionsLike
18alkahf,01 Dinatrie🔥🔥🔥,18alkahf01 Dinatrie🔥🔥🔥1w2 likesReplyComment OptionsLike
soklat81,12🔥,soklat8112🔥1wReplyComment OptionsLike
kegi0109,No 1 Ter dhabesttt yuhuu🔥🔥🔥,kegi0109No 1 Ter dhabesttt yuhuu🔥🔥🔥1w2 likesReplyComment OptionsLike
f4uuz1_29,01 Dinatrie🔥🔥,f4uuz1_2901 Dinatrie🔥🔥1w3 likesReplyComment OptionsLike
satria.wiradhika,1🔥🔥🔥🔥,satria.wiradhika1🔥🔥🔥🔥1w2 likesReplyComment OptionsLike
nirwana2980,No 01🥰,nirwana2980No 01🥰1w1 likeReplyComment OptionsLike
chrl2842,1,chrl284211w2 likesReplyComment OptionsLike
saldy29,No. 2 kandayya 🙌,saldy29No. 2 kandayya 🙌1w2 likesReplyComment OptionsLike
sangmane_toraja05,1 dinatri🔥,sangmane_toraja051 dinatri🔥1w2 likesReplyComment OptionsLike
blogrc.ris,01  Dinatri🔥🔥,blogrc.ris01  Dinatri🔥🔥1w2 likesReplyComment OptionsLike
dimasriyanmaulana25,01 Dinatri,dimasriyanmaulana2501 Dinatri1w2 likesReplyComment OptionsLike
bom_zouw_tyo,No.1 menyala🔥🔥,bom_zouw_tyoNo.1 menyala🔥🔥1w2 likesReplyComment OptionsLike
btinas_dramo,Menyala Dinatri👏👏,btinas_dramoMenyala Dinatri👏👏1w2 likesReplyComment OptionsLike
maryammaryam1813,01 Dinatri donk,maryammaryam181301 Dinatri donk1w2 likesReplyComment OptionsLike
fendiweripih,01 Dinarti,fendiweripih01 Dinarti1w2 likesReplyComment OptionsLike
ko2_al,No 1 dungs pastinya🔥🔥,ko2_alNo 1 dungs pastinya🔥🔥1w2 likesReplyComment OptionsLike
pearlwhalee_,No 1 dinatrie,pearlwhalee_No 1 dinatrie1w2 likesReplyComment OptionsLike
yogasmarawr,All in 14 budhe Anggi,yogasmarawrAll in 14 budhe Anggi1wReplyComment OptionsLike
felyx_jerry,01 Dinatri,felyx_jerry01 Dinatri1w1 likeReplyComment OptionsLike
ulfiiyyy__,No.14🔥🔥,ulfiiyyy__No.14🔥🔥1wReplyComment OptionsLike
tikus_pengelana,14..,tikus_pengelana14..1wReplyComment OptionsLike
debrirmdn_,01 dinatri🔥,debrirmdn_01 dinatri🔥1w1 likeReplyComment OptionsLike
alyslbl_,No 1.Dinatri,alyslbl_No 1.Dinatri1w1 likeReplyComment OptionsLike
go_riori0,01. Dinatrie,go_riori001. Dinatrie1w1 likeReplyComment OptionsLike
lydia.iskandar.756,Dinatri 👍👍👍💪💪💪No.1 menyala sayang 🔥🔥🔥😘😘😘,lydia.iskandar.756Dinatri 👍👍👍💪💪💪No.1 menyala sayang 🔥🔥🔥😘😘😘1w1 likeReplyComment OptionsLike
coklatemilk_09,No 1,coklatemilk_09No 11w1 likeReplyComment OptionsLike
mr.bena05,01. Dinatrie,mr.bena0501. Dinatrie1w1 likeReplyComment OptionsLike
graphitor,No. 1. Meledhaaq 💥💥,graphitorNo. 1. Meledhaaq 💥💥1w2 likesReplyComment OptionsLike
id_713,No 1,id_713No 11w1 likeReplyComment OptionsLike
sutra_poetra,Nyalakan No. 13 🔥🔥🔥,sutra_poetraNyalakan No. 13 🔥🔥🔥1wReplyComment OptionsLike
chachaaa1929,No.1 smoga menang yak kk,chachaaa1929No.1 smoga menang yak kk1w2 likesReplyComment OptionsLike
mhmmdjulio0,No 1 Dinatri,mhmmdjulio0No 1 Dinatri1w2 likesReplyComment OptionsLike
queen.ozawa.reall,01.DINARTI,queen.ozawa.reall01.DINARTI1w3 likesReplyComment OptionsLike
vhia04_,01 DINATRI menyala abangku🔥🔥🔥🔥,vhia04_01 DINATRI menyala abangku🔥🔥🔥🔥1w2 likesReplyComment OptionsLike
dewao6,13 Desi😍😍😍😍😍😍😍😍😍😍😍,dewao613 Desi😍😍😍😍😍😍😍😍😍😍😍1wReplyComment OptionsLike
wawan_aries29,No 1 seng ada lawang,wawan_aries29No 1 seng ada lawang1w2 likesReplyComment OptionsLike
dn.aries,@wawan_aries29 😂,dn.aries@wawan_aries29 😂1wReplyComment OptionsLike
rskn_0x,13🔥,rskn_0x13🔥1wReplyComment OptionsLike
iiann01,No. 2 manyala,iiann01No. 2 manyala1w1 likeReplyComment OptionsLike
rismaputrilestari93,2🔥,rismaputrilestari932🔥1w1 likeReplyComment OptionsLike
novi_ariyanti22,13 menyalaaaa Desi 🔥🔥,novi_ariyanti2213 menyalaaaa Desi 🔥🔥1wReplyComment OptionsLike
nelaahanin,menyala nomor 2 🔥,nelaahaninmenyala nomor 2 🔥1w1 likeReplySee translationComment OptionsLike
ikantenggelam99_,01,ikantenggelam99_011wReplyComment OptionsLike
misidepobangunan,Bismillah no 2👏,misidepobangunanBismillah no 2👏1w1 likeReplyComment OptionsLike
eman.terimakasih,2🔥,eman.terimakasih2🔥1w1 likeReplyComment OptionsLike
rubeenasky,01🔥🔥🔥,rubeenasky01🔥🔥🔥1wReplyComment OptionsLike
onassismisidepo,Pokoknya no 2 🔥🔥🔥🔥🔥,onassismisidepoPokoknya no 2 🔥🔥🔥🔥🔥1w1 likeReplyComment OptionsLike
onassismisidepo,No. 2 yah 👏👏,onassismisidepoNo. 2 yah 👏👏1w1 likeReplyComment OptionsLike
ulaymuliawardana,"No 12 selalu d hati dan selalu d nanti 😍... Semoga sukses selalu, Yanti AndanG ku 😂","ulaymuliawardanaNo 12 selalu d hati dan selalu d nanti 😍... Semoga sukses selalu, Yanti AndanG ku 😂1wReplySee translationComment OptionsLike"
andifatma0685,No 2 🙌👏,andifatma0685No 2 🙌👏1w1 likeReplyComment OptionsLike
ulhyalika,Barista andalan ini no 2👏,ulhyalikaBarista andalan ini no 2👏1w1 likeReplySee translationComment OptionsLike
arfandhikizz,12 yanti 👍,arfandhikizz12 yanti 👍1wReplyComment OptionsLike
finniariani,12 dong 🤗,finniariani12 dong 🤗1wReplyComment OptionsLike
rizukazee0,Nomor 1 Dinartii 🔥🔥🔥🔥,rizukazee0Nomor 1 Dinartii 🔥🔥🔥🔥1w1 likeReplyComment OptionsLike
novian_helmi,No 12 Yanti 🔥🔥,novian_helmiNo 12 Yanti 🔥🔥1wReplyComment OptionsLike
sulhan_0883,Saya mau perubahan No urut 12,sulhan_0883Saya mau perubahan No urut 121w1 likeReplySee translationComment OptionsLike
ismail_grib_jaya_sulsel,No 2ji boska🔥,ismail_grib_jaya_sulselNo 2ji boska🔥1w1 likeReplyComment OptionsLike
ansir_muhammad,No 2 fix🔥,ansir_muhammadNo 2 fix🔥1w1 likeReplyComment OptionsLike
theo_bherlin,"No 13 , Menyala abangq 🔥🔥🔥","theo_bherlinNo 13 , Menyala abangq 🔥🔥🔥1wReplyComment OptionsLike"
ipoel_dya,13...👏,ipoel_dya13...👏1wReplyComment OptionsLike
alpinmondai6,Nomor 5 menyala🔥,alpinmondai6Nomor 5 menyala🔥1w2 likesReplySee translationComment OptionsLike
hamzahsiwonchoi,No 2 Selalu di hati 🔥🥰,hamzahsiwonchoiNo 2 Selalu di hati 🔥🥰1w1 likeReplySee translationComment OptionsLike
mihra0301,No 1 dinatri 🔥,mihra0301No 1 dinatri 🔥1w1 likeReplyComment OptionsLike
andiraraindra,nomor 5!! kak tommy🔥🔥,andiraraindranomor 5!! kak tommy🔥🔥1w1 likeReplySee translationComment OptionsLike
myaikoaira.kei,No. 5 🔥🔥,myaikoaira.keiNo. 5 🔥🔥1w1 likeReplyComment OptionsLike
nurhidayatmalik,No 05 🔥🔥🔥,nurhidayatmalikNo 05 🔥🔥🔥1w1 likeReplyComment OptionsLike
_ayhacapricorn_,No 5 sy andalanku🔥🔥,_ayhacapricorn_No 5 sy andalanku🔥🔥1w2 likesReplyComment OptionsLike
zenhya.aa,No 5 andalan ka🔥🔥,zenhya.aaNo 5 andalan ka🔥🔥1w1 likeReplyComment OptionsLike
raniiiiiii__s,Nomor5!!🔥🔥,raniiiiiii__sNomor5!!🔥🔥1w1 likeReplyComment OptionsLike
tinii026,Nomor 5 🔥🔥🔥🖤🖤,tinii026Nomor 5 🔥🔥🔥🖤🖤1w1 likeReplyComment OptionsLike
jesicadatuu,No.1 😊,jesicadatuuNo.1 😊1wReplyComment OptionsLike
appe_45,Nomer 5🔥,appe_45Nomer 5🔥1w1 likeReplyComment OptionsLike
datieznph,No.5 kak tommy,datieznphNo.5 kak tommy1w1 likeReplyComment OptionsLike
nanisenyum,No 5 🔥🔥🔥 menyala,nanisenyumNo 5 🔥🔥🔥 menyala1w1 likeReplyComment OptionsLike
mellauliaa,No 5 andalang,mellauliaaNo 5 andalang1w1 likeReplyComment OptionsLike
elaaa0709,No 9 Moh andalan kah 🔥,elaaa0709No 9 Moh andalan kah 🔥1wReplyComment OptionsLike
_rianyyny,No 5 terbaik🔥🔥🔥,_rianyynyNo 5 terbaik🔥🔥🔥1w1 likeReplyComment OptionsLike
sahriani1800,No. 5 dong andalanka😍,sahriani1800No. 5 dong andalanka😍1w2 likesReplyComment OptionsLike
ahmadmoo__,Nmr 5 👏👏👏👏👏🔥,ahmadmoo__Nmr 5 👏👏👏👏👏🔥1w1 likeReplyComment OptionsLike
herlinasupriyadi,No. 9 aja,herlinasupriyadiNo. 9 aja1wReplyComment OptionsLike
o0rel__,no 9,o0rel__no 91wReplyComment OptionsLike
rismawt259,No 9.🔥,rismawt259No 9.🔥1wReplyComment OptionsLike
nurres__,No. 9,nurres__No. 91wReplyComment OptionsLike
anisaa_meidayanti,2🔥🔥🔥😎,anisaa_meidayanti2🔥🔥🔥😎1w1 likeReplyComment OptionsLike
nuc.caa,No.9 andalann🔥🔥🔥🙌,nuc.caaNo.9 andalann🔥🔥🔥🙌1wReplyComment OptionsLike
anisaa__latifa,2🔥,anisaa__latifa2🔥1w1 likeReplyComment OptionsLike
arieskil_nine,Nmor 5 menyalaaa abang kuu 🔥🔥🔥🤩,arieskil_nineNmor 5 menyalaaa abang kuu 🔥🔥🔥🤩1w1 likeReplyComment OptionsLike
agungrendy99,No 13,agungrendy99No 131wReplyComment OptionsLike
_hikmaa.aa,no 9 🔥🔥🔥,_hikmaa.aano 9 🔥🔥🔥1wReplyComment OptionsLike
njiaaa7,No. 9 🔥🔥🔥,njiaaa7No. 9 🔥🔥🔥1wReplyComment OptionsLike
callmecitra97,No 9 🙂,callmecitra97No 9 🙂1wReplyComment OptionsLike
tonra_90crazydirigent,Nmr 5 ajami,tonra_90crazydirigentNmr 5 ajami1w1 likeReplyComment OptionsLike
3ricayydumps_,no 9 donggg andalann bangettt😍,3ricayydumps_no 9 donggg andalann bangettt😍1wReplyComment OptionsLike
ericaamaliahhid_,aku sihh no 9💋,ericaamaliahhid_aku sihh no 9💋1wReplyComment OptionsLike
kikybrliana__,No.9  sayaaaa🔥,kikybrliana__No.9  sayaaaa🔥1wReplyComment OptionsLike
ashari.baharuddin,no 12 🔥,ashari.baharuddinno 12 🔥1wReplyComment OptionsLike
raymond_tauntu,No 5 Tommy,raymond_tauntuNo 5 Tommy1w1 likeReplyComment OptionsLike
nurhalidaa_05,No 9🔥,nurhalidaa_05No 9🔥1wReplyComment OptionsLike
anr_khy,No.9 andalan 🔥🔥🔥,anr_khyNo.9 andalan 🔥🔥🔥1wReplyComment OptionsLike
nrdianaaaaaaaaaaa,No 9🔥🔥,nrdianaaaaaaaaaaaNo 9🔥🔥1wReplyComment OptionsLike
febriyantithamrin,No.9 🔥🔥,febriyantithamrinNo.9 🔥🔥1wReplyComment OptionsLike
putri.mza,No 9 ❗️❗️❗️,putri.mzaNo 9 ❗️❗️❗️1wReplyComment OptionsLike
moncheritk,go with 9!!!,moncheritkgo with 9!!!1wReplyComment OptionsLike
rsminarmli,no 9🔥,rsminarmlino 9🔥1wReplyComment OptionsLike
dewiandika18,9 donk🔥,dewiandika189 donk🔥1wReplyComment OptionsLike
dewiandika18,No 9 🔥,dewiandika18No 9 🔥1wReplyComment OptionsLike
kekecilang,Pastinya Nomor 9 ku vote 9x,kekecilangPastinya Nomor 9 ku vote 9x1wReplySee translationComment OptionsLike
fhirdaaaa,No.9🔥,fhirdaaaaNo.9🔥1wReplyComment OptionsLike
annizaazzahra29,No 9 dong,annizaazzahra29No 9 dong1wReplyComment OptionsLike
queen_ngemil,No 9 🔥,queen_ngemilNo 9 🔥1wReplyComment OptionsLike
mfdymtsrnnd,No 2 🔥🔥🔥,mfdymtsrnndNo 2 🔥🔥🔥1w1 likeReplyComment OptionsLike
dewipalloan,No. 11,dewipalloanNo. 111wReplyComment OptionsLike
dewipalloan,No. 11,dewipalloanNo. 111wReplyComment OptionsLike
akbar111187,No 5 🔥🔥🔥🔥,akbar111187No 5 🔥🔥🔥🔥1w1 likeReplyComment OptionsLike
2313overused,no 12 panutan ku😍,2313overusedno 12 panutan ku😍1wReplyComment OptionsLike
arie.king_king,No. 9,arie.king_kingNo. 91wReplyComment OptionsLike
bolang2460,No 2 😍,bolang2460No 2 😍1w1 likeReplyComment OptionsLike
jastipbulukumbamks,No.9 marcel🔥,jastipbulukumbamksNo.9 marcel🔥1wReplyComment OptionsLike
aebelindaa,No.9 marcell👏👏,aebelindaaNo.9 marcell👏👏1wReplyComment OptionsLike
rndeeeap,No.5🔥🔥🔥,rndeeeapNo.5🔥🔥🔥1w1 likeReplyComment OptionsLike
kaiwife97,No.5🔥🔥🔥🔥,kaiwife97No.5🔥🔥🔥🔥1w1 likeReplyComment OptionsLike
rosiindrianii_2005,No.5🔥,rosiindrianii_2005No.5🔥1w1 likeReplyComment OptionsLike
sarii_caniagoo,no.5🔥,sarii_caniagoono.5🔥1w1 likeReplyComment OptionsLike
rinafebrisa07,no.5🔥,rinafebrisa07no.5🔥1w1 likeReplyComment OptionsLike
ashar_shino_khami,⁹🔥,ashar_shino_khami⁹🔥1wReplyComment OptionsLike
taekoofrh,9,taekoofrh91wReplyComment OptionsLike
farahthifa,9,farahthifa91wReplyComment OptionsLike
marselindah_,No. 9,marselindah_No. 91wReplyComment OptionsLike
succie_21,No.5🔥🔥,succie_21No.5🔥🔥1w1 likeReplyComment OptionsLike
njwaazzahraaaaa,no 9🔥👏,njwaazzahraaaaano 9🔥👏1wReplyComment OptionsLike
_.yayat12,5 gasss,_.yayat125 gasss1w3 likesReplyComment OptionsLike
4ril_ajaa,5gasss,4ril_ajaa5gasss1w3 likesReplyComment OptionsLike
30dillzz_,nomorr 5💥💥💥,30dillzz_nomorr 5💥💥💥1w1 likeReplyComment OptionsLike
pasukan_senyap_01,5gasss,pasukan_senyap_015gasss1w3 likesReplyComment OptionsLike
erobos_,5 gass👏👏,erobos_5 gass👏👏1w3 likesReplyComment OptionsLike
_alfinzz01,No. 5gass🙌,_alfinzz01No. 5gass🙌1w4 likesReplyComment OptionsLike
suparaprt,No 5🔥🔥,suparaprtNo 5🔥🔥1w1 likeReplyComment OptionsLike
rthvyaniii__,NO.9,rthvyaniii__NO.91wReplyComment OptionsLike
rzky.kurniaa13,No.9,rzky.kurniaa13No.91wReplyComment OptionsLike
putr428__,no 5 gass,putr428__no 5 gass1w1 likeReplyComment OptionsLike
polkitongki,5,polkitongki51w3 likesReplyComment OptionsLike
am_mrln,no 5 🔥,am_mrlnno 5 🔥1w1 likeReplyComment OptionsLike
triinovitaaa,No.5,triinovitaaaNo.51w1 likeReplyComment OptionsLike
anantitaf,no 9 🔥,anantitafno 9 🔥1wReplyComment OptionsLike
mwrivaldo__,No 09,mwrivaldo__No 091wReplyComment OptionsLike
japanessee.u,9,japanessee.u91wReplyComment OptionsLike
14_mret_,No 2 🔥🔥,14_mret_No 2 🔥🔥1w1 likeReplyComment OptionsLike
asmaaharoena_,Nomer 5 donk 😎🔥,asmaaharoena_Nomer 5 donk 😎🔥1w1 likeReplyComment OptionsLike
cecilianoviita,no 9 ALL IN🔥🔥🔥,cecilianoviitano 9 ALL IN🔥🔥🔥1wReplyComment OptionsLike
clvn_byz,NO 9 ALL IN🔥🔥,clvn_byzNO 9 ALL IN🔥🔥1wReplyComment OptionsLike
itskindaani,9,itskindaani91wReplyComment OptionsLike
ekxtx,No 9 🔥🔥🔥🔥🔥🔥🔥🔥🔥,ekxtxNo 9 🔥🔥🔥🔥🔥🔥🔥🔥🔥1wReplyComment OptionsLike
ss_sfyn,No 5 🔥🔥🔥,ss_sfynNo 5 🔥🔥🔥1w1 likeReplyComment OptionsLike
jumrzlll,02 memang andalang,jumrzlll02 memang andalang1w1 likeReplyComment OptionsLike
methybecker,No 12 Yanti andalan gwe bgt 👍😍,methybeckerNo 12 Yanti andalan gwe bgt 👍😍1wReplyComment OptionsLike
deessidrs_,No.05 dongs 😎,deessidrs_No.05 dongs 😎1w1 likeReplyComment OptionsLike
syachrulachdam,No.5 andalanku,syachrulachdamNo.5 andalanku1w1 likeReplyComment OptionsLike
isndarslhf,No 5 ANDALANGA,isndarslhfNo 5 ANDALANGA1w1 likeReplyComment OptionsLike
dwedumpp,No 5,dwedumppNo 51w1 likeReplyComment OptionsLike
fatt.jpg_,9🔥,fatt.jpg_9🔥1wReplyComment OptionsLike
muhasrilll._,All in no 14🔥,muhasrilll._All in no 14🔥1wReplyComment OptionsLike
onyourd_hifa,⁹,onyourd_hifa⁹1wReplyComment OptionsLike
onyourd_hifa,9,onyourd_hifa91wReplyComment OptionsLike
adsetyawan_,Nomor 9 😎😎,adsetyawan_Nomor 9 😎😎1wReplyComment OptionsLike
ni_gmni,No.5🔥🔥🔥,ni_gmniNo.5🔥🔥🔥1w1 likeReplyComment OptionsLike
halal_mart_gustitik_rahayuhpai,No. 5🔥,halal_mart_gustitik_rahayuhpaiNo. 5🔥1w1 likeReplyComment OptionsLike
ayeayeandra,9!!,ayeayeandra9!!1wReplyComment OptionsLike
1a_buccu,No 13,1a_buccuNo 131wReplyComment OptionsLike
alisaalisa1734,02 💞,alisaalisa173402 💞1w1 likeReplyComment OptionsLike
nat301298,No 2,nat301298No 21w1 likeReplyComment OptionsLike
ratu_judes90,02,ratu_judes90021w1 likeReplyComment OptionsLike
suhartini7621,2,suhartini762121w1 likeReplyComment OptionsLike
dgbungzhu03,02.chua,dgbungzhu0302.chua1w1 likeReplyComment OptionsLike
sinta_k_s,2,sinta_k_s21w1 likeReplyComment OptionsLike
ceceng_07,No 2,ceceng_07No 21w1 likeReplyComment OptionsLike
dickyymn,gasss no. 2 andalangaa,dickyymngasss no. 2 andalangaa1w1 likeReplyComment OptionsLike
safiaanlom,No 2,safiaanlomNo 21w1 likeReplyComment OptionsLike
safiaanlom,No 2,safiaanlomNo 21w1 likeReplyComment OptionsLike
ismail200350,No 2 menyala bosku,ismail200350No 2 menyala bosku1w1 likeReplyComment OptionsLike
mantasia1908,No 2,mantasia1908No 21w1 likeReplyComment OptionsLike
14_4ndini,2,14_4ndini21w1 likeReplyComment OptionsLike
_mltbchtiar_,No. 2,_mltbchtiar_No. 21w1 likeReplyComment OptionsLike
akbardaeng232,Nomor 5 gas,akbardaeng232Nomor 5 gas1w1 likeReplyComment OptionsLike
mantasia1908,No 2,mantasia1908No 21w1 likeReplyComment OptionsLike
mantasia1908,No 2,mantasia1908No 21w1 likeReplyComment OptionsLike
muchlish575,⁰² andalanga,muchlish575⁰² andalanga1w1 likeReplyComment OptionsLike
ismail_brhm,02🔥,ismail_brhm02🔥1w1 likeReplyComment OptionsLike
indra_indra29,No 8,indra_indra29No 81wReplyComment OptionsLike
abdul.lah257,02,abdul.lah257021w1 likeReplyComment OptionsLike
skyy2811_,"No.8 Tawwa,kasi menyala🔥🔥","skyy2811_No.8 Tawwa,kasi menyala🔥🔥1wReplyComment OptionsLike"
rhamlyy,No 2🔥,rhamlyyNo 2🔥1w1 likeReplyComment OptionsLike
dewilizalbs,03🔥,dewilizalbs03🔥1wReplyComment OptionsLike
chairinaannisa,03.💥,chairinaannisa03.💥1wReplyComment OptionsLike
fiqryfadlullah,no 8,fiqryfadlullahno 81wReplyComment OptionsLike
katilintan,nomor 1 @dn.aries 🔥🔥🔥,katilintannomor 1 @dn.aries 🔥🔥🔥1w1 likeReplyComment OptionsLike
__heri11,Nomor 1 🔥🔥,__heri11Nomor 1 🔥🔥1wReplyComment OptionsLike
andi_fitrizacky,5 shayy.. menyalaaa bestie 💃💃💃,andi_fitrizacky5 shayy.. menyalaaa bestie 💃💃💃1w1 likeReplyComment OptionsLike
cincinku03,6 donk ahhh,cincinku036 donk ahhh1wReplyComment OptionsLike
ivansyahakhdiarr,02 oke gass,ivansyahakhdiarr02 oke gass1w1 likeReplyComment OptionsLike
bacoot.03,5 gass 🔥🔥,bacoot.035 gass 🔥🔥1w1 likeReplyComment OptionsLike
stnurfadhila,No 7 🔥🔥🔥🔥,stnurfadhilaNo 7 🔥🔥🔥🔥1wReplyComment OptionsLike
ismaaaayy_06,Bismillah 7 😇,ismaaaayy_06Bismillah 7 😇1wReplyComment OptionsLike
anggitaputr1,7🔥,anggitaputr17🔥1wReplyComment OptionsLike
jjujju__,No. 7,jjujju__No. 71wReplyComment OptionsLike
indhbasir,No.7 🔥🔥,indhbasirNo.7 🔥🔥1wReplyComment OptionsLike
cac0xx_,7 gasssss🔥🔥🔥🔥,cac0xx_7 gasssss🔥🔥🔥🔥1wReplyComment OptionsLike
ocn_fauzan,No 7 👏,ocn_fauzanNo 7 👏1wReplyComment OptionsLike
ohaisnack,No 7👏🔥🔥🔥,ohaisnackNo 7👏🔥🔥🔥1wReplyComment OptionsLike
tutut_13,No. 7🔥,tutut_13No. 7🔥1wReplyComment OptionsLike
ndahhara,7🔥,ndahhara7🔥1wReplyComment OptionsLike
yayatth_,7 gas mki,yayatth_7 gas mki1wReplyComment OptionsLike
arioreskii,kasi menyala abang no 7.🔥🔥🔥,arioreskiikasi menyala abang no 7.🔥🔥🔥1wReplyComment OptionsLike
cancer_sad06,No 5🔥,cancer_sad06No 5🔥1w1 likeReplyComment OptionsLike
nisbahhhhhhh,Nombor 7 🔥,nisbahhhhhhhNombor 7 🔥1wReplyComment OptionsLike
styawan340,7 gas 🔥🔥,styawan3407 gas 🔥🔥1wReplyComment OptionsLike
syarifa_fatma_wati,7 keren,syarifa_fatma_wati7 keren1wReplyComment OptionsLike
nalfr___,no 7,nalfr___no 71wReplyComment OptionsLike
putriiabady,nomor 7✨,putriiabadynomor 7✨1wReplyComment OptionsLike
arniensiisr_99,No. 7 dongs 🔥🔥🔥,arniensiisr_99No. 7 dongs 🔥🔥🔥1wReplyComment OptionsLike
beddu_junior151,No.7 🔥🔥🔥,beddu_junior151No.7 🔥🔥🔥1wReplyComment OptionsLike
boskiarka,No.7🔥🔥🔥,boskiarkaNo.7🔥🔥🔥1wReplyComment OptionsLike
itmrptri_,Nomor 7 🔥🔥👏,itmrptri_Nomor 7 🔥🔥👏1wReplyComment OptionsLike
ashariharimu,No. 7 🔥🔥🔥💥💥,ashariharimuNo. 7 🔥🔥🔥💥💥1wReplyComment OptionsLike
ciicii.cici,7🔥,ciicii.cici7🔥1wReplyComment OptionsLike
iks4n05_,7🔥,iks4n05_7🔥1wReplyComment OptionsLike
iccaicasmal01,No.2,iccaicasmal01No.21w1 likeReplyComment OptionsLike
julinarti_,No 7 🔥,julinarti_No 7 🔥1wReplyComment OptionsLike
rosmawatiruslannew,No 7 dong🔥🔥🔥,rosmawatiruslannewNo 7 dong🔥🔥🔥1wReplyComment OptionsLike
ourmando,7🔥,ourmando7🔥1wReplyComment OptionsLike
ardhilili,7,ardhilili71wReplyComment OptionsLike
ichalolii,No. 7 🔥🔥,ichaloliiNo. 7 🔥🔥1wReplyComment OptionsLike
annisakml13,7,annisakml1371wReplyComment OptionsLike
dhesyanwaar,No. 7🔥,dhesyanwaarNo. 7🔥1wReplyComment OptionsLike
ndyafbrynti,7,ndyafbrynti71wReplyComment OptionsLike
jeindrii,No.7🔥,jeindriiNo.7🔥1wReplyComment OptionsLike
sryarmdhniii_,Nmr 7🔥,sryarmdhniii_Nmr 7🔥1wReplyComment OptionsLike
triastutipradana,7🔥,triastutipradana7🔥1wReplyComment OptionsLike
dafi.duni,No. 7,dafi.duniNo. 71wReplyComment OptionsLike
nnnuge,No.7,nnnugeNo.71wReplyComment OptionsLike
akifahhww,No. 7🔥🔥,akifahhwwNo. 7🔥🔥1wReplyComment OptionsLike
wawaa_a075,7🔥,wawaa_a0757🔥1wReplyComment OptionsLike
nrhidayatulisna,No.7 🔥🔥🔥,nrhidayatulisnaNo.7 🔥🔥🔥1wReplyComment OptionsLike
ediia7x,7,ediia7x71wReplyComment OptionsLike
asdrarif,No 7🔥🔥,asdrarifNo 7🔥🔥1wReplyComment OptionsLike
missnindyra_,No.7🔥🔥🔥,missnindyra_No.7🔥🔥🔥1wReplyComment OptionsLike
asrianirsl,07🔥🔥,asrianirsl07🔥🔥1wReplyComment OptionsLike
egha_juliantii,7🔥,egha_juliantii7🔥1wReplyComment OptionsLike
my_f__,No 7🔥🔥🔥,my_f__No 7🔥🔥🔥1wReplyComment OptionsLike
muhammaddavidarifin,Nomor 7,muhammaddavidarifinNomor 71wReplyComment OptionsLike
aldimeldi14,7👏,aldimeldi147👏1wReplyComment OptionsLike
krmilamnsyr_,no 7🔥,krmilamnsyr_no 7🔥1wReplyComment OptionsLike
_rsn_y,7🔥,_rsn_y7🔥1wReplyComment OptionsLike
medinaasmarani,7🔥,medinaasmarani7🔥1wReplyComment OptionsLike
aa.rafsanjani_,7 mnyala🔥,aa.rafsanjani_7 mnyala🔥1wReplyComment OptionsLike
deaputri_1103,7,deaputri_110371wReplyComment OptionsLike
yuli.yuuu,nmr 7💥💥,yuli.yuuunmr 7💥💥1wReplyComment OptionsLike
yanskkyy,7 😎,yanskkyy7 😎1wReplyComment OptionsLike
niningadhiningsih27,No 7 andalangggg 😎,niningadhiningsih27No 7 andalangggg 😎1wReplyComment OptionsLike
sryhardiantireski,Nomor 7,sryhardiantireskiNomor 71wReplyComment OptionsLike
indiilahh,No 7🔥,indiilahhNo 7🔥1wReplyComment OptionsLike
ayamardjani,No 7 🔥🔥🔥,ayamardjaniNo 7 🔥🔥🔥1wReplyComment OptionsLike
nonasusan08,No.7 🔥🔥,nonasusan08No.7 🔥🔥1wReplyComment OptionsLike
wahyu_nr__,No 7 🔥🔥,wahyu_nr__No 7 🔥🔥1wReplyComment OptionsLike
karinaumarrr,Menyala abangku no. 7 🔥🔥🔥,karinaumarrrMenyala abangku no. 7 🔥🔥🔥1wReplySee translationComment OptionsLike
raff7_watch,Mantap nasi gorengnya no 7,raff7_watchMantap nasi gorengnya no 71wReplyComment OptionsLike
radn_2547,No. 7 menyala🔥,radn_2547No. 7 menyala🔥1wReplyComment OptionsLike
riiyani._,7🔥,riiyani._7🔥1wReplyComment OptionsLike
frdha.f,7🔥,frdha.f7🔥1wReplyComment OptionsLike
hanasuhana05_,No 7 andalan🔥,hanasuhana05_No 7 andalan🔥1wReplyComment OptionsLike
akaaandi,7🔥🔥🔥,akaaandi7🔥🔥🔥1wReplyComment OptionsLike
mutmainnah2804,Nomor 7🔥,mutmainnah2804Nomor 7🔥1wReplyComment OptionsLike
afebiiy,No 7,afebiiyNo 71wReplyComment OptionsLike
a.windhatenriii,No. 7 🔥🔥🔥🔥,a.windhatenriiiNo. 7 🔥🔥🔥🔥1wReplyComment OptionsLike
muhjibranalfalaq,No 7 gas🔥,muhjibranalfalaqNo 7 gas🔥1wReplyComment OptionsLike
liloostill,Nomor 7 termantappp 🔥,liloostillNomor 7 termantappp 🔥1wReplySee translationComment OptionsLike
nhunu_ar,No.7 🔥,nhunu_arNo.7 🔥1wReplyComment OptionsLike
anandakasim_,7🙌,anandakasim_7🙌1wReplyComment OptionsLike
noviuw,No.7,noviuwNo.71wReplyComment OptionsLike
k.rmilaa,Nmor 7,k.rmilaaNmor 71wReplyComment OptionsLike
amaralgibran,No.7,amaralgibranNo.71wReplyComment OptionsLike
arlianfachrul,7,arlianfachrul71wReplyComment OptionsLike
niirwanaaaa,7🔥,niirwanaaaa7🔥1wReplyComment OptionsLike
diah.mulyanti11,No.7🔥🔥,diah.mulyanti11No.7🔥🔥1wReplyComment OptionsLike
ryswan_iswan06,No. 7 🔥,ryswan_iswan06No. 7 🔥1wReplyComment OptionsLike
ra.nis_,No 7,ra.nis_No 71wReplyComment OptionsLike
try_asrullah,7 👏👏👏👏,try_asrullah7 👏👏👏👏1wReplyComment OptionsLike
abd.muis_gahar,Aku sih 7 chef andalan ku,abd.muis_gaharAku sih 7 chef andalan ku1wReplySee translationComment OptionsLike
hi.im.dhea,7🔥👏,hi.im.dhea7🔥👏1wReplyComment OptionsLike
aii14_,7🔥,aii14_7🔥1wReplyComment OptionsLike
indriwhyunis,7💥,indriwhyunis7💥1wReplyComment OptionsLike
nirrwanaa25,Nomor 7,nirrwanaa25Nomor 71wReplyComment OptionsLike
asniii.ass,Nomor 7,asniii.assNomor 71wReplyComment OptionsLike
henribalewa,no 7🔥🔥🔥,henribalewano 7🔥🔥🔥1wReplyComment OptionsLike
citraaul666,7,citraaul66671wReplyComment OptionsLike
citraaul666,No 7🔥🔥🔥,citraaul666No 7🔥🔥🔥1wReplyComment OptionsLike
hasbia.bhyamontana,Nmor 7👏,hasbia.bhyamontanaNmor 7👏1wReplyComment OptionsLike
andi_ahmad016,no7🔥🔥,andi_ahmad016no7🔥🔥1wReplyComment OptionsLike
_cannaly,No 7 dong🔥🔥🔥,_cannalyNo 7 dong🔥🔥🔥1wReplyComment OptionsLike
albria1104_,7🔥,albria1104_7🔥1wReplyComment OptionsLike
riswn_21,No. 7🔥🔥🔥,riswn_21No. 7🔥🔥🔥1wReplyComment OptionsLike
_innnooo,no 7 🔥🔥🔥,_innnooono 7 🔥🔥🔥1wReplyComment OptionsLike
dhiahsriadhani93,No.7🔥,dhiahsriadhani93No.7🔥1wReplyComment OptionsLike
dimas_022006,No 7 🔥🔥🔥,dimas_022006No 7 🔥🔥🔥1wReplyComment OptionsLike
ddyreynaldi,7🔥,ddyreynaldi7🔥1wReplyComment OptionsLike
nurulhajrah__,Nomor 7,nurulhajrah__Nomor 71wReplyComment OptionsLike
icang_jkrocks,No 7 dong. 💪💪🔥🔥🔥😎😎,icang_jkrocksNo 7 dong. 💪💪🔥🔥🔥😎😎1wReplyComment OptionsLike
st_nabilahhh,7,st_nabilahhh71wReplyComment OptionsLike
ucup_sj09,No 7🔥🔥🔥🔥🔥🔥🔥🔥🔥,ucup_sj09No 7🔥🔥🔥🔥🔥🔥🔥🔥🔥1w1 likeReplyComment OptionsLike
nrindahhh18_,No 7🔥,nrindahhh18_No 7🔥1wReplyComment OptionsLike
imfiaa,No 7 gass,imfiaaNo 7 gass1wReplyComment OptionsLike
4_ndr1.al,no 7🔥🔥🔥,4_ndr1.alno 7🔥🔥🔥1wReplyComment OptionsLike
ullaaullss,No seven donggg andalancu,ullaaullssNo seven donggg andalancu1wReplyComment OptionsLike
thaniabira,Nomor 07,thaniabiraNomor 071wReplyComment OptionsLike
ajengmonaoktaviani,7 dongg🔥,ajengmonaoktaviani7 dongg🔥1wReplyComment OptionsLike
anggraini_usman,7,anggraini_usman71wReplyComment OptionsLike
azulgseovanny,no 7🔥🔥,azulgseovannyno 7🔥🔥1wReplyComment OptionsLike
tanriayu_,No 7 🔥,tanriayu_No 7 🔥1wReplyComment OptionsLike
tsyrnn,no 7,tsyrnnno 71wReplyComment OptionsLike
heri_ago,No 7,heri_agoNo 71wReplyComment OptionsLike
cindytriulangdari,No 7 🔥🔥,cindytriulangdariNo 7 🔥🔥1wReplyComment OptionsLike
alamilyas_,7 >>🔥🔥,alamilyas_7 >>🔥🔥1wReplyComment OptionsLike
awrielindw,7💥,awrielindw7💥1wReplyComment OptionsLike
mhmmdzulkiflii,No.7🔥,mhmmdzulkifliiNo.7🔥1wReplyComment OptionsLike
firalyapc,7🔥,firalyapc7🔥1wReplyComment OptionsLike
heriantohery,N0 7,heriantoheryN0 71wReplyComment OptionsLike
andisptrahalik,No 7 badasssa,andisptrahalikNo 7 badasssa1wReplyComment OptionsLike
rusmiaty027,No. 7 🔥🔥,rusmiaty027No. 7 🔥🔥1wReplyComment OptionsLike
aa_putratbk,No 7 💥💥💥,aa_putratbkNo 7 💥💥💥1wReplyComment OptionsLike
yanisyamm,7 🔥🔥,yanisyamm7 🔥🔥1wReplyComment OptionsLike
christiansombounaung,7,christiansombounaung71wReplyComment OptionsLike
_reskyamaliaaa,7🔥🔥,_reskyamaliaaa7🔥🔥1wReplyComment OptionsLike
lilisanggraeniputrii,7 🔥🔥🔥🔥🔥,lilisanggraeniputrii7 🔥🔥🔥🔥🔥1wReplyComment OptionsLike
kikifatmala25_,No.7🔥🔥,kikifatmala25_No.7🔥🔥1wReplyComment OptionsLike
nurchadjar,No 7 dong🔥,nurchadjarNo 7 dong🔥1wReplyComment OptionsLike
sitytri_alone,no 7 andalanku,sitytri_aloneno 7 andalanku1wReplyComment OptionsLike
_indahsaribasir,7 🔥🔥🔥,_indahsaribasir7 🔥🔥🔥1wReplyComment OptionsLike
auraatfh,7🍬,auraatfh7🍬1wReplyComment OptionsLike
lllrslyhad,no 7💥💥💥,lllrslyhadno 7💥💥💥1w1 likeReplyComment OptionsLike
ulvhievatriyahamir,Nomor 7🔥🔥🔥🔥,ulvhievatriyahamirNomor 7🔥🔥🔥🔥1w1 likeReplyComment OptionsLike
debyayy,7 🔥🔥,debyayy7 🔥🔥1wReplyComment OptionsLike
windasafitri15,No 7,windasafitri15No 71wReplyComment OptionsLike
mitaaa2504,no.7 andalanku,mitaaa2504no.7 andalanku1w1 likeReplyComment OptionsLike
firdausiskdr,7,firdausiskdr71wReplyComment OptionsLike
nurulputrifebriantii,7,nurulputrifebriantii71wReplyComment OptionsLike
dilaa.nyh,No.7,dilaa.nyhNo.71wReplyComment OptionsLike
arfadhilibras,7,arfadhilibras71wReplyComment OptionsLike
meirsakarolina_,7🔥,meirsakarolina_7🔥1wReplyComment OptionsLike
ratihsri.wahyuni,7🔥,ratihsri.wahyuni7🔥1wReplyComment OptionsLike
lechitea.dump,Nomor 7🔥,lechitea.dumpNomor 7🔥1w1 likeReplyComment OptionsLike
selaa.julistya,no 7🔥🔥🔥,selaa.julistyano 7🔥🔥🔥1wReplyComment OptionsLike
ifaahhhhh,Nomor 7 🔥,ifaahhhhhNomor 7 🔥1wReplyComment OptionsLike
flqkdktt,No. 7👏,flqkdkttNo. 7👏1w1 likeReplyComment OptionsLike
farhanmotor27,No 12 the best😎😎,farhanmotor27No 12 the best😎😎1wReplyComment OptionsLike
hendra_latif97,no 7🔥🔥,hendra_latif97no 7🔥🔥1wReplyComment OptionsLike
viralownur,No. 7 andalann......,viralownurNo. 7 andalann......1wReplyComment OptionsLike
honeyfahaini,Nombor 7,honeyfahainiNombor 71w1 likeReplyComment OptionsLike
f4dil_hh,02 🔥,f4dil_hh02 🔥1w1 likeReplyComment OptionsLike
muh_arhamsyah,No. 7 manyaalaaaa 🔥🔥🔥,muh_arhamsyahNo. 7 manyaalaaaa 🔥🔥🔥1wReplyComment OptionsLike
jalali_dzul,7,jalali_dzul71wReplyComment OptionsLike
mariaria3200,7🔥,mariaria32007🔥1wReplyComment OptionsLike
andiarfiana,07 🔥🔥🔥,andiarfiana07 🔥🔥🔥1wReplyComment OptionsLike
fahmisalmanzm,Nomor 7 apa sih kurangnya? Kurang sinar ? Nyalain Abang ku💥,fahmisalmanzmNomor 7 apa sih kurangnya? Kurang sinar ? Nyalain Abang ku💥1wReplySee translationComment OptionsLike
muhfarhanfar,No 7 🔥,muhfarhanfarNo 7 🔥1wReplyComment OptionsLike
valdy_syamsul,No 7 kasi menyala🔥 terus wok mu 👏😎,valdy_syamsulNo 7 kasi menyala🔥 terus wok mu 👏😎1wReplyComment OptionsLike
ichal256,No. 7 chef adalan ku🔥,ichal256No. 7 chef adalan ku🔥1wReplyComment OptionsLike
nurulafidah_paradisa,No. 07 🔥🔥🔥🔥🔥,nurulafidah_paradisaNo. 07 🔥🔥🔥🔥🔥1wReplyComment OptionsLike
fiiduppa,7 chef andalan,fiiduppa7 chef andalan1wReplySee translationComment OptionsLike
niza.alka,No 7 👏,niza.alkaNo 7 👏1wReplyComment OptionsLike
rahmadanildanil53,No 7 🔥🔥🔥,rahmadanildanil53No 7 🔥🔥🔥1wReplyComment OptionsLike
rahmadanildanil53,No.7 🔥🔥🔥🔥,rahmadanildanil53No.7 🔥🔥🔥🔥1wReplyComment OptionsLike
rahmadanildanil53,No.7 Fikar 🔥🔥🔥🔥,rahmadanildanil53No.7 Fikar 🔥🔥🔥🔥1wReplyComment OptionsLike
keken_d_law,No 7 the best🔥,keken_d_lawNo 7 the best🔥1wReplyComment OptionsLike
rhenyvioletangriany,Nomor 7 ji 👏,rhenyvioletangrianyNomor 7 ji 👏1wReplyComment OptionsLike
andi.rio.9883,No. 7 abangku ji,andi.rio.9883No. 7 abangku ji1wReplyComment OptionsLike
ibnuuhasyim,"No.7, 🔥abangku","ibnuuhasyimNo.7, 🔥abangku1wReplyComment OptionsLike"
doelattaboy,No. 7 Chef andalanku...🔥🔥🔥,doelattaboyNo. 7 Chef andalanku...🔥🔥🔥1wReplyComment OptionsLike
aldhy19_insta,Cheff andalan terbait @zulfikar_as26 🔥🔥,aldhy19_instaCheff andalan terbait @zulfikar_as26 🔥🔥1wReplyComment OptionsLike
ricanas.g_,Nomor 7,ricanas.g_Nomor 71wReplyComment OptionsLike
kahfi_vj,No.7 🔥🔥🔥,kahfi_vjNo.7 🔥🔥🔥1wReplyComment OptionsLike
irsyadisra,No 7 Fikar 🔥🔥🔥 gass full,irsyadisraNo 7 Fikar 🔥🔥🔥 gass full1wReplyComment OptionsLike
wandy_milano77,No 7 🔥🔥🔥,wandy_milano77No 7 🔥🔥🔥1wReplyComment OptionsLike
nurhamdiii,nomor 7,nurhamdiiinomor 71wReplyComment OptionsLike
ramadhaniiia,Menyala No. 7 🔥🔥,ramadhaniiiaMenyala No. 7 🔥🔥1wReplyComment OptionsLike
akbar111187,7 🔥,akbar1111877 🔥1wReplyComment OptionsLike
harianto_arifinn,Di mana pun berada 7 lahh yang handal,harianto_arifinnDi mana pun berada 7 lahh yang handal1wReplySee translationComment OptionsLike
tuty2990,No 7 mantap🔥,tuty2990No 7 mantap🔥1wReplyComment OptionsLike
billyanugrah93,No.7 chef andalanku,billyanugrah93No.7 chef andalanku1wReplyComment OptionsLike
billyanugrah93,Bnyk na kenalanku,billyanugrah93Bnyk na kenalanku1wReplyComment OptionsLike
ekhy_maulana,No. 7👏,ekhy_maulanaNo. 7👏1wReplyComment OptionsLike
dimaezt_dhalgren,7,dimaezt_dhalgren71wReplyComment OptionsLike
_ylywan,Tetap dihati no.7 dong🔥,_ylywanTetap dihati no.7 dong🔥1wReplyComment OptionsLike
sty_nha27,02🔥,sty_nha2702🔥1w1 likeReplyComment OptionsLike
zulf.ikar661,2,zulf.ikar66121w1 likeReplyComment OptionsLike
miftah_13,No 7 🔥💥,miftah_13No 7 🔥💥1w1 likeReplyComment OptionsLike
rohandi_rustam,Nomor 7,rohandi_rustamNomor 71wReplyComment OptionsLike
__huda.99,7,__huda.9971wReplyComment OptionsLike
tian_mubaraq26,07🔥,tian_mubaraq2607🔥1wReplyComment OptionsLike
zhakicivil,No. 7 Andalanga 🔥🔥🔥,zhakicivilNo. 7 Andalanga 🔥🔥🔥1wReplyComment OptionsLike
geriansyahh,No. 7 sudah pasti @zulfikar_as26 🔥🔥,geriansyahhNo. 7 sudah pasti @zulfikar_as26 🔥🔥1wReplyComment OptionsLike
vanillaaiiceee,gass No. 7,vanillaaiiceeegass No. 71wReplyComment OptionsLike
il.ham_2,No 7 menyalah 🔥,il.ham_2No 7 menyalah 🔥1wReplyComment OptionsLike
immankyb,No 7 😎😎,immankybNo 7 😎😎1wReplyComment OptionsLike
itssaldy,No. 5,itssaldyNo. 51wReplyComment OptionsLike
trynrwn_,No . 7 🙌,trynrwn_No . 7 🙌1wReplyComment OptionsLike
gadistampi,Nomor 07,gadistampiNomor 071wReplyComment OptionsLike
just.dit,Nmr 7 manyala,just.ditNmr 7 manyala1wReplyComment OptionsLike
andalan_nahel01,No 2🔥,andalan_nahel01No 2🔥1w1 likeReplyComment OptionsLike
nraa2004_,02🔥🔥,nraa2004_02🔥🔥1w1 likeReplyComment OptionsLike
oziel678,No 7..chef zulfikar👏👏,oziel678No 7..chef zulfikar👏👏1wReplyComment OptionsLike
immank_30,No 7 😎😎,immank_30No 7 😎😎1wReplyComment OptionsLike
wiliam_yl,02🔥🔥,wiliam_yl02🔥🔥1w1 likeReplyComment OptionsLike
ikhamamozt,Nomor 7,ikhamamoztNomor 71wReplyComment OptionsLike
bb_tiar,No.7,bb_tiarNo.71wReplyComment OptionsLike
banghemi_,No 7🔥,banghemi_No 7🔥1wReplyComment OptionsLike
andreas_arnold_talo,No 7 mantap bro menyala bos ku🔥🔥,andreas_arnold_taloNo 7 mantap bro menyala bos ku🔥🔥1wReplyComment OptionsLike
syahroelmuhajir,Kalo saya No.7  andalanga andina CR7 👍,syahroelmuhajirKalo saya No.7  andalanga andina CR7 👍1wReplyComment OptionsLike
mamang_recingg,02 menyaka🔥🔥🔥,mamang_recingg02 menyaka🔥🔥🔥1w1 likeReplyComment OptionsLike
_rriiiii,Andalanku no.7,_rriiiiiAndalanku no.71wReplyComment OptionsLike
dewiandika18,No 11,dewiandika18No 111wReplyComment OptionsLike
ftimahputry,no 7 andalanku,ftimahputryno 7 andalanku1wReplyComment OptionsLike
ningsihh31_,Namber 7 donggggg🔥🔥🔥🔥,ningsihh31_Namber 7 donggggg🔥🔥🔥🔥1wReplyComment OptionsLike
jhosuaf,7👍,jhosuaf7👍1wReplyComment OptionsLike
maggietuhumury,Nomor 7🔥🔥🔥,maggietuhumuryNomor 7🔥🔥🔥1wReplyComment OptionsLike
andryfirmansyah02,No.7 andalanga...,andryfirmansyah02No.7 andalanga...1wReplyComment OptionsLike
iantricahya,12 ❤️,iantricahya12 ❤️1wReplyComment OptionsLike
tazzeraru,1 🔥,tazzeraru1 🔥1w4 likesReplyComment OptionsLike
andiriskaamanda,No 9,andiriskaamandaNo 91wReplyComment OptionsLike
fitrianiinurdiin,Yuhuuuu no. 12 andalanga,fitrianiinurdiinYuhuuuu no. 12 andalanga1wReplyComment OptionsLike
ree.muhtar,Andalanku ini saya no 12 🔥🔥🔥🔥🔥🔥🔥🔥🔥👏👏👏,ree.muhtarAndalanku ini saya no 12 🔥🔥🔥🔥🔥🔥🔥🔥🔥👏👏👏1w1 likeReplySee translationComment OptionsLike
cummajp,No. 14 🔥🔥,cummajpNo. 14 🔥🔥1wReplyComment OptionsLike
hkmzkrn99,No.14🔥🔥,hkmzkrn99No.14🔥🔥1w1 likeReplyComment OptionsLike
minb2311,No.12 🔥🔥karena sering ka n kasih air es nya 😅,minb2311No.12 🔥🔥karena sering ka n kasih air es nya 😅1w1 likeReplySee translationComment OptionsLike
andiryzcho,No.14🔥🔥🔥🔥,andiryzchoNo.14🔥🔥🔥🔥1wReplyComment OptionsLike
ericks_ontheradio,DESI RATNASARI,ericks_ontheradioDESI RATNASARI1wReplyComment OptionsLike
ericks_ontheradio,DESI RATNASARI selalu basah Rambutnya,ericks_ontheradioDESI RATNASARI selalu basah Rambutnya1wReplyComment OptionsLike
ptryasyfhh,No. 14 jgn kasi kendorrr🔥🔥🔥,ptryasyfhhNo. 14 jgn kasi kendorrr🔥🔥🔥1wReplyComment OptionsLike
gagga130924,DINATRI andalanku sy😍,gagga130924DINATRI andalanku sy😍1w2 likesReplyComment OptionsLike
pinus_outdoor17,No. 14,pinus_outdoor17No. 141wReplyComment OptionsLike
isyniqueen,1,isyniqueen11w2 likesReplyComment OptionsLike
abenichiko,No.14,abenichikoNo.141wReplyComment OptionsLike
_sayangkuuuuuuu,NO.9 PILIHANKU 🔥🔥🔥,_sayangkuuuuuuuNO.9 PILIHANKU 🔥🔥🔥1wReplyComment OptionsLike
elfathan81123,No.14,elfathan81123No.141wReplyComment OptionsLike
chik.kkk2,No.14,chik.kkk2No.141wReplyComment OptionsLike
magangbpdas21,No.14 andalankuu🔥,magangbpdas21No.14 andalankuu🔥1wReplyComment OptionsLike
iyanahmad._,No. 1 damkar mana damkar🔥🔥🔥,iyanahmad._No. 1 damkar mana damkar🔥🔥🔥1w4 likesReplyComment OptionsLike
zonarepair.id,No.14 andalangaaaa🔥,zonarepair.idNo.14 andalangaaaa🔥1wReplyComment OptionsLike
muh.taufik.mustafa,No.1 Dinatri 🔥🔥🔥 you are The Best👏👏👏,muh.taufik.mustafaNo.1 Dinatri 🔥🔥🔥 you are The Best👏👏👏1w3 likesReplyComment OptionsLike
carlot_17,Andalanku ladde no 12,carlot_17Andalanku ladde no 121wReplyComment OptionsLike
ekfjnr_,No 14 dongss 🔥🔥,ekfjnr_No 14 dongss 🔥🔥1wReplyComment OptionsLike
austin.jack85,No.12,austin.jack85No.121wReplyComment OptionsLike
fauzhan_fth,2,fauzhan_fth21w1 likeReplyComment OptionsLike
shrarahmii,Menyala 01🔥🔥,shrarahmiiMenyala 01🔥🔥1w1 likeReplyComment OptionsLike
ppawmppkins,1 🔥,ppawmppkins1 🔥1w3 likesReplyComment OptionsLike
dsynataaa,01 dinatri🔥🔥🔥,dsynataaa01 dinatri🔥🔥🔥1w3 likesReplyComment OptionsLike
juliatobias.sdl,1 emot api emot api,juliatobias.sdl1 emot api emot api1w2 likesReplyComment OptionsLike
felmichaell,9👌,felmichaell9👌1wReplyComment OptionsLike
balqies_azalia,Nomor 11 menyala abangkh🔥,balqies_azaliaNomor 11 menyala abangkh🔥1wReplySee translationComment OptionsLike
hadijahpalloge,Andalanku no. 12,hadijahpallogeAndalanku no. 121wReplyComment OptionsLike
ilhamprasetyo01,14 🔥,ilhamprasetyo0114 🔥1wReplyComment OptionsLike
muhammad_ismail_prasetyo,Nomor punggung 12 andalan nga,muhammad_ismail_prasetyoNomor punggung 12 andalan nga1wReplyComment OptionsLike
lolycutiepie,01 Dinatri👏👏👏,lolycutiepie01 Dinatri👏👏👏1w3 likesReplyComment OptionsLike
nr_husna15,All in 01,nr_husna15All in 011w1 likeReplyComment OptionsLike
spandis_,14🔥🔥🔥,spandis_14🔥🔥🔥1wReplyComment OptionsLike
dnappu,Menyala No. 14 🔥🔥🔥🔥,dnappuMenyala No. 14 🔥🔥🔥🔥1wReplyComment OptionsLike
xdskt_wrhy,No 13 andalanku bangettt 😍❤️@desakdeshi 😍,xdskt_wrhyNo 13 andalanku bangettt 😍❤️@desakdeshi 😍1w1 likeReplyComment OptionsLike
dianariess91,No.1 menyalaaaaa 🔥🔥🔥,dianariess91No.1 menyalaaaaa 🔥🔥🔥1w5 likesReplyComment OptionsLike
arghariyanto,No. 1 terbaekk!!,arghariyantoNo. 1 terbaekk!!1w3 likesReplyComment OptionsLike
iekha.rdfa,Tak perlu di ragukan lagi no.12 pasti nya 🔥,iekha.rdfaTak perlu di ragukan lagi no.12 pasti nya 🔥1wReplySee translationComment OptionsLike
mfarawansyah,No.14 🔥🔥🔥,mfarawansyahNo.14 🔥🔥🔥1wReplyComment OptionsLike
__scntlla,14🔥,__scntlla14🔥1wReplyComment OptionsLike
meisrun_,No.14 @ngghy_06 🔥🔥🔥❤️,meisrun_No.14 @ngghy_06 🔥🔥🔥❤️1wReplyComment OptionsLike
ecaapung,14 sih 🫀,ecaapung14 sih 🫀1wReplyComment OptionsLike
rohandhy4873,No.12,rohandhy4873No.121wReplyComment OptionsLike
aini__94,No 14 🔥🔥🔥,aini__94No 14 🔥🔥🔥1wReplyComment OptionsLike
andiiinyiyin,no. 12😍,andiiinyiyinno. 12😍1wReplyComment OptionsLike
nssialps,9🔥,nssialps9🔥1wReplyComment OptionsLike
itsmenecaaa,9👏,itsmenecaaa9👏1wReplyComment OptionsLike
br.citraaa,14😍🔥,br.citraaa14😍🔥1wReplyComment OptionsLike
atha_hafizhan,2❤️ andalan,atha_hafizhan2❤️ andalan1w1 likeReplyComment OptionsLike
janeeeee_f3,14 😍😍🔥,janeeeee_f314 😍😍🔥1wReplyComment OptionsLike
anton.agent.axa.makassar,12 dan 13Yellow submarine and Sea salt caramel 👍🏼,anton.agent.axa.makassar12 dan 13Yellow submarine and Sea salt caramel 👍🏼1w1 likeReplyComment OptionsLike
arfanfz,222222222222🔥,arfanfz222222222222🔥1w1 likeReplyComment OptionsLike
ariee_paisal,No.14,ariee_paisalNo.141wReplyComment OptionsLike
nr.fhaaa,2🔥,nr.fhaaa2🔥1w1 likeReplyComment OptionsLike
tini_revan87,Andalanku NO. 2 🔥🔥🔥🔥🔥🔥👏👏👏👏,tini_revan87Andalanku NO. 2 🔥🔥🔥🔥🔥🔥👏👏👏👏1w1 likeReplyComment OptionsLike
icha.nrannisa,2🔥,icha.nrannisa2🔥1w1 likeReplyComment OptionsLike
tini_revan87,No. 2,tini_revan87No. 21w1 likeReplyComment OptionsLike
_rhyuahmd,2 dungsss🤏,_rhyuahmd2 dungsss🤏1w1 likeReplyComment OptionsLike
inhe_ramadana,"So pastix yanti sweet, no. 12 💖","inhe_ramadanaSo pastix yanti sweet, no. 12 💖1wReplyComment OptionsLike"
fhitryanipitto,2 🔥🔥🔥,fhitryanipitto2 🔥🔥🔥1w1 likeReplyComment OptionsLike
_iimaaaaa,no. 1 donggg🔥🔥,_iimaaaaano. 1 donggg🔥🔥1w2 likesReplyComment OptionsLike
andianisaputry,9 menyalaaaa abangkuh 🔥🔥🔥🔥,andianisaputry9 menyalaaaa abangkuh 🔥🔥🔥🔥1wReplyComment OptionsLike
faidaaaahhh,2,faidaaaahhh21w1 likeReplyComment OptionsLike
kezia.nrn,no. 9,kezia.nrnno. 91wReplyComment OptionsLike
ariskydamayanti95,2🔥,ariskydamayanti952🔥1w1 likeReplyComment OptionsLike
_ysfl,No.9,_ysflNo.91wReplyComment OptionsLike
kiiykaayy,2,kiiykaayy21w1 likeReplyComment OptionsLike
tharisyahh,2🔥,tharisyahh2🔥1w1 likeReplyComment OptionsLike
ekakitcheen,1🔥,ekakitcheen1🔥1w2 likesReplyComment OptionsLike
anugrahwati.arifin,No 6,anugrahwati.arifinNo 61w1 likeReplyComment OptionsLike
santyyoo__,2 👏,santyyoo__2 👏1w1 likeReplyComment OptionsLike
galuwsinana,1 DINATRI,galuwsinana1 DINATRI1w3 likesReplyComment OptionsLike
daeng_simbung,No 12 🔥🔥,daeng_simbungNo 12 🔥🔥1wReplyComment OptionsLike
syahputra.alif,12 tawwa 🔥🔥,syahputra.alif12 tawwa 🔥🔥1wReplyComment OptionsLike
feby.95,No.1 dinatri pabalu nasi kuning😍😍,feby.95No.1 dinatri pabalu nasi kuning😍😍1w2 likesReplyComment OptionsLike
iriyantianti,12 donggg,iriyantianti12 donggg1wReplyComment OptionsLike
hidayatdjalil,No. 12 🔥,hidayatdjalilNo. 12 🔥1wReplyComment OptionsLike
anrzyuna_,14🔥🔥🔥🔥🔥🔥🔥,anrzyuna_14🔥🔥🔥🔥🔥🔥🔥1wReplyComment OptionsLike
11iksalsaputra_,No. 14 dong..🔥,11iksalsaputra_No. 14 dong..🔥1wReplyComment OptionsLike
toniwijaya504,Menyala no 12 🫶,toniwijaya504Menyala no 12 🫶1wReplyComment OptionsLike
meirenaangeliquee._,No. 9,meirenaangeliquee._No. 91wReplyComment OptionsLike
surya_sptrr,1,surya_sptrr11w1 likeReplyComment OptionsLike
izat18_,No.14🔥🔥🔥,izat18_No.14🔥🔥🔥1w1 likeReplyComment OptionsLike
nawwarulhaq,14,nawwarulhaq141w1 likeReplyComment OptionsLike
iiniindhh,No 14 🔥,iiniindhhNo 14 🔥1wReplyComment OptionsLike
natasshaelfatihah,No 1,natasshaelfatihahNo 11w6 likesReplyComment OptionsLike
fr.dmynt,14🔥,fr.dmynt14🔥1w1 likeReplyComment OptionsLike
acavocado,kak Dina dong no. 1,acavocadokak Dina dong no. 11w3 likesReplyComment OptionsLike
mujahaeril,no.1😍😍😍😍,mujahaerilno.1😍😍😍😍1w3 likesReplyComment OptionsLike
lalarianaa,No.14 donggg,lalarianaaNo.14 donggg1wReplyComment OptionsLike
dewa_dwinata,No.13👏🔥,dewa_dwinataNo.13👏🔥1w1 likeReplyComment OptionsLike
dije.11,2,dije.1121w1 likeReplyComment OptionsLike
rrhmaakbrr_,14🔥🔥🔥🔥,rrhmaakbrr_14🔥🔥🔥🔥1wReplyComment OptionsLike
agamseptiawan,14 🔥🔥🔥,agamseptiawan14 🔥🔥🔥1wReplyComment OptionsLike
syahrulllll_____,No.14🔥🔥🔥,syahrulllll_____No.14🔥🔥🔥1w1 likeReplyComment OptionsLike
suhardi.st,14🔥,suhardi.st14🔥1wReplyComment OptionsLike
ical_syaputraaa,No 14,ical_syaputraaaNo 141wReplyComment OptionsLike
lutfiteguhh,No. 14 🔥🔥🙌,lutfiteguhhNo. 14 🔥🔥🙌1wReplyComment OptionsLike
rizhaal_01,No.14🔥🙌👏🔥,rizhaal_01No.14🔥🙌👏🔥1w1 likeReplyComment OptionsLike
___momooq,dinaaaa nomorrr 1,___momooqdinaaaa nomorrr 11w3 likesReplyComment OptionsLike
nuggetmaniss_,No. 14🔥,nuggetmaniss_No. 14🔥1w1 likeReplyComment OptionsLike
chaaidir,Hiduppp no.1,chaaidirHiduppp no.11w3 likesReplyComment OptionsLike
fadlyfahrezy,No. 14 🔥🔥,fadlyfahrezyNo. 14 🔥🔥1w1 likeReplyComment OptionsLike
umarabdulaziss,No 14 🔥🔥🔥🔥,umarabdulazissNo 14 🔥🔥🔥🔥1wReplyComment OptionsLike
anugrahpradanaa_,No.14🔥🔥🔥,anugrahpradanaa_No.14🔥🔥🔥1w1 likeReplyComment OptionsLike
ciwangs_,No. 14 sih 🙌 🔥,ciwangs_No. 14 sih 🙌 🔥1wReplyComment OptionsLike
andika_892,All in no. 14,andika_892All in no. 141wReplyComment OptionsLike
sarny_08,🔥🔥 14,sarny_08🔥🔥 141wReplyComment OptionsLike
rjlmns,No.2🔥,rjlmnsNo.2🔥1w1 likeReplyComment OptionsLike
shlfiasptri_,All In No.14😍🔥🔥,shlfiasptri_All In No.14😍🔥🔥1wReplyComment OptionsLike
vanvoord.hub,No 2 bestttttt menurutku,vanvoord.hubNo 2 bestttttt menurutku1w1 likeReplySee translationComment OptionsLike
rzkyptrwn_,Terbaik no.2🔥🔥🔥,rzkyptrwn_Terbaik no.2🔥🔥🔥1w1 likeReplyComment OptionsLike
pajokka_gabutt,14🔥,pajokka_gabutt14🔥1wReplyComment OptionsLike
si.ndi2284,2🔥,si.ndi22842🔥1w1 likeReplyComment OptionsLike
ulanfajriaa,No.14🔥❤️,ulanfajriaaNo.14🔥❤️1wReplyComment OptionsLike
bakwan__3,No.14,bakwan__3No.141wReplyComment OptionsLike
fa_dillah089,No 2,fa_dillah089No 21w1 likeReplyComment OptionsLike
alicewong2208,No.1🔥,alicewong2208No.1🔥1w3 likesReplyComment OptionsLike
sonnofdemoonn,No.2🔥🔥,sonnofdemoonnNo.2🔥🔥1w1 likeReplyComment OptionsLike
aanotherrsaras,no.2🔥🔥,aanotherrsarasno.2🔥🔥1w1 likeReplyComment OptionsLike
ekaliauw,No 1 🔥😂,ekaliauwNo 1 🔥😂1w3 likesReplyComment OptionsLike
kenie_marsha,12 yantiiii...❤️❤️❤️,kenie_marsha12 yantiiii...❤️❤️❤️1w1 likeReplyComment OptionsLike
chiachandy,No 2 🔥,chiachandyNo 2 🔥1w1 likeReplyComment OptionsLike
daryaaang__,No.14,daryaaang__No.141wReplyComment OptionsLike
muhndraa,No.14🔥,muhndraaNo.14🔥1wReplyComment OptionsLike
ayu_afriz,No.1,ayu_afrizNo.11w3 likesReplyComment OptionsLike
young11_,13.❤️❤️ @desakdeshi,young11_13.❤️❤️ @desakdeshi1wReplyComment OptionsLike
porenjeseja,Nomor 14 @ngghy_06 😀,porenjesejaNomor 14 @ngghy_06 😀1wReplyComment OptionsLike
pendakidadakan.id,No.14 mo dehh @ngghy_06 🔥🔥,pendakidadakan.idNo.14 mo dehh @ngghy_06 🔥🔥6dReplyComment OptionsLike
ramadhanirezkiah,"No. 11 ,,,,menyalaaaa🔥🔥🔥 @onkeljohnscoffee","ramadhanirezkiahNo. 11 ,,,,menyalaaaa🔥🔥🔥 @onkeljohnscoffee1wReplyComment OptionsLike"
yusril.fnu,@chuakurniawan no 2 saya disogokka,yusril.fnu@chuakurniawan no 2 saya disogokka1w2 likesReplyComment OptionsLike
chuakurniawan,@yusril.fnu 😂😂😂fitnah,chuakurniawan@yusril.fnu 😂😂😂fitnah1wReplyComment OptionsLike
_asfhar,Na suruhka @ngghy_06 komentar no 14 🔥🔥🔥,_asfharNa suruhka @ngghy_06 komentar no 14 🔥🔥🔥1wReplyComment OptionsLike
tretorikopi.mks,Nomor 2 @chuakurniawan 🔥🔥🔥,tretorikopi.mksNomor 2 @chuakurniawan 🔥🔥🔥1w1 likeReplyComment OptionsLike
tuti.tutess,Bismillah No 7 andalangaaa 💥💥💥 @zulfikar_as26,tuti.tutessBismillah No 7 andalangaaa 💥💥💥 @zulfikar_as261wReplyComment OptionsLike
wahyuu.nurdin,no 7 . zulfikar @zulfikar_as26,wahyuu.nurdinno 7 . zulfikar @zulfikar_as261wReplyComment OptionsLike