Username,Comment,Comment_Time
nrindahhh18_,No 7ğŸ”¥,2024-09-14 02:26:34
sham.abdul,No.7,2024-09-16 07:36:50
mitamayawati,No.7,2024-09-14 10:38:59
ndhy_oi,Nomer 7 gass,2024-09-14 15:50:38
try_asrullah,7 ğŸ‘ğŸ‘ğŸ‘ğŸ‘,2024-09-14 01:02:29
afebiiy,No 7,2024-09-14 00:25:15
ricanas.g_,Nomor 7,2024-09-14 06:23:42
muharsalfarham,7ğŸ”¥,2024-09-14 14:22:24
febrianwar_sfa,No 7,2024-09-14 12:24:08
aa_putratbk,No 7 ğŸ’¥ğŸ’¥ğŸ’¥,2024-09-14 03:08:58
muh_arhamsyah,No. 7 manyaalaaaa ğŸ”¥ğŸ”¥ğŸ”¥,2024-09-14 05:17:41
stnurfadhila,No 7 ğŸ”¥ğŸ”¥ğŸ”¥ğŸ”¥,2024-09-13 17:11:08
auraatfh,7ğŸ¬,2024-09-14 03:40:14
windasafitri15,No 7,2024-09-14 03:54:39
nrindahhh18_,No 7ğŸ”¥,2024-09-14 02:26:34
sham.abdul,No.7,2024-09-16 07:36:50
mitamayawati,No.7,2024-09-14 10:38:59
ndhy_oi,Nomer 7 gass,2024-09-14 15:50:38
try_asrullah,7 ğŸ‘ğŸ‘ğŸ‘ğŸ‘,2024-09-14 01:02:29
ricanas.g_,Nomor 7,2024-09-14 06:23:42
afebiiy,No 7,2024-09-14 00:25:15
auraatfh,7ğŸ¬,2024-09-14 03:40:14
tanriayu_,No 7 ğŸ”¥,2024-09-14 02:45:20
febrianwar_sfa,No 7,2024-09-14 12:24:08
aa_putratbk,No 7 ğŸ’¥ğŸ’¥ğŸ’¥,2024-09-14 03:08:58
muh_arhamsyah,No. 7 manyaalaaaa ğŸ”¥ğŸ”¥ğŸ”¥,2024-09-14 05:17:41
muharsalfarham,7ğŸ”¥,2024-09-14 14:22:24
stnurfadhila,No 7 ğŸ”¥ğŸ”¥ğŸ”¥ğŸ”¥,2024-09-13 17:11:08
windasafitri15,No 7,2024-09-14 03:54:39
ra.nis_,No 7,2024-09-14 01:00:34
icang_jkrocks,No 7 dong. ğŸ’ªğŸ’ªğŸ”¥ğŸ”¥ğŸ”¥ğŸ˜ğŸ˜,2024-09-14 02:15:49
triastutipradana,7ğŸ”¥,2024-09-13 22:16:04
nisbahhhhhhh,Nombor 7 ğŸ”¥,2024-09-13 17:47:48
my_f__,No 7ğŸ”¥ğŸ”¥ğŸ”¥,2024-09-13 23:08:50
yuliana_fy18,No 7,2024-09-15 14:20:39
ashariharimu,No. 7 ğŸ”¥ğŸ”¥ğŸ”¥ğŸ’¥ğŸ’¥,2024-09-13 20:04:24
albria1104_,7ğŸ”¥,2024-09-14 01:56:46
sryhardiantireski,Nomor 7,2024-09-13 23:47:15
acicocii,No 7 ğŸ”¥,2024-09-14 11:09:41
arioreskii,kasi menyala abang no 7.ğŸ”¥ğŸ”¥ğŸ”¥,2024-09-13 17:35:41
ratihsri.wahyuni,7ğŸ”¥,2024-09-14 04:30:56
w.anng_,9ğŸ”¥ğŸ”¥,2024-09-25 23:05:30
vherasusanthy,No 7 ğŸ”¥ğŸ”¥ğŸ”¥,2024-09-25 14:44:45
ardhilili,7,2024-09-13 21:11:50
firdausiskdr,7,2024-09-14 04:01:03
lilisanggraeniputrii,7 ğŸ”¥ğŸ”¥ğŸ”¥ğŸ”¥ğŸ”¥,2024-09-14 03:29:39
femmyangrea,7,2024-09-16 09:03:41
rramadhnii__,7ğŸ”¥ğŸ”¥ğŸ”¥,2024-09-15 10:08:26
bntgputra_,7 ğŸ”¥,2024-09-14 15:01:32
faroozz,No. 9,2024-09-19 03:06:11
ichalolii,No. 7 ğŸ”¥ğŸ”¥,2024-09-13 21:37:59
arlianfachrul,7,2024-09-14 00:50:19
imbran_tilolango27,7,2024-09-14 12:50:38
cindytriulangdari,No 7 ğŸ”¥ğŸ”¥,2024-09-14 02:52:30
onexcropozz,No.7,2024-09-15 01:17:39
imfiaa,No 7 gass,2024-09-14 02:28:24
mikhaamanda,No. 7,2024-09-20 10:59:59
ridwanthebrandalz,No 7,2024-09-18 15:38:49
tutut_13,No. 7ğŸ”¥,2024-09-13 17:22:09
nurww_,No 7 dongğŸ”¥,2024-09-15 01:17:49
mitamayawati,No.7,2024-09-14 11:22:33
ayamardjani,No 7 ğŸ”¥ğŸ”¥ğŸ”¥,2024-09-13 23:56:05
acicocii,No 7 ğŸ‘,2024-09-24 12:01:32
tsyrnn,no 7,2024-09-14 02:48:16
yuli.yuuu,nmr 7ğŸ’¥ğŸ’¥,2024-09-13 23:43:12
radiatulaudia,No.7 donggg ğŸ”¥ğŸ”¥ğŸ”¥,2024-09-14 00:01:10
dhesyanwaar,No. 7ğŸ”¥,2024-09-13 21:45:02
ivamusdalifah1,Nomer 7,2024-09-16 09:04:06
noviita_dm,Nomor 7 ğŸ”¥ğŸ”¥ğŸ”¥,2024-09-13 22:34:47
onkeljohnscoffee,Untuk lebih yakin akan pilihanfavorit crew jangan Lupa Selain Comments wajib Follow dan Like yaaâ€¦,2024-09-25 15:10:53
iqramjenma_,9,2024-09-25 14:37:35
ria_syam_78,9ğŸ”¥ğŸ”¥ğŸ”¥ğŸ”¥ğŸ”¥ğŸ‘,2024-09-25 14:35:34
adham_muhammad,No. 9 ğŸ”¥ğŸ”¥ğŸ”¥,2024-09-24 07:22:19
nrsyamap,9 ğŸ”¥ğŸ”¥ğŸ”¥ğŸ˜,2024-09-17 07:07:21
mhmmd_unu,No 10 andalanga,2024-09-24 08:33:30
_ylywan,@chan_sardy15 pilih mki yg lale,2024-09-24 09:39:44
_yaayatt,No. 10 ğŸ‘ğŸ”¥,2024-09-24 08:47:28
cheline289,Me 02 ğŸ˜ğŸ‘,2024-09-15 10:51:43
nasrum_89,No. 10 andalanga ğŸ”¥ğŸ”¥ğŸ”¥,2024-09-24 08:27:00
msmliadiii_,9 ğŸ”¥ğŸ”¥ğŸ”¥,2024-09-22 19:46:26
ardeliadjiyadi,9ğŸ”¥,2024-09-23 10:31:15
heri_ago,No 7,2024-09-14 02:52:12
fit_fira,9 paling top ğŸ‘ğŸ‘ğŸ‘ğŸ”¥ğŸ”¥ğŸ”¥,2024-09-15 05:11:56
dribel___,No 9 meletusssğŸ”¥ğŸ”¥ğŸ”¥,2024-09-20 23:45:54
d.niilll,Menyala  no 9ğŸ”¥ğŸ”¥ğŸ˜,2024-09-24 01:42:38
ericaamaliahhid_,aku sihh no 9ğŸ’‹,2024-09-12 11:40:05
zyiqif,No 4,2024-09-15 15:24:46
nnnuge,No.7,2024-09-13 22:29:03
uni_25,No 7 saya ğŸ”¥ğŸ”¥ğŸ”¥ğŸ”¥ fikar dongg,2024-09-14 07:02:17
andifahmmi,No. 7,2024-09-16 07:38:58
deessidrs_,No.05 dongs ğŸ˜,2024-09-12 23:27:36
devis.ss,7,2024-09-23 11:01:12
devis.ss,No 7,2024-09-23 11:01:44
_nurahhh09_,No.7 kerenğŸ”¥ğŸ”¥ğŸ”¥,2024-09-23 10:01:15
lorensius_seto,No.9 ğŸ”¥ğŸ”¥ğŸ”¥,2024-09-22 08:07:17
ikra.abatasa,No 14,2024-09-17 03:16:31
irwanlulung,Menyala No 9 ğŸ”¥ğŸ”¥,2024-09-15 09:31:06
hy__wins,No. 2 ğŸ”¥,2024-09-18 06:18:03
shintaamelia339,No 9 andalan ğŸ‘ğŸ‘ğŸ‘,2024-09-20 15:48:25
pena_mkss,No 9 ğŸ‘ğŸ‘,2024-09-20 15:48:05
tasyah_acha,@bellephysionomie @yuliantiawaliaa_,2024-09-11 16:14:30
_andi.annisa,No.9,2024-09-19 14:12:40
indahmoee92,02 Chua tww,2024-09-13 10:11:06
akhaerunnisaa,No 9,2024-09-18 02:35:50
haryanto98,09ğŸ”¥ğŸ”¥,2024-09-11 07:15:53
rslamin_,menyala no 9ğŸ‘,2024-09-17 07:37:22
nrnningsy,No.12â¤ï¸,2024-09-11 07:31:13
mhysuuf_22,No.7 keren ğŸ”¥ğŸ”¥,2024-09-14 04:02:13
alvhin_1808,Ok deh no 2,2024-09-16 08:47:45
_.saturasa,No.5  TawwağŸ’¥â¤â€ğŸ”¥,2024-09-12 17:43:23
ardi_gacorrr04,5 nya ajağŸ”¥,2024-09-13 02:12:37
ak_bar.13,No.5â¤ï¸,2024-09-12 18:15:10
i2fhrrozi,No.5 ğŸ”¥,2024-09-12 13:20:25
allaboutyer,Number 9 ğŸ‘ğŸ˜,2024-09-19 01:43:23
whoisrael_,No.9 ğŸ”¥,2024-09-19 01:44:31
thino.30,nomor 9 ğŸ”¥,2024-09-19 02:00:06
fsb_silvia,no.9,2024-09-19 02:20:19
tro_cis_,No. 9,2024-09-19 02:29:08
geraldsingal,No. 9,2024-09-19 02:29:46
gengtriltua_manado,No. 9,2024-09-19 02:30:15
kdayanti___,No. 09,2024-09-19 02:31:23
dvhidayat8,NO. 9 ğŸ”¥ğŸ”¥ğŸ”¥,2024-09-19 02:35:44
stezmd,No.9,2024-09-19 02:37:27
ranger.blue.77,No 9 ğŸ‘,2024-09-19 02:40:12
mhmmdardiansyahs_,No.9ğŸ”¥,2024-09-19 02:41:34
adman_rifai,No.9,2024-09-19 02:43:24
fadh9541,Nomor 9 ğŸ‘ğŸ˜,2024-09-19 02:55:30
ando_alessandro,No 9 ğŸ”¥ğŸ”¥,2024-09-19 03:02:05
i.arnn,no 9ğŸ”¥ğŸ”¥,2024-09-19 03:12:33
barasahdin12,No. 9,2024-09-19 03:12:47
yusrifar20,Nomor 9 no debat.. Catat.! ğŸ”¥ğŸ”¥,2024-09-19 03:13:24
andreaskaeng,No. 9,2024-09-19 03:15:00
poppytriningsih,No 9 ğŸ”¥,2024-09-19 03:22:14
gabrielaantika,no. 9 gas,2024-09-19 03:23:16
theresiaumboh_,No. 9 Paling spanğŸ”¥,2024-09-19 03:24:06
amiruddinngerang,No.1 jiiiiiğŸ”¥ğŸ”¥,2024-09-19 03:37:10
me.ndr_21,no.9,2024-09-19 04:05:25
_n.irfannn,No.9 ğŸ˜,2024-09-19 04:12:42
adnanags,9 dong,2024-09-19 04:15:34
novia_anastasya15,No. 9,2024-09-19 05:04:24
nhy_abdrasyid,no.9 ğŸ”¥,2024-09-19 05:15:12
anhy_asriani96,no.9 ğŸ‘,2024-09-19 05:16:24
sulkiflii_27,no 9 ğŸ”¥,2024-09-19 05:17:44
andi.asharii,no.9,2024-09-19 05:28:07
sandhi_xxi,No. 9ğŸ”¥,2024-09-19 05:38:47
kurokiba_yuki2530,9 dunks,2024-09-19 06:07:44
aariclet,09ğŸ™Œ,2024-09-19 06:37:23
ayrahayya_rid_rukka,No.5,2024-09-19 06:37:26
putrantopotabuga,No.9,2024-09-19 07:36:23
ag_masipi07,No.9,2024-09-19 07:36:41
ruthyolandaputri_,No 9,2024-09-19 09:34:24
srisanti_san,No 9,2024-09-19 09:40:26
nurul_febrianti02,No. 9 ğŸ”¥ğŸ”¥ğŸ”¥,2024-09-19 10:33:33
jr_chefdeshint,No. 9 ğŸ‘,2024-09-19 10:39:44
yan.tihardiyanti,No.9 dongg andalannnnnnn gueeeeğŸ˜ğŸ˜,2024-09-19 10:42:59
_rekaaaaaa,7 ğŸ”¥,2024-09-19 11:42:53
fergozz,No.9 ğŸ”¥ğŸ”¥,2024-09-19 12:24:24
sakinamirdamaputri,No 9 bestğŸ”¥ğŸ”¥ğŸ”¥,2024-09-19 12:33:25
phita_06,9 keren,2024-09-19 12:54:54
astrisau,9 mantapğŸ”¥,2024-09-19 12:56:12
yola_pril,No 9 keren kaliğŸ”¥,2024-09-19 12:58:07
eyylinn_,no 9 ğŸ”¥,2024-09-19 13:01:28
stevani_mutiara,Nomor 9ğŸ”¥ğŸ”¥,2024-09-19 13:04:04
fadly.radjab,No 9 ğŸ”¥ğŸ”¥,2024-09-19 14:40:52
grxcellent_,NOMORR 9 ğŸ”¥ğŸ”¥ğŸ”¥,2024-09-19 15:55:25
grxcellent_,9 ğŸ”¥,2024-09-19 15:55:31
sisiliakumala,No 9 ğŸ¤ŸğŸ»ğŸ”¥,2024-09-19 16:05:02
nurhikma_k,Nomor 9ğŸ”¥,2024-09-19 18:51:09
x3la____,Nomor 3ğŸ˜,2024-09-19 22:31:14
muhammadguntur404,No 7 andalan,2024-09-20 00:50:47
laelyaasebiaa,02ğŸ”¥ğŸ”¥ğŸ”¥ğŸ”¥,2024-09-20 09:41:09
n4yaae3,01ğŸ˜ğŸ˜ğŸ˜,2024-09-20 09:41:29
lovmcdd,06,2024-09-20 09:54:16
fruitwister,05 ğŸ”¥ğŸ”¥ğŸ”¥,2024-09-20 10:27:57
dirggea,Vote 12 ğŸ”¥ğŸ”¥,2024-09-20 14:11:31
musikaprojectreal,1 ğŸ‘,2024-09-20 14:11:44
arbgcr134,9,2024-09-20 14:30:54
oljhu,9999999,2024-09-20 14:32:00
muhariqq,9 Letsgooo ğŸ”¥ğŸ”¥ğŸ”¥,2024-09-20 14:32:47
sakuravillagemks,9!!!!,2024-09-20 14:36:41
marr.sayyaf,9,2024-09-20 15:22:04
tzm_makassar,9,2024-09-20 15:26:34
fadjrulmus_,9,2024-09-20 15:39:35
dillahmus_,09,2024-09-20 15:40:29
fhaarifha,No.09ğŸ”¥,2024-09-20 15:44:22
pps_tamamaung,09 ğŸ”¥ğŸ”¥ğŸ”¥,2024-09-20 15:44:55
ayuuwahyy,Menyala bossku No 09 jiiğŸ˜,2024-09-20 15:57:31
inditaindriani,No 9ğŸ”¥,2024-09-20 15:57:44
celinawuy,999,2024-09-20 16:26:09
waa.ann_,No 9,2024-09-20 16:40:06
lilly.lianaa,No 9ğŸ”¥ğŸ”¥,2024-09-20 22:23:40
myhad0873900r72h4668,No. 9 sihh mantapp,2024-09-20 22:56:36
_anurulfajriii,No.9 sih ğŸ”¥,2024-09-21 00:00:31
priyayiputri,Menyala 9ğŸ”¥ğŸ”¥,2024-09-21 05:21:13
21sweettyy_,no.05 anti redup,2024-09-21 06:52:49
_aryaaprtma,menyalaaa no 12ğŸ”¥ğŸ”¥ğŸ”¥,2024-09-21 07:21:57
zidanealkahf,12,2024-09-21 07:36:00
fajaralmuqtadr,12ğŸ”¥,2024-09-21 07:40:36
gilang_rahmadan17,No. 7ğŸ”¥,2024-09-21 08:29:05
annizapm,9,2024-09-21 09:14:54
terkuncih,9,2024-09-21 09:15:07
fangirlea,9,2024-09-21 09:15:35
_nicanss,No 05,2024-09-21 09:56:53
faizahh57,No 5,2024-09-21 09:57:26
_nurilhamj,No. 9ğŸ˜ğŸ˜,2024-09-22 08:06:07
nolepbgtt,No.9,2024-09-22 08:12:18
syfar_04,No. 9ğŸ˜,2024-09-22 08:13:08
stevenveliex,9,2024-09-22 08:16:18
vaaannn24,9ğŸ”¥ğŸ”¥,2024-09-22 08:28:57
syrsyr__,Si 9 kelass ğŸ”¥,2024-09-22 08:45:22
nurulismaaa_,No.9 ğŸ”¥ğŸ”¥ğŸ”¥,2024-09-22 08:53:17
amirah.ajaa,No 9 dongğŸ”¥ğŸ”¥,2024-09-22 09:00:26
khaicici,9 ğŸ™Œ,2024-09-22 09:04:24
saisyahe,No 9. ğŸ”¥,2024-09-22 09:45:48
fidyaafr,9,2024-09-22 10:53:07
siismy,No. 9 dong,2024-09-22 11:15:44
jiihanmr,No.9 ğŸ”¥ğŸ”¥,2024-09-22 12:11:43
rfrnsiska,9 huhaaağŸ”¥ğŸ”¥ğŸ”¥,2024-09-22 15:14:38
ammhy27,no 9,2024-09-22 15:22:08
nurafriliaa,No 9 ğŸ”¥,2024-09-22 17:31:02
nilatiazs,no 9,2024-09-22 17:31:31
bila_061,No 9,2024-09-22 17:32:38
syhrnm.exe,no 9,2024-09-22 17:34:27
syahraenim,no 9,2024-09-22 17:35:13
nasrulmashud,No 9,2024-09-22 17:35:53
putranugerah_,no 9,2024-09-22 17:36:18
andiniputrykila4,No 9,2024-09-22 17:36:47
milanurdin_23,No 9,2024-09-22 17:37:04
athykaalfhya,no 9,2024-09-22 17:38:10
thykayx,no 9,2024-09-22 17:39:13
rfnyindhsri,No 9,2024-09-22 17:40:04
adityhputr_,No 9,2024-09-22 17:41:19
sandisa03,09 menyala,2024-09-22 22:33:51
putriawalya_,No 9 ğŸ”¥ğŸ”¥,2024-09-23 01:57:57
sukmawatimarsuki,No.7ğŸ”¥,2024-09-23 03:08:57
rajutanatcraft,9,2024-09-23 03:54:25
g_athaya,9,2024-09-23 04:16:47
sitawardihan,Nomor 9!!!!,2024-09-23 06:18:40
amarrafik,No 7 kelazğŸ”¥,2024-09-23 09:55:18
aisqueeen_,No.7,2024-09-23 09:58:49
iskandaryusuf2244,No 7ğŸ”¥ğŸ”¥ğŸ”¥,2024-09-23 10:02:01
irfan_yusuf0417,No 7ğŸ”¥ğŸ”¥ğŸ”¥,2024-09-23 10:03:25
andi_rsk12,No 7,2024-09-23 10:04:05
radianshya_9,No 7 ğŸ”¥,2024-09-23 10:06:40
aaaaaaaand1n_,7,2024-09-23 10:11:13
halijagalib,No.7,2024-09-23 10:20:26
__supiatisyafitri__,no 7 kerenğŸ”¥ğŸ”¥,2024-09-23 10:25:33
arshrn_,No. 7,2024-09-23 10:33:54
syhrani.3,No 7,2024-09-23 10:44:54
_imeiy,9,2024-09-23 10:46:28
grizentius1,No 9 ğŸ‘,2024-09-23 10:52:10
williamaristia_,9ğŸ¤Ÿ,2024-09-23 10:55:09
asmaraaani_,Nomor 7,2024-09-23 10:59:54
hitabanten,No.9 ğŸ”¥,2024-09-23 11:01:29
mufffli_,Nmr 7,2024-09-23 11:01:54
adilaskari,No. 7,2024-09-23 11:02:09
rent.byaira,No 7,2024-09-23 11:03:05
arkaaditya_pratama,No 7,2024-09-23 11:04:08
berryyahya,ğŸ”¥No.7 ğŸ˜,2024-09-23 11:04:18
arkaaditya_pratama,No 7,2024-09-23 11:04:18
_dopamint,no. 9,2024-09-23 11:05:27
jamhari.jamhari.142892,No. 9 ğŸ”¥,2024-09-23 11:06:43
muhammadhayad,no 7,2024-09-23 11:12:55
oosshinn,No 9 ğŸ’ªğŸ»ğŸ’ªğŸ»ğŸ’ªğŸ»,2024-09-23 11:14:55
jamharihari78,No. 9,2024-09-23 11:15:11
fajarr_zaga,no7,2024-09-23 11:19:20
ekaaprilyahya,No. 7 ğŸ’¥,2024-09-23 11:20:09
frezzecomel,9,2024-09-23 11:20:31
prisscilliagaby_,9,2024-09-23 11:20:45
nawarmunaddjani,No.7,2024-09-23 11:21:31
atenrinurfdh,7,2024-09-23 11:22:18
nadiyahimrann,7,2024-09-23 11:23:18
diickymp,No 7,2024-09-23 11:26:15
tikatambunan_,No 7,2024-09-23 11:26:52
ryan_zaerneli,No.5ğŸ”¥ğŸ”¥,2024-09-23 11:27:47
ryandyaprlnsyh,7,2024-09-23 11:28:27
almitrapy,No 7ğŸ”¥,2024-09-23 11:33:31
vkersyit,7,2024-09-23 11:33:42
eunikenatalia24,No 9ğŸ”¥,2024-09-23 11:34:48
hidungpoonya,No. 7 ğŸ”¥ğŸ”¥ğŸ”¥,2024-09-23 11:35:07
merry_krisyanti,No. 9,2024-09-23 11:39:46
kristinatin288,No. 9,2024-09-23 11:41:07
de_wiy25,No.7,2024-09-23 11:41:52
febydamita,No.9,2024-09-23 11:42:18
heyhabiib,No.7,2024-09-23 11:42:34
haikalandi7,No 7 ğŸ”¥ğŸ”¥ğŸ”¥,2024-09-23 11:44:27
muhadjiew,No. 7,2024-09-23 11:45:00
rickylauriii,9,2024-09-23 11:45:29
_nurullhijriahh_,no 9â¤ï¸ğŸ”¥,2024-09-23 11:46:27
nhissaa_,No.9 ğŸ”¥,2024-09-23 11:48:46
araanria,9ğŸ”¥,2024-09-23 11:49:24
muhazylrfly,No 7 ğŸ”¥ğŸ”¥ğŸ”¥,2024-09-23 11:50:37
alenadpalm,No.9,2024-09-23 11:51:30
asraacca04,No 9ğŸ‘,2024-09-23 11:54:11
asraacca04,No 9,2024-09-23 11:54:34
titin_yusma,9 lahhhhhhh ğŸ”¥ğŸ”¥ğŸ”¥ğŸ”¥,2024-09-23 11:55:28
ivanfadilah46,No.5ğŸ”¥ğŸ”¥,2024-09-23 11:56:08
syukur.17,No. 7 tawwa ğŸ”¥ğŸ”¥,2024-09-23 11:57:26
scndnuurul,No 9ğŸ‘ğŸ˜,2024-09-23 11:59:46
maysritaurusti,7 andalanku,2024-09-23 12:00:33
josemivalosw,9 ğŸ”¥ğŸ”¥ğŸ”¥,2024-09-23 12:01:38
sajidaslam590iv,No.7 Ronaldo ğŸ”¥,2024-09-23 12:02:04
meri_nita05,no. 9ğŸ”¥,2024-09-23 12:08:35
magnummildkodong,7 bosku,2024-09-23 12:10:10
haerul_hmka,Komen no 7,2024-09-23 12:18:20
fannyleonard__,No.9,2024-09-23 12:23:19
asrullah_mustari,No 9ğŸ”¥ğŸ”¥ğŸ”¥,2024-09-23 12:27:12
jalanmuuu_,No 9. ANDALANğŸ™ŒğŸ”¥ğŸ”¥,2024-09-23 12:28:33
nrlfadllh,No 7 andalan bangettt,2024-09-23 12:39:06
sulfiantosultan,No 7 dongg,2024-09-23 12:40:06
rahmma0606,No 7 AndalangkuğŸ™Œ,2024-09-23 12:40:49
harrry_11,No 7 mantap,2024-09-23 12:41:58
sitytri_alone,gas no 7,2024-09-23 12:42:51
carolhadionoeman,No. 7 lah! ğŸ”¥ğŸ˜,2024-09-23 12:44:26
fahmianugerah_,No.7,2024-09-23 12:48:25
uthe_5c3,No 7 excellent,2024-09-23 13:02:27
titimelyana,No.7,2024-09-23 13:06:25
yuli_ardini,No. 7 ğŸ”¥ pasti mi menang ğŸ”¥,2024-09-23 13:06:57
titimelyana,7,2024-09-23 13:07:11
titimelyana,7,2024-09-23 13:07:14
nandoawusi,No 7,2024-09-23 13:08:27
nitaaisyah11,07ğŸ˜,2024-09-23 13:13:24
anggiling_,No 9 sih ğŸ’¥,2024-09-23 13:15:24
agussaden,No.7ğŸ”¥,2024-09-23 13:18:32
graziedude,no 7,2024-09-23 13:21:13
kheceq_19,No.7,2024-09-23 13:28:47
yunike.ramba,No.9ğŸ™Œ,2024-09-23 13:29:30
ms.chw,No. 7 â¤ï¸,2024-09-23 13:36:14
ririenjanuarti,No.7,2024-09-23 13:39:28
muhammad_rozali11,No. 7,2024-09-23 13:40:09
cacadjuanda,no 7,2024-09-23 13:46:07
tampalss,Nomor 7,2024-09-23 13:48:18
jovankhamardova,7,2024-09-23 13:51:31
dege_ijhie,No.7,2024-09-23 13:52:30
dhila.nabila.37,No 9,2024-09-23 13:52:58
rexabakti,No 7,2024-09-23 13:53:58
arnoldswasanasegar,7,2024-09-23 13:58:06
4ndittt,9 lah gasssğŸ”¥,2024-09-23 14:00:22
oliviainrianti,No 9 berapi-apiğŸ”¥ğŸ”¥ğŸ”¥ğŸ”¥ğŸ”¥,2024-09-23 14:00:45
diraaaliqahh,No 7ğŸ”¥,2024-09-23 14:01:07
eirenebunga,No 7ğŸ”¥ğŸ”¥ğŸ”¥ğŸ”¥ğŸ”¥,2024-09-23 14:02:24
hbbdwimika,No.7,2024-09-23 14:03:15
__fbriinimm,No 9 cello jiğŸ”¥ğŸ”¥ğŸ”¥,2024-09-23 14:03:36
muh.arham.sejahtera27,No. 7 ğŸ”¥,2024-09-23 14:08:14
ruslywulandari,No. 7 menyalaaaa,2024-09-23 14:12:00
konniyulaycia,No 7,2024-09-23 14:12:40
supianiaruddini,No 7,2024-09-23 14:12:51
putriiiayu______,No.7 ğŸ”¥,2024-09-23 14:14:42
gergerr99,No 9,2024-09-23 14:19:54
annisza22,No 9,2024-09-23 14:22:23
annisza22,Mc,2024-09-23 14:22:38
aoelyha_qry,no 9ğŸ”¥ğŸ”¥,2024-09-23 14:24:55
ahmadfauzann21,No. 7,2024-09-23 14:33:26
nisaarry_,9 dongggggggggğŸ”¥,2024-09-23 14:35:52
alesha_shakila8,No 7,2024-09-23 14:42:16
eisyie_,"No. 9, yuhuuuğŸ”¥",2024-09-23 14:46:40
_silviaindah,No 7,2024-09-23 14:48:21
putryzaskiaa,No 9ğŸ™ŒğŸ˜,2024-09-23 14:53:45
dfrslaa___,9ğŸ”¥,2024-09-23 15:01:50
ibethlvtr,No.7,2024-09-23 15:05:16
yoriss_rs,No 9 cello ğŸ”¥ğŸ”¥ğŸ”¥ğŸ”¥,2024-09-23 15:16:56
anandakeziaa,9 9 9 ğŸ”¥ğŸ”¥,2024-09-23 15:18:30
michaeljrsz,Nomor 9,2024-09-23 15:20:05
kolonel_baygon,7,2024-09-23 15:25:22
dwirachmasari_,No 9 ğŸ˜ğŸ˜ğŸ˜,2024-09-23 15:43:58
farhanmdd_,7,2024-09-23 15:48:43
ismailhasan._,7,2024-09-23 15:49:30
muhmismus,No.9 @vim,2024-09-23 15:50:51
wahyuninengsi_19,No.9,2024-09-23 15:51:20
_andiaccaa,9 kasi menyalaaağŸ”¥,2024-09-23 15:52:49
andi_mutmainnah_,9 ğŸ”¥ğŸ”¥ğŸ”¥ğŸ”¥,2024-09-23 15:54:02
rockymanlaode__,No.9,2024-09-23 15:54:05
yuna_asnr,No. 9 dongg ğŸ”¥ğŸ”¥ğŸ”¥,2024-09-23 15:55:13
gebang_,No 7,2024-09-23 15:55:30
ismayuniarni,No. 9 ğŸ”¥,2024-09-23 15:56:26
aderanggaaaa,no 9,2024-09-23 15:56:32
adrianwilde7,NO.9 ğŸ™Œ,2024-09-23 15:57:14
fiqri.fcb,No 9 menyala abangku ğŸ”¥,2024-09-23 15:58:40
aslnnnr_,Disuruh sama nisa komen no 9,2024-09-23 15:59:52
gungsym__,9 menyala,2024-09-23 16:05:59
ayiipakk,No.9,2024-09-23 16:28:39
a.putrislsbila,No 9,2024-09-23 16:43:32
as.powerrr,No 7 ğŸ”¥,2024-09-23 16:49:53
as.powerrr,No 9ğŸ”¥,2024-09-23 16:50:02
kak4b3ss,No 9 tawwağŸ‘ğŸ’¥,2024-09-23 16:50:45
joniinicholas,nomor 9,2024-09-23 16:51:09
etipul87,7,2024-09-23 16:52:52
r.traash,9ğŸ¤ªâ˜ğŸ»,2024-09-23 16:53:07
ichsan_hamzah,No 9 ğŸ”¥ğŸ”¥ğŸ”¥ğŸ”¥,2024-09-23 17:28:57
shilfiaaf26,9 ğŸ˜ğŸ”¥,2024-09-23 17:51:23
didit_arf,no 9,2024-09-23 18:42:08
hayyyy_rati,No. 7...no Debat!!ğŸ”¥,2024-09-23 20:23:54
aimam.12,No. 7,2024-09-23 21:35:16
nrfdlh19_,No. 9 ğŸ”¥ğŸ”¥,2024-09-23 22:11:34
mirahasmira_29,No 9ğŸ”¥,2024-09-23 22:29:00
awwaliaimadaa,No 7,2024-09-23 22:35:01
nigustimsw,No.9ğŸ”¥ğŸ”¥ğŸ”¥,2024-09-23 22:36:14
ridhailh,No. 9ğŸ”¥,2024-09-23 22:52:43
anggarasidang,No. 9ğŸ˜,2024-09-23 23:00:27
andryindraputra,No 7 ğŸ”¥ğŸ”¥ğŸ”¥ğŸ”¥,2024-09-23 23:43:14
_oliviaaaaa27,No 9,2024-09-23 23:53:23
theodorikryanto,No.9ğŸ‘,2024-09-23 23:57:26
muhammadyusuff00,no.9,2024-09-24 00:09:46
anggylatuheru,No.9 ğŸ”¥ğŸ”¥,2024-09-24 00:10:13
rabbit.moon_,No.9 ğŸ’¥ğŸ”¥,2024-09-24 00:11:04
adeliasrny,no.9ğŸ‘,2024-09-24 00:23:27
alipa_sal,no.9ğŸ‘,2024-09-24 00:23:49
mala.ozy,No. 9 sih,2024-09-24 00:24:45
ahmadhsaydi_,7 ğŸ”¥,2024-09-24 00:25:29
dyanhardiman,no 9,2024-09-24 01:20:53
rosalia.1603,No. 6 mantap,2024-09-24 01:26:15
ndii_1299,7,2024-09-24 01:29:11
ndii_1299,7,2024-09-24 01:29:14
dirsyamalamsyah,No 7 lah,2024-09-24 02:10:22
aulsdrmn,9 ğŸ”¥ğŸ™ŒğŸ»ğŸ”¥,2024-09-24 02:10:39
mawaarsari,No 9 ğŸ”¥,2024-09-24 02:17:22
priscillagrace02,No.9,2024-09-24 02:24:24
a.mayangsari_,9ğŸ”¥ğŸ”¥,2024-09-24 02:41:55
didanitaa,9 ğŸ”¥,2024-09-24 03:35:48
asinanlop,No9ğŸ”¥ğŸ”¥ğŸ”¥ğŸ”¥,2024-09-24 04:24:12
fkhrann,9 meledaghğŸ”¥ğŸ”¥ğŸ”¥ğŸ”¥,2024-09-24 04:30:04
ivanaatan,No.9,2024-09-24 04:51:18
ilhamyusandana_,No 9,2024-09-24 05:24:09
mughnitasya,No.9 ğŸ”¥,2024-09-24 05:45:03
shintiaa._,no9,2024-09-24 05:55:40
batticlaudia_,No. 9,2024-09-24 05:59:38
x_ikhsan24,Y 09,2024-09-24 06:56:22
_faslii,No 9 ğŸ”¥ğŸ”¥,2024-09-24 07:35:38
niinsky_,No 9,2024-09-24 07:37:41
irnasarijayaa,No 10 pastiy. ğŸ”¥ğŸ”¥,2024-09-24 08:23:04
irnasarijayaa,10,2024-09-24 08:25:53
irnasarijayaa,Nomor 10. ğŸ‘,2024-09-24 08:25:59
irnasarijayaa,10ğŸ˜,2024-09-24 08:26:03
irnasarijayaa,Nomor 10.,2024-09-24 08:26:20
irnasarijayaa,Jelasmi iyah nomor 10. ğŸ˜,2024-09-24 08:26:28
irnasarijayaa,10.,2024-09-24 08:27:29
iilhamghazali,10,2024-09-24 08:34:22
iilhamghazali,10,2024-09-24 08:34:50
iilhamghazali,10,2024-09-24 08:34:53
hrismnndar_abng,No.10 Daengku ğŸ‘ğŸ”¥,2024-09-24 08:36:01
reza.fahlevi46,No.10 ğŸ”¥ğŸ”¥,2024-09-24 08:36:14
dewi59094,Selamat No. 10 kk irsanğŸ™ŒğŸ’ªğŸ’ª,2024-09-24 08:39:55
ahmadnamuk,No.10 the best,2024-09-24 08:41:59
amiruddin3981,10,2024-09-24 08:42:20
arsyaputraarsya,No 10 â¤ï¸ğŸ”¥ğŸ‘,2024-09-24 08:44:54
muhsyahrulhamid,No. 10 ğŸ”¥ğŸ”¥ğŸ”¥ğŸ˜,2024-09-24 08:48:51
muh_rafiq17,No. 10 Andalang ku ğŸ”¥ğŸ”¥ğŸ”¥,2024-09-24 08:52:13
abd.muis_gahar,10,2024-09-24 09:01:34
surianimakile,No.10 yg terbaikğŸ”¥ğŸ”¥ğŸ”¥,2024-09-24 09:15:54
wahyuadiikbalrifk,10,2024-09-24 09:33:44
musliadi.syam,No. 10,2024-09-24 09:38:41
kekecilang,"Vota nomor 9 gan, langsung dingin makassar",2024-09-24 09:48:42
tykatuuu2111,Go no 9ğŸ”¥ğŸ”¥,2024-09-24 09:54:09
uligultomm,9ğŸ”¥ğŸ”¥,2024-09-24 09:55:56
whtswr00ngg,9ğŸ’¥,2024-09-24 09:56:18
lydsiahaan,9 goooğŸ”¥,2024-09-24 09:57:25
sastra__adelina,9 donggğŸ˜,2024-09-24 09:58:01
dikapranata_22,No. 10 kandaku,2024-09-24 10:12:34
dikapranata_22,No 10 tantumi,2024-09-24 10:13:31
hyminz__,10 lah andalan,2024-09-24 10:14:48
29withlope,10 lah abangku,2024-09-24 10:15:56
alfarisghiats,No 7 ğŸ”¥,2024-09-24 10:16:37
kulupanamaku085,Menyala no 10ğŸ™ŒğŸ”¥,2024-09-24 10:17:56
lisssss028,10ğŸ”¥,2024-09-24 10:21:12
_ftirmdn_,No.10,2024-09-24 10:22:12
hendra_duma,No. 10.ğŸ‘ğŸ”¥,2024-09-24 10:22:50
_jumri4n1_,No.10,2024-09-24 10:24:29
ayusuciramadani_,No.10,2024-09-24 10:25:04
chelsea_indhh,No.10,2024-09-24 10:25:13
aisyahh014_,No.10,2024-09-24 10:25:16
jack.lukman,No 10,2024-09-24 10:25:23
nur_stty0021,No 10,2024-09-24 10:46:54
rhmdin006,No. 10,2024-09-24 11:10:43
scond5__,No.10,2024-09-24 11:26:33
al.wi01,No.10 andikku andalanku,2024-09-24 11:55:32
al.wi01,10,2024-09-24 11:55:44
nurhidhayat95,No.5,2024-09-24 12:12:51
maher_ponsel,5.ğŸ”¥,2024-09-24 12:14:16
wie_edwin,No 7,2024-09-24 12:33:33
rryyyndyy,No 9,2024-09-24 13:04:16
zepygo,No. 7ğŸ˜,2024-09-24 13:17:23
sukmha05,No. 10 ğŸ”¥,2024-09-24 13:28:50
skmrylz,No.10,2024-09-24 13:29:06
nurulfarahputri,No.10,2024-09-24 13:29:27
rainbowskm_,No.10,2024-09-24 13:29:44
nur.husni.50746,No.10,2024-09-24 13:29:57
sgtrius17_,No. 10ğŸ”¥,2024-09-24 13:30:13
haxelnutchoco,7,2024-09-24 15:04:07
muhammaddirgasaputra,8,2024-09-24 16:19:34
syana.nr,9 besttttğŸ™Œ,2024-09-24 16:22:30
muhammaddirgasaputra,Menyala 8,2024-09-24 17:12:20
iyadh_renaldy,No.7,2024-09-24 17:21:41
sintiaainii,no. 9,2024-09-24 19:17:34
degol.degol.3954,anadalanku no 10,2024-09-24 19:59:46
arlan.maulanaa,menyala 8ğŸ”¥,2024-09-24 23:11:20
yusufrahman071092,10 is the bestğŸ‘ğŸ‘ğŸ‘ğŸ‘ğŸ‘,2024-09-25 00:20:24
yusufrahman071092,10 andalan ğŸ˜ğŸ˜,2024-09-25 00:20:52
iermha13,No.8 dongsss,2024-09-25 00:45:57
4m3l_x7ml,Menyala 8,2024-09-25 01:12:17
4m3l_x7ml,No 8,2024-09-25 01:12:27
icaa_tryy,menyala abangku 7ğŸ”¥ğŸ”¥ğŸ”¥,2024-09-25 04:09:25
hikmaarn_,Menyala abangku 7ğŸ”¥ğŸ”¥ğŸ”¥,2024-09-25 04:09:31
_aaaquagirll,Menyala abangku 7 ğŸ”¥ğŸ”¥ğŸ”¥,2024-09-25 04:09:44
sulviahsyafitri,menyala abangku 7ğŸ”¥ğŸ”¥ğŸ”¥,2024-09-25 04:09:52
izzanurhafiza,menyala abangku 7ğŸ”¥ğŸ”¥ğŸ”¥,2024-09-25 04:10:04
isyanaaay,menyala abangku 7 ğŸ”¥ğŸ”¥ğŸ”¥ğŸ”¥ğŸ”¥ğŸ”¥ğŸ”¥ğŸ”¥ğŸ”¥ğŸ”¥,2024-09-25 04:10:11
_tnmardian,Menyala abangku 7 ğŸ”¥ğŸ”¥ğŸ”¥ğŸ”¥,2024-09-25 04:10:14
mmuhajir.4,Menyala abangku 7 ğŸ”¥ğŸ”¥ğŸ”¥,2024-09-25 04:10:20
ditaorsweetie,menyala abangku 7ğŸ”¥ğŸ”¥ğŸ”¥,2024-09-25 04:10:22
nadyaaulia466,Menyala abangku 07 ğŸ”¥ğŸ”¥ğŸ”¥,2024-09-25 04:10:25
audreey.yy,menyalaa abangkuu 7 ğŸ”¥ğŸ”¥ğŸ”¥,2024-09-25 04:10:26
rhmayyi_,menyala abangku 7ğŸ”¥ğŸ”¥ğŸ”¥,2024-09-25 04:10:28
inndz27,Menyala Abangku 7 ğŸ”¥ğŸ”¥ğŸ”¥,2024-09-25 04:10:40
_rakaavzz,Menyala Abangku 7ğŸ”¥ğŸ”¥,2024-09-25 04:10:41
nevisahadindaputri,Menyala abangku no. 7ğŸ”¥ğŸ”¥,2024-09-25 04:10:41
putry.61,menyalaa bangku 7ğŸ”¥ğŸ”¥ğŸ”¥ğŸ”¥ğŸ”¥ğŸ”¥,2024-09-25 04:10:47
ilvy0u7,Menyala abangku 7 ğŸ”¥ğŸ”¥ğŸ”¥,2024-09-25 04:11:06
qinaa.0s,menyalaa abangkuu 7ğŸ”¥ğŸ”¥ğŸ”¥,2024-09-25 04:12:07
ychiblov,menyala abangku no.7 ğŸ”¥ğŸ”¥ğŸ”¥,2024-09-25 04:12:16
_putrirahmadani00,Menyala abangku 7ğŸ”¥ğŸ”¥ğŸ”¥,2024-09-25 04:16:16
fitrianiririn,No.9 ğŸ”¥,2024-09-25 04:59:31
jeni_rara,No 9ğŸ”¥,2024-09-25 04:59:58
gby_audrey,No. 9 ğŸ”¥ğŸ”¥ğŸ”¥,2024-09-25 05:18:21
gilbert_aja,9 you're amazinggğŸ’¥,2024-09-25 09:21:41
rhann_1948,Menyala abangku 7ğŸ”¥ğŸ”¥ğŸ”¥,2024-09-25 10:40:20
difa_inkm,No 9,2024-09-25 11:31:48
blueskyouth,9ğŸ™Œ,2024-09-25 11:41:59
vinasvr,no.9,2024-09-25 11:45:54
arsyadriskllah,No. 9 nahğŸ˜ğŸ˜,2024-09-25 12:20:00
hamzier_pratama,No 7,2024-09-25 13:39:19
akmal_washiatul,No. 7 dongg,2024-09-25 13:43:44
inharr_,No 7ğŸ¤˜ğŸ”¥,2024-09-25 13:46:16
jurmida_gassing06,No 7ğŸ”¥,2024-09-25 13:48:16
syarwin_amir,No 7 Kapten,2024-09-25 13:53:46
andiwidya09,No 7,2024-09-25 14:12:11
_rhima,9ğŸ”¥,2024-09-25 14:18:18
hildaaash_,09 donggğŸ˜ğŸ”¥ğŸ”¥ğŸ”¥ğŸ”¥,2024-09-25 14:23:27
alif.bagas_alkahfi,9 ğŸ‘,2024-09-25 14:23:43
saapphiireee,9ğŸ”¥ğŸ”¥,2024-09-25 14:25:01
ainunzakinah__,No 9ğŸ”¥ğŸ‘,2024-09-25 14:26:20
mayangbusrann,9ğŸ˜,2024-09-25 14:26:26
zzzeyb,9.ğŸ”¥,2024-09-25 14:28:15
shngrcdicht3_,No. 9ğŸ”¥ğŸ”¥,2024-09-25 14:29:14
rheyyy97,No.9,2024-09-25 14:33:39
sindjun_,No.9ğŸ˜ğŸ”¥,2024-09-25 14:37:34
adriantoibrahiiim,9 ğŸ‘,2024-09-25 14:39:27
_oliviaaaaa27,9,2024-09-25 14:40:40
mutiaratasyaa,9 ğŸ”¥ğŸ”¥ğŸ”¥ğŸ”¥ğŸ”¥ğŸ‘,2024-09-25 14:43:41
__anangggg,9,2024-09-25 14:46:00
herrawahyunia,No.9ğŸ”¥ğŸ”¥ğŸ”¥ğŸ’¥ğŸ’¥ğŸ’¥ğŸ’¥ğŸ’¥,2024-09-25 14:46:49
wahyu_dinata98,9 ğŸ”¥ğŸ”¥ğŸ”¥ğŸ˜,2024-09-25 14:50:11
helcewilly,No.7,2024-09-25 14:54:20
ucisdrmn,9 ğŸ”¥ğŸ”¥ğŸ”¥ğŸ˜,2024-09-25 14:57:31
alqhadry,9ğŸ”¥,2024-09-25 14:58:37
yhanialbaehaqi,No.9ğŸ”¥ğŸ”¥,2024-09-25 15:03:22
nurlailahramadhanii,No.9ğŸ”¥,2024-09-25 15:04:53
miftahul_khairia_,Hiduppp 9ğŸ”¥ğŸ”¥ğŸ”¥ğŸ”¥,2024-09-25 15:06:16
sriayu9080,No 9,2024-09-25 15:08:27
auliasafiina,no.9ğŸ”¥,2024-09-25 15:09:09
midasalnaf,9 ğŸ”¥,2024-09-25 15:14:09
st.khdijaaa,9,2024-09-25 15:15:21
reskioamaliah29,No 9 ğŸ™ŒğŸ”¥,2024-09-25 15:18:31
rnandaaa_,9ğŸ”¥ğŸ”¥ğŸ”¥,2024-09-25 15:20:03
_fadyawww,9ğŸ”¥,2024-09-25 15:21:07
ayusuryaningsih9,9 doong ğŸ”¥,2024-09-25 15:25:44
attadotcodotid,9mo sayağŸ”¥,2024-09-25 15:26:52
nrwhynngsh,9ğŸ”¥ğŸ”¥ğŸ”¥,2024-09-25 15:27:17
_raafli,9 ğŸ”¥,2024-09-25 15:30:11
azizahyusuf_,9 ğŸ”¥,2024-09-25 15:38:48
hendriyyy__,9ğŸ”¥,2024-09-25 15:40:53
aa.prmstya,9ğŸ‘ğŸ»,2024-09-25 15:43:04
firms.244,No 9,2024-09-25 16:44:46
_namakumahal,9ğŸ”¥ğŸ”¥ğŸ”¥,2024-09-25 17:33:09
ainunmmmm,9ğŸ”¥,2024-09-25 17:35:05
andimuhayyul,No.09,2024-09-25 17:46:33
mfaa_99,09 ğŸ”¥ğŸ”¥ğŸ”¥,2024-09-25 17:53:20
st.farisya,no. 9ğŸ˜,2024-09-25 19:08:27
ulandariecha_,No.9ğŸ”¥,2024-09-25 19:35:15
nanas__27,9,2024-09-25 22:38:56
mgfrhrmdhniii_,09ğŸ”¥,2024-09-25 23:08:11
prityywidyy,no 9,2024-09-25 23:09:00
arieff__26,09ğŸ”¥,2024-09-25 23:17:43
hendrikdn.09,9ğŸ”¥,2024-09-25 23:17:45
wawatssss_,No.09 ğŸ™Œ,2024-09-25 23:20:15
muh_aryarahman,No 9 ğŸ”¥,2024-09-25 23:20:41
raani_z,9ğŸ”¥ğŸ”¥,2024-09-25 23:21:11
ainiilamane,No. 9ğŸ”¥,2024-09-25 23:41:22
notbiwa,No 9ğŸ”¥ğŸ”¥ğŸ”¥,2024-09-26 00:07:27
maulanafr_,9 ğŸ”¥,2024-09-26 00:19:08
indahsoeharto,No 9,2024-09-26 00:42:21
nurullhumaira_,9ğŸ”¥ğŸ”¥,2024-09-26 02:02:53
devonnayla,7,2024-09-26 03:04:43
mhmmd_kemal19,9,2024-09-26 03:05:55
naanaa_laa,No. 7 suka bergaul ğŸ¤©,2024-09-26 03:13:06
auliaaslfa,No 7ğŸ™Œ,2024-09-26 03:20:04
beferinasidauruk,no. 7 ğŸ‘,2024-09-26 03:25:34
sitytri_alone,No 7 andalanku,2024-09-26 03:26:42
staisywanaaaa,no 7 andalanku,2024-09-26 03:28:22
che.match,no.7 andalanjiğŸ”¥,2024-09-26 03:28:35
svbrlnx_m,Andal ji no 7,2024-09-26 03:32:27
fasxsaf,no 7 andalanku,2024-09-26 03:35:05
flssyytdl_,No.7,2024-09-26 03:36:58
sfnaxy_26,No 7 andalan,2024-09-26 03:40:20
only.mutea,no 7,2024-09-26 03:41:41
nhartydinda,No. 7 ğŸ”¥ğŸ”¥,2024-09-26 04:12:50
__machaaaa,No.7ğŸ”¥ğŸ”¥ğŸ”¥,2024-09-26 04:12:53
__sriiii05,No. 7 ğŸ”¥ğŸ”¥,2024-09-26 04:14:32
__bndeng__,No 7ğŸ”¥ğŸ”¥,2024-09-26 04:17:27
nisaa.nkm,9 ğŸ‘,2024-09-26 04:24:56
rhmt_1013,No 7,2024-09-26 04:39:48
decxztfa,No 7,2024-09-26 04:50:09
nurayhu1215,No. 7 ğŸ”¥ğŸ”¥ğŸ”¥ğŸ”¥,2024-09-26 04:51:05
dwi.nir,No 7ğŸ”¥ğŸ”¥ğŸ”¥,2024-09-26 04:59:06
onha28,no 7ğŸ”¥,2024-09-26 05:18:12
ocengnii,No 7,2024-09-26 07:45:36
ode.amelia,9ğŸ’¥,2024-09-26 07:45:44
selviaamhas,9ğŸ”¥,2024-09-26 08:07:48
umhyyyyyyy,9,2024-09-26 08:41:53
iqbalpatiraja,No 9ğŸ”¥,2024-09-26 09:22:39
daily_murti,9ğŸ”¥ğŸ”¥ğŸ”¥,2024-09-26 09:51:38
nurliajamal123,No.7ğŸ”¥ğŸ”¥,2024-09-26 10:14:17
fionakhrnnsah_,7,2024-09-26 13:10:32
_adinagara,Menyala nomor 9ğŸ”¥,2024-09-27 00:13:18
mariaria3200,7ğŸ”¥,2024-09-14 05:46:50
andiarfiana,07 ğŸ”¥ğŸ”¥ğŸ”¥,2024-09-14 05:50:50
fahmisalmanzm,Nomor 7 apa sih kurangnya? Kurang sinar ? Nyalain Abang kuğŸ’¥,2024-09-14 05:51:32
muhfarhanfar,No 7 ğŸ”¥,2024-09-14 05:52:46
valdy_syamsul,No 7 kasi menyalağŸ”¥ terus wok mu ğŸ‘ğŸ˜,2024-09-14 05:53:53
ichal256,No. 7 chef adalan kuğŸ”¥,2024-09-14 05:56:51
nurulafidah_paradisa,No. 07 ğŸ”¥ğŸ”¥ğŸ”¥ğŸ”¥ğŸ”¥,2024-09-14 05:58:35
fiiduppa,7 chef andalan,2024-09-14 06:04:16
niza.alka,No 7 ğŸ‘,2024-09-14 06:08:43
rahmadanildanil53,No 7 ğŸ”¥ğŸ”¥ğŸ”¥,2024-09-14 06:10:16
rahmadanildanil53,No.7 ğŸ”¥ğŸ”¥ğŸ”¥ğŸ”¥,2024-09-14 06:10:28
rahmadanildanil53,No.7 Fikar ğŸ”¥ğŸ”¥ğŸ”¥ğŸ”¥,2024-09-14 06:11:00
keken_d_law,No 7 the bestğŸ”¥,2024-09-14 06:12:42
rhenyvioletangriany,Nomor 7 ji ğŸ‘,2024-09-14 06:19:00
andi.rio.9883,No. 7 abangku ji,2024-09-14 06:19:15
ibnuuhasyim,"No.7, ğŸ”¥abangku",2024-09-14 06:20:29
doelattaboy,No. 7 Chef andalanku...ğŸ”¥ğŸ”¥ğŸ”¥,2024-09-14 06:21:50
aldhy19_insta,Cheff andalan terbait @zulfikar_as26 ğŸ”¥ğŸ”¥,2024-09-14 06:22:49
kahfi_vj,No.7 ğŸ”¥ğŸ”¥ğŸ”¥,2024-09-14 06:28:01
irsyadisra,No 7 Fikar ğŸ”¥ğŸ”¥ğŸ”¥ gass full,2024-09-14 06:28:33
wandy_milano77,No 7 ğŸ”¥ğŸ”¥ğŸ”¥,2024-09-14 06:31:05
nurhamdiii,nomor 7,2024-09-14 06:31:24
ramadhaniiia,Menyala No. 7 ğŸ”¥ğŸ”¥,2024-09-14 06:35:23
akbar111187,7 ğŸ”¥,2024-09-14 06:36:01
harianto_arifinn,Di mana pun berada 7 lahh yang handal,2024-09-14 06:50:36
tuty2990,No 7 mantapğŸ”¥,2024-09-14 06:52:03
billyanugrah93,No.7 chef andalanku,2024-09-14 06:53:14
billyanugrah93,Bnyk na kenalanku,2024-09-14 06:53:23
ekhy_maulana,No. 7ğŸ‘,2024-09-14 06:53:53
navita_yanti,No 7,2024-09-14 06:54:14
navita_yanti,No 7 andakan,2024-09-14 06:54:27
dimaezt_dhalgren,7,2024-09-14 06:54:35
_ylywan,Tetap dihati no.7 dongğŸ”¥,2024-09-14 06:57:10
sty_nha27,02ğŸ”¥,2024-09-14 07:06:32
zulf.ikar661,2,2024-09-14 07:07:59
amran913,No. 7 andalan,2024-09-14 07:08:57
miftah_13,No 7 ğŸ”¥ğŸ’¥,2024-09-14 07:15:58
rohandi_rustam,Nomor 7,2024-09-14 07:18:57
__huda.99,7,2024-09-14 07:22:34
tian_mubaraq26,07ğŸ”¥,2024-09-14 07:22:52
zhakicivil,No. 7 Andalanga ğŸ”¥ğŸ”¥ğŸ”¥,2024-09-14 07:24:34
geriansyahh,No. 7 sudah pasti @zulfikar_as26 ğŸ”¥ğŸ”¥,2024-09-14 07:29:04
jihanmahalini,gass No. 7,2024-09-14 07:32:42
il.ham_2,No 7 menyalah ğŸ”¥,2024-09-14 07:36:40
immankyb,No 7 ğŸ˜ğŸ˜,2024-09-14 07:40:37
itssaldy,No. 5,2024-09-14 07:45:46
trynrwn_,No . 7 ğŸ™Œ,2024-09-14 07:48:02
gadistampi,Nomor 07,2024-09-14 07:48:11
just.dit,Nmr 7 manyala,2024-09-14 07:51:18
andalan_nahel01,No 2ğŸ”¥,2024-09-14 07:51:35
nraa2004_,02ğŸ”¥ğŸ”¥,2024-09-14 07:52:14
oziel678,No 7..chef zulfikarğŸ‘ğŸ‘,2024-09-14 07:55:11
immank_30,No 7 ğŸ˜ğŸ˜,2024-09-14 07:55:44
wiliam_yl,02ğŸ”¥ğŸ”¥,2024-09-14 07:57:16
ikhamamozt,Nomor 7,2024-09-14 07:58:13
bb_tiar,No.7,2024-09-14 08:02:48
banghemi_,No 7ğŸ”¥,2024-09-14 08:27:13
andreas_arnold_talo,No 7 mantap bro menyala bos kuğŸ”¥ğŸ”¥,2024-09-14 08:28:43
syahroelmuhajir,Kalo saya No.7  andalanga andina CR7 ğŸ‘,2024-09-14 08:30:36
mamang_recingg,02 menyakağŸ”¥ğŸ”¥ğŸ”¥,2024-09-14 08:38:28
tuti.tutess,Bismillah No 7 andalangaaa ğŸ’¥ğŸ’¥ğŸ’¥ @zulfikar_as26,2024-09-14 08:50:20
_rriiiii,Andalanku no.7,2024-09-14 08:56:40
dewiandika18,No 11,2024-09-14 08:57:50
dewiandika18,No 11,2024-09-14 08:57:54
ftimahputry,no 7 andalanku,2024-09-14 09:12:28
ningsihh31_,Namber 7 dongggggğŸ”¥ğŸ”¥ğŸ”¥ğŸ”¥,2024-09-14 09:14:51
wahyuu.nurdin,no 7 . zulfikar @zulfikar_as26,2024-09-14 09:23:55
jhosuaf,7ğŸ‘,2024-09-14 09:24:24
maggietuhumury,Nomor 7ğŸ”¥ğŸ”¥ğŸ”¥,2024-09-14 09:32:10
andryfirmansyah02,No.7 andalanga...,2024-09-14 09:37:58
omuchup,7,2024-09-14 09:57:53
omuchup,Nassami 7 nakke,2024-09-14 09:58:37
adrz_12,Nomor  12,2024-09-14 10:04:46
chan_sardy15,No 7 chef lagi gacor,2024-09-14 10:05:01
ibnularabi.rahman,No 7 ğŸ”¥ğŸ”¥,2024-09-14 10:14:30
julita010783,No 5 menyalah ğŸ”¥ğŸ”¥ğŸ”¥,2024-09-14 10:17:49
ruditacofffe01mks,No 5 menyala abangkuğŸ”¥,2024-09-14 10:21:34
rf_ammangjie,Kasi Bintangnya untuk No. 7 Andalan ğŸ‘ğŸ‘,2024-09-14 10:26:34
muhalfianamri8,no 7,2024-09-14 10:42:03
mytha_binolombangan,No 7 dong,2024-09-14 10:42:31
sucifidila20_,no.5ğŸ”¥ğŸ”¥,2024-09-14 10:52:23
tian_mubaraq26,No.7 ğŸ”¥ğŸ”¥ğŸ”¥,2024-09-14 10:54:23
dyan_hardyanti,No. 7,2024-09-14 11:27:04
hansyurado,12  Yanti jiğŸ‘,2024-09-14 11:34:13
km.viewpoint_,02 chua jiii,2024-09-14 11:38:47
andiugaaaaa_,No. 5ğŸ‘ğŸ»,2024-09-14 11:59:00
febykirania,No. 1 dinatriğŸ”¥ğŸ”¥ğŸ”¥,2024-09-14 12:08:05
ndutie_cutiepie,No 1 ğŸ’¥ğŸ’¥,2024-09-14 12:09:11
winarsih.amin,No. 7,2024-09-14 12:15:25
muhalifridh0,No 1,2024-09-14 12:15:31
versatilee.official,No 1,2024-09-14 12:16:39
foufou.id,No 1,2024-09-14 12:17:29
sobatlapar__,No 1 ğŸ¦–ğŸ¦–ğŸ¦–,2024-09-14 12:18:29
vhianaparerungan_,No. 7 bestie ğŸ•ºğŸ’ƒ,2024-09-14 12:57:02
vicka1302,Nomor 2 ğŸ”¥ğŸ”¥ğŸ”¥ğŸ”¥,2024-09-14 13:07:50
andrian_fdt,12 kasir terbaik ğŸ˜€ğŸ˜€ğŸ˜€ğŸ‘,2024-09-14 13:38:42
jundinata,07.... my susu,2024-09-14 13:49:47
dengkaraeng,"TOMMY Dongg,, No 5ğŸ‘ğŸ”¥",2024-09-14 14:05:56
tri.kurniaa,No 7 ğŸ”¥ğŸ”¥ğŸ”¥,2024-09-14 14:27:45
kimjuraa,9,2024-09-14 14:42:48
iermasdrmn,No. 7,2024-09-14 14:48:55
yuni.thomas,no 8 kasih menyalağŸ”¥,2024-09-14 15:26:30
irvan_evendy_,No 7 andalanku jieğŸ‘ğŸ‘ğŸ‘ğŸ‘,2024-09-14 15:32:08
y.nhaaa_,No 8 ğŸ”¥,2024-09-14 15:34:52
nadyarais_,No. 7 ğŸ”¥ğŸ”¥ğŸ”¥,2024-09-14 15:55:00
erla.n4523,Nomor 2,2024-09-14 16:18:21
najihahamirah,Nombor 7,2024-09-14 16:38:08
fidiniseptiana,7 gaskeunğŸ”¥ğŸ”¥,2024-09-14 16:39:12
m.rzky.mln,ğŸ”¥ğŸ”¥ğŸ”¥ No 7.,2024-09-14 17:59:11
jvtasptiawati_,no 8 ğŸ”¥,2024-09-14 22:06:03
niktaputri_,7ğŸ”¥,2024-09-14 23:17:21
_putrajt.11,No 8 kasih menyala ğŸ”¥,2024-09-15 00:06:33
ilfan06,No 7 ğŸ”¥ğŸ”¥ğŸ”¥,2024-09-15 00:08:29
_traa.11,No 8 dong ğŸ”¥,2024-09-15 00:09:42
efendifakhriansyah,Nomor 8 donggğŸ”¥ğŸ˜,2024-09-15 00:11:36
aisyahputriana07_,No.7ğŸ”¥ğŸ”¥,2024-09-15 00:39:18
muhf.ajar24,No 7ğŸ”¥ğŸ”¥ğŸ”¥ğŸ”¥,2024-09-15 02:48:43
firaa.a___,No.7 sih no debatğŸ˜ğŸ˜,2024-09-15 03:20:01
amran_arfan,Nomor 7,2024-09-15 04:20:45
angelintracy,No. 9 the best,2024-09-15 04:44:20
muhammadihsann17,bet all in no. 9,2024-09-15 04:47:38
a.arnetaateko,9ğŸ”¥,2024-09-15 04:49:45
ekowardanaa___,No 9 ğŸ”¥ğŸ”¥ğŸ‘ğŸ‘,2024-09-15 05:01:14
dwayynr,No 9ğŸ˜,2024-09-15 05:04:53
dika_ptraprtama,9 ğŸ”¥ğŸ”¥ğŸ”¥,2024-09-15 05:05:01
auroraaepell,No 9 nyalain sendiriğŸ”¥ğŸ”¥ğŸ”¥ğŸ”¥,2024-09-15 05:07:04
_sakmal,No . 9ğŸ”¥,2024-09-15 05:07:18
nindafebby_,No. 9 ğŸ«¶,2024-09-15 05:10:46
annisaaarry,9 dongggg tak terkalakanğŸ”¥ğŸ”¥,2024-09-15 05:10:56
07_ratnadewirahim,No.9 andalan kağŸ”¥ğŸ”¥ğŸ”¥,2024-09-15 05:11:53
mysrzlabd,MARCELLL NO.09,2024-09-15 05:12:43
murniati_misi45,"No 9, menyala abangkuğŸ”¥",2024-09-15 05:18:43
wisssnaaaa,No. 9 ğŸ”¥,2024-09-15 05:19:28
ariesme45_,No 9ğŸ”¥,2024-09-15 05:19:36
rosaliasesiliaasmin,9ğŸ”¥,2024-09-15 05:25:27
wulandariocaca,9 mo syğŸ‘ğŸ˜,2024-09-15 05:26:09
rfkynaufal,9,2024-09-15 05:28:23
viiiole2000,9,2024-09-15 05:29:06
annisareginaaa,NO. 9,2024-09-15 05:35:33
oliviajmarth,No 9ğŸ‘€,2024-09-15 05:36:30
megaevelin,No 9ğŸ”¥ğŸ”¥,2024-09-15 05:37:03
sandy_margo22,No. 9 menyalağŸ”¥,2024-09-15 05:39:49
klvinn18_,9,2024-09-15 05:41:11
clvnalfari,Marcelll dong No.9,2024-09-15 05:43:03
_saturnux__,NOMOR 9 GA SIH,2024-09-15 05:48:22
celiaamnda,9 ğŸ”¥ğŸ”¥ğŸ”¥,2024-09-15 05:51:07
achmat98,No.9ğŸ”¥ğŸ”¥ğŸ”¥ğŸ”¥,2024-09-15 05:54:42
kakbebb_,No 9 ğŸ”¥ğŸ”¥ğŸ”¥,2024-09-15 05:54:55
rahmawathyishak,Nomor 9 ğŸ”¥ğŸ”¥,2024-09-15 05:55:08
firis.id,no 9,2024-09-15 05:56:32
karmila_1199,Nmor 9 dongg,2024-09-15 05:58:19
sndtheresia,Menyala no 9 ğŸ”¥ğŸ”¥,2024-09-15 06:08:01
vaccabond,9,2024-09-15 06:17:22
nade_vyzla,No. 9ğŸ‘,2024-09-15 06:28:51
pallhits_st,9 jangan sampai lolos ğŸ™ŒğŸ”¥ğŸ”¥,2024-09-15 06:30:33
keyygabriel_,nomor 9 donggg ğŸ™ŒğŸ™ŒğŸ”¥,2024-09-15 06:31:42
au.xue,9ğŸ™Œ,2024-09-15 06:37:49
gunawan_supaha,No 9ğŸ”¥,2024-09-15 06:40:43
aryo.nugrahaa,No. 9ğŸ™Œ,2024-09-15 06:50:10
k.a.t_2530,Aaaaa no. 9 andalankuuu,2024-09-15 06:55:13
erzafahlevi_,No 9ğŸ”¥ğŸ”¥ğŸ”¥ğŸ”¥ğŸ”¥ğŸ”¥,2024-09-15 06:56:49
michelle_ecclesia,No.9 ğŸ”¥ğŸ‘,2024-09-15 06:57:59
juandymardhy,9,2024-09-15 07:06:22
fandi_irwan_8967,No 2,2024-09-15 07:13:13
kaharcaka0108,Nomor 9,2024-09-15 07:34:00
indh_82_,No.9,2024-09-15 07:44:28
nyomb_jbgun11,Sy pilih no 7 karna konsisten dalam bekerja ğŸ‘,2024-09-15 07:50:41
nutellamoc_ca,NO.5ğŸ”¥ğŸ”¥ğŸ”¥ğŸ”¥,2024-09-15 07:50:43
tujuhbelass____,2ğŸ”¥ğŸ”¥ğŸ”¥,2024-09-15 08:00:42
rama_danu17,2,2024-09-15 08:02:44
raung_trip,14,2024-09-15 08:06:02
mithabahri_,no 9 dongggğŸ”¥ğŸ”¥,2024-09-15 08:08:34
geminigurl___,nomor 9 ğŸ”¥ğŸ”¥,2024-09-15 08:09:57
padaidi_outdoor,14ğŸ˜,2024-09-15 08:11:47
porenjeseja,Nomor 14 @ngghy_06 ğŸ˜€,2024-09-15 08:13:52
_ariskawanda,14ğŸ”¥,2024-09-15 08:14:08
rararauf,Nomor 5 ğŸ”¥,2024-09-15 08:15:56
arfanziddiq,No. 5 Tomy Tampan (TT)ğŸ˜,2024-09-15 08:16:41
trifachlianisyarif,No 14ğŸ˜ğŸ”¥ğŸ”¥ğŸ”¥ğŸ”¥,2024-09-15 08:20:53
finnyariani22,No 9 sih no debat ğŸ˜,2024-09-15 08:24:14
fatmalafaa,7,2024-09-15 08:33:39
bang_akmal016,No 14,2024-09-15 08:36:24
bang_akmal016,Andalan no 14,2024-09-15 08:36:38
lilians.wiebe,no 9 the best,2024-09-15 08:41:54
aaan28_,14ğŸ”¥,2024-09-15 08:41:58
quraisy_achmad,7..ğŸ”¥ğŸ‘,2024-09-15 08:44:58
elsa.chyni,14,2024-09-15 08:49:23
pinrangberlibur,No.14 andalangku saya ğŸ”¥ğŸ”¥ğŸ”¥,2024-09-15 08:52:13
m.sabirrr_,14,2024-09-15 08:58:56
reyyy_again,No 14 sih ğŸ”¥,2024-09-15 09:01:20
mynameisfitriii_,No.14,2024-09-15 09:05:54
andi.sirajul__,No.14,2024-09-15 09:07:20
afiatyistiarini,No. 7 bestieew ğŸ˜,2024-09-15 09:10:13
ana_kastiana,14ğŸ”¥ğŸ”¥,2024-09-15 09:17:07
em_emika11,No. 7,2024-09-15 09:26:03
tanetekalapadang,No. 5 ğŸ”¥,2024-09-15 09:29:44
aul5p4m_,No 9,2024-09-15 09:30:18
aulqarin_,9,2024-09-15 09:30:42
bang_pinokio,Nomor 14 kasih menyalağŸ”¥,2024-09-15 09:37:08
arniyatiamin,No.7 katanya,2024-09-15 09:52:28
elfajrinn,14,2024-09-15 09:53:10
makhluk_khalus,14 nyalakan tanda bahaya ğŸ”¥ğŸ”¥ğŸ”¥,2024-09-15 10:03:25
ivan_fadely,No 7 Bosque,2024-09-15 10:12:55
audhytrishadela,No 9ğŸ˜,2024-09-15 10:15:54
lishdacachaa,02ğŸ”¥,2024-09-15 10:24:28
fadli__wijaya,No 14 ğŸ”¥ğŸ”¥ğŸ”¥,2024-09-15 10:27:27
pngs.mh,9,2024-09-15 10:27:34
velsutxx,9,2024-09-15 10:27:43
sultanfr_,Nassa na mi nmr 9 ğŸ”¥,2024-09-15 10:41:17
sunkiiistt,9!!,2024-09-15 10:51:22
aztyismi,No. 5 Tomy mantap andalan ğŸ‘,2024-09-15 11:02:34
wahyuni_ayu26,No. 7 ğŸ‘,2024-09-15 11:03:19
jeddychrisye,Pokokna saya nmor 9ğŸ”¥ğŸ”¥ğŸ”¥,2024-09-15 11:18:45
reginamn_,No. 9,2024-09-15 11:23:55
hr.renaldi_,no 5 nakke,2024-09-15 11:29:09
ademedhy,No 9 paling the best ğŸ¤­ğŸ¤­ğŸ¤­,2024-09-15 11:36:17
ademedhy,No 10 ğŸ”¥ğŸ”¥ğŸ”¥,2024-09-15 11:39:18
home_shoping21,No 7 andalankh ğŸ˜ğŸ”¥ğŸ”¥ğŸ”¥,2024-09-15 11:42:28
yanthirene,Andalan anak mudayya no 1 jie ğŸ¤ª,2024-09-15 12:00:50
ucha1605,No. 7 ğŸ”¥ğŸ”¥ğŸ”¥,2024-09-15 12:14:43
aszyfa,No.9ğŸ”¥ğŸ”¥ğŸ”¥,2024-09-15 12:16:08
rani_door16,14,2024-09-15 12:16:22
daeng_anto02,NO2,2024-09-15 12:39:43
ulfakusumawardhani,No. 9,2024-09-15 12:44:02
faried16_,TENTUNYA NO 14 ğŸ™Œ,2024-09-15 12:44:36
fdhila_ila8,no.9 menyalağŸ”¥ğŸ”¥ğŸ™ŒğŸ™ŒğŸ™Œ,2024-09-15 12:45:18
allaboutlibraaa,No. 9 ğŸ”¥ğŸ”¥,2024-09-15 12:47:24
ryni026,No 4,2024-09-15 12:50:13
maming______,No 14 ğŸ™Œ,2024-09-15 12:54:10
wahyuarianto_03,No.14ğŸ”¥ğŸ”¥ğŸ˜,2024-09-15 12:54:35
nauraah___,NOMOR 2 DOONGğŸ”¥ğŸ”¥ğŸ”¥ğŸ”¥,2024-09-15 13:03:06
rskysurydi_,02 menang ğŸ”¥ğŸ”¥,2024-09-15 13:04:05
harism_catalogcukur,7,2024-09-15 13:23:18
debby.septiana,No 9 âœ¨ğŸ”¥,2024-09-15 13:34:42
bangginyaa,No 14 ğŸ”¥,2024-09-15 13:45:55
filda_bukan_pilda,14 donggğŸ”¥,2024-09-15 14:12:38
ayusrianti.y,No. 4,2024-09-15 14:19:34
baitijannh_,No 4,2024-09-15 14:26:56
muhrimba_,Menyala NO. 9ğŸ”¥,2024-09-15 14:28:36
mhmmdrimba,Kasih menyala NO. 9ğŸ”¥ğŸ”¥ğŸ”¥,2024-09-15 14:29:22
sadstoryyyyy_,No. 9 kamu KELASSSSğŸ”¥ğŸ”¥ğŸ”¥,2024-09-15 14:29:57
ruang__outdoor,no 14ğŸ”¥,2024-09-15 14:32:46
yandhirivandhi23,No. 7 Bos Ku jiii ğŸ”¥ğŸ”¥ğŸ”¥ğŸ”¥Fikar Abang Kuuu,2024-09-15 14:52:20
faikahmakhyani,No. 7,2024-09-15 14:59:56
queenkkiieeuy_,No.9,2024-09-15 15:04:15
riaa_202,No.9 ğŸ”¥ğŸ”¥,2024-09-15 15:16:47
atykaaaaaaa,no.4,2024-09-15 15:42:08
dody6577,02 napaksa ka betulan ka ini,2024-09-15 15:50:39
winarnip,9 dongğŸ”¥ğŸ”¥ğŸ”¥ğŸ”¥,2024-09-15 16:25:12
andiismaa__,No 2 chua,2024-09-15 16:30:58
agguuussss25,2,2024-09-15 16:48:54
nrhddgnwan_,No.2 chua,2024-09-15 22:06:28
itsmepttrii,13 maju kiiiiğŸ”¥ğŸ”¥,2024-09-15 23:37:44
inslstyaa__,no. 4,2024-09-15 23:45:50
sandra_lapadengan,No 2 chuaaa donkğŸ”¥ğŸ”¥ğŸ”¥,2024-09-15 23:50:08
dincedei,No 9 ğŸ‘,2024-09-16 00:16:48
rani_fitriani22,02 ğŸ˜ğŸ˜ğŸ˜,2024-09-16 01:02:26
hermannurlaila907,No.9,2024-09-16 01:35:19
riwayanthy3,No 4 ğŸ™Œ,2024-09-16 01:55:05
wahyuuu.dt,14,2024-09-16 01:56:16
an.d.ka,No 4,2024-09-16 02:17:38
indahsari629.nii,9ğŸ”¥ğŸ”¥ğŸ”¥ğŸ”¥ğŸ”¥ğŸ”¥ğŸ”¥ğŸ”¥ğŸ”¥,2024-09-16 02:25:07
shintatiara18,No. 2 ğŸ”¥,2024-09-16 02:39:10
shannon.wj,Nomor 9ğŸ”¥,2024-09-16 02:54:43
sumintogkusuma,No 9 mntul,2024-09-16 03:07:36
itsme_thyyah03,No.4,2024-09-16 03:09:27
tiaraalu_,No.7ğŸ‘,2024-09-16 03:15:59
slamethariyanto5137,Andalanku ini No.7,2024-09-16 03:17:21
dn.aries,No.12 andalan OUT YANTIIIIII,2024-09-16 03:33:58
pengelana_cintaa,No 14,2024-09-16 04:14:02
bubblefreaks_,02 dong,2024-09-16 04:35:01
ymim_paembonan,No. 9ğŸ”¥,2024-09-16 04:35:33
sesillherniandarii,No.9ğŸ”¥,2024-09-16 04:36:19
ainunasyfh,7,2024-09-16 04:57:27
_nurbadri19,07 okğŸ”¥,2024-09-16 04:58:48
hamdakuuu_,No 7 ğŸ”¥ğŸ”¥,2024-09-16 05:00:09
octvnnous,Apotek tutup No. 7 tidak ada obatğŸ’¥ğŸ’¥ğŸ’¥,2024-09-16 05:01:32
ayupratiwinurdin,No 7 donggğŸ”¥ğŸ”¥,2024-09-16 05:02:01
mutma_ishakz,No. 7 ğŸ”¥,2024-09-16 05:04:12
linda__2819,No.12 no debat ayangnya bang icang ğŸ”¥,2024-09-16 05:06:07
fadel.fachriyono,7 karna mirip Ronaldo,2024-09-16 05:08:53
febyymuhtar,si cantik no 12â˜ºï¸,2024-09-16 05:09:34
noerfirly,No 12,2024-09-16 05:22:07
mhrinldy23,No 7,2024-09-16 05:36:04
m_agussalim17,No 7 ğŸ”¥ğŸ”¥ğŸ‘ğŸ‘,2024-09-16 05:44:53
letpics__,9 ğŸ”¥,2024-09-16 05:58:44
page.lizaa,9ğŸ”¥ğŸ”¥ğŸ”¥,2024-09-16 06:04:15
dhia_dhyana,No. 7ğŸ”¥ğŸ”¥ğŸ”¥,2024-09-16 06:33:10
andnrizni,No. 7ğŸ”¥,2024-09-16 06:39:27
art.arthy_,No 2,2024-09-16 06:50:20
saraswatiratu02,Nomor 2 dongg chua ğŸ”¥ğŸ”¥ğŸ”¥,2024-09-16 06:52:05
deanartadea,No. 2 ğŸ˜,2024-09-16 07:00:45
nurhikma2938,No.2 ğŸ˜,2024-09-16 07:05:33
m_ozil_dadi,02 chuaaaa,2024-09-16 07:19:11
miyjumiiy,No 7 dong,2024-09-16 07:30:53
nismachae_,No. 7ğŸ”¥ğŸ”¥ğŸ”¥,2024-09-16 07:33:00
dienardienho,No 2,2024-09-16 07:42:13
annisajafar_,No 2ğŸ”¥ğŸ”¥,2024-09-16 07:42:46
serlinaaa.__,Nomor 2,2024-09-16 07:43:22
mila.ever,No 2ğŸ”¥,2024-09-16 07:47:39
amaldul07,02 krn temanna ini @shintatiara18,2024-09-16 07:49:42
gy_gamelow,14ğŸ”¥,2024-09-16 08:03:59
mutheeee20,14ğŸ§¡,2024-09-16 08:05:10
syrflv_,No.2,2024-09-16 08:35:04
ranislfni_,2 moo ğŸ”¥,2024-09-16 08:42:09
trisna_29,No 2 donk,2024-09-16 08:42:15
_anthyiii,No 2ğŸ”¥,2024-09-16 08:45:03
sri_hernawatii,No.2,2024-09-16 08:45:29
sahariani_rhya,No.2 dongğŸ”¥ğŸ”¥ğŸ”¥,2024-09-16 08:46:12
strahmay,02ğŸ”¥ğŸ”¥,2024-09-16 08:47:07
a_arun26,No 4,2024-09-16 09:07:20
iland.am,No 4,2024-09-16 09:19:14
sayanenyyy,No 2,2024-09-16 09:24:45
christin.bii_,Number 7..,2024-09-16 09:29:02
ayhuu_lestari,No 2ğŸ”¥ğŸ”¥,2024-09-16 09:37:42
fachrielfachriel,No.2,2024-09-16 09:42:17
riarestianti.m,No 2 ğŸ”¥,2024-09-16 09:47:11
i_sarbakti.n,No 7ğŸ”¥ğŸ”¥,2024-09-16 09:52:10
fsal1717,02 ğŸ”¥,2024-09-16 09:52:52
vyfitry09,2,2024-09-16 10:35:55
capri0701_,7ğŸ”¥,2024-09-16 11:10:56
pendakidadakan.id,No.14 mo dehh @ngghy_06 ğŸ”¥ğŸ”¥,2024-09-16 12:44:26
adele356.yahoo,No. 2ğŸ”¥,2024-09-16 13:30:32
restyhc,9 so pasti ğŸ™ŒğŸ”¥ğŸ”¥,2024-09-16 15:19:37
restyhannia,nomer 9 kerenğŸ”¥ğŸ”¥ğŸ”¥,2024-09-16 15:21:41
wilcukma_,No 9 wajibbğŸ”¥ğŸ”¥ğŸ”¥,2024-09-16 15:21:45
anrbaa,9  lahğŸ”¥ğŸ”¥ğŸ”¥ğŸ”¥,2024-09-16 15:22:00
kurlaknak,No 9 yuhuu,2024-09-16 15:22:26
kurma3114,9 â¤ï¸â¤ï¸,2024-09-16 15:22:44
saldy_anugrah,No 9,2024-09-16 16:28:09
rahmadhanyy27,7ğŸ”¥,2024-09-16 16:32:51
ndarr03_,No. 7,2024-09-16 18:03:33
nrulfn,No. 2,2024-09-16 20:03:46
rezaa_rdian11,No 9 sih the bestğŸ‘,2024-09-16 22:35:28
far_hansyahreza,Mnyala no 7 ğŸ”¥ğŸ”¥ğŸ”¥,2024-09-16 22:46:12
novitapratiwi10,No 12 ğŸ˜ğŸ˜ğŸ”¥ğŸ”¥,2024-09-16 23:35:52
trswrd,No 7,2024-09-16 23:41:38
kikinurdin,No. 5 ğŸ”¥,2024-09-17 01:10:25
adityawirawann_,Bakar no 9 ğŸ”¥ğŸ§¨,2024-09-17 04:14:26
citraaa_manis,Bakar no 9 ğŸ§¨â¤,2024-09-17 04:15:12
utycantikkk,Bakar no 9 ğŸ§¨,2024-09-17 04:15:37
ochhio17,No 9 ğŸ”¥,2024-09-17 04:32:51
meydatitizuhra27,No 5ğŸ”¥ğŸ”¥,2024-09-17 04:52:55
ms.agustine,Nomor 9,2024-09-17 05:39:21
andimutiarap2204,Nomor 9,2024-09-17 05:41:47
nungkipermanasari,Nomer 9,2024-09-17 05:43:42
scorpichantik,Menyala 9ğŸ”¥ğŸ”¥ğŸ”¥,2024-09-17 06:54:59
ayyfiless,9ğŸ”¥,2024-09-17 06:56:52
rismawati_abd.rahman,No 9,2024-09-17 07:02:12
cendolhjmarni,9 dongğŸ”¥ğŸ”¥,2024-09-17 07:02:25
hrypreloved,9 ğŸ”¥,2024-09-17 07:04:05
annisaarba,9 ğŸ˜,2024-09-17 07:06:09
gusti.ameliani,9ğŸ”¥,2024-09-17 07:09:43
rere_66775,9ğŸ«¡,2024-09-17 07:11:47
egasyafitriii_,No 9 andalan sihhh ğŸ”¥ğŸ”¥ğŸ”¥,2024-09-17 07:14:45
andiewin.kn,No.7 ğŸ”¥,2024-09-17 07:25:32
nnurulummy,9ğŸ”¥,2024-09-17 07:29:55
tasyabudiono_,Nomorr 9 dong,2024-09-17 07:38:06
risnaenir_,No 9ğŸ”¥ğŸ”¥ğŸ”¥,2024-09-17 07:40:55
ayusuryaningsih9,ğŸŒ¼9ğŸ”¥,2024-09-17 07:49:49
haerulhendrawan,7,2024-09-17 08:41:28
ichaaxa_23,No 7,2024-09-17 08:43:19
alviansese,No 7,2024-09-17 08:43:40
mtahur,no 6 bissmillah,2024-09-17 09:11:45
ndusunwongndusun,No 7,2024-09-17 09:13:16
ikhzan_ikhzan,No.7ğŸ”¥ğŸ”¥ğŸ”¥ğŸ‘ğŸ‘ğŸ‘,2024-09-17 09:15:02
celsyyaurianto18,No 6 ğŸ™,2024-09-17 09:33:13
hjmariam1,NO 05,2024-09-17 09:59:17
rrakkkkk.pict,NO 5,2024-09-17 10:02:39
rel.lisha,NO 5ğŸ”¥ğŸ”¥,2024-09-17 10:04:34
_mutiaraarfna,GASS POLLL NO 5ğŸ”¥ğŸ”¥,2024-09-17 10:04:43
novi.fatrua,No 05,2024-09-17 10:04:56
moehammad_jibran_zidan4,5 menyala,2024-09-17 10:12:33
anthon_kun,No. 09,2024-09-17 10:21:47
derimusri,No. 7 ğŸ”¥ğŸ”¥ğŸ”¥ğŸ”¥ğŸ”¥ğŸ”¥ğŸ”¥,2024-09-17 10:22:20
penguin.14959,No 05,2024-09-17 10:22:38
fittrii7227,No 5,2024-09-17 10:24:22
deessidrs_,Up dongs No.05 ğŸ˜,2024-09-17 10:31:20
yuliasyafitiri,No.5,2024-09-17 11:05:48
l.sazzalipidiarta_,No.5 ğŸ”¥ğŸ”¥,2024-09-17 11:09:30
penguin.14959,5ğŸ”¥,2024-09-17 11:11:37
rahmasafarninfajar,No.5,2024-09-17 11:13:41
reyzz_231,no.6,2024-09-17 11:22:06
mulyati_dt,No 05,2024-09-17 11:31:51
suc1iiii04_,No 5,2024-09-17 11:50:49
sy_mei.mei,no 9ğŸ”¥,2024-09-17 12:06:30
cyanndaa,no 9 dongğŸ”¥,2024-09-17 12:08:21
privatt_xxy,no 9ğŸ˜ğŸ”¥,2024-09-17 12:11:23
anggi_aja22,no 9 pastinyağŸ”¥,2024-09-17 12:13:39
_citraw.putri00,No. 9ğŸ”¥,2024-09-17 12:15:09
09kiwkiww__,No 5,2024-09-17 12:45:02
wwwbnykousing567,No 5,2024-09-17 12:45:41
ahmdrdiansyah.a,Menyala No. 9ğŸ”¥,2024-09-17 12:47:22
fredysarira,Nm 5,2024-09-17 12:56:19
imhee17,No 05,2024-09-17 13:09:26
hendracimol,No 7,2024-09-17 13:25:23
nard_arruan,9 ğŸ”¥ğŸ”¥ğŸ”¥ğŸ”¥,2024-09-17 13:32:25
re_re2609,No. 9,2024-09-17 13:57:54
vlnpunyaakun,No 6ğŸ™Œ,2024-09-17 14:04:02
ibnxx12_,No 5,2024-09-17 14:11:09
alfaidin_,No 7,2024-09-17 14:21:18
lenox_d26,No.7,2024-09-17 14:22:20
adzkya60,No 7,2024-09-17 14:57:22
adzkya60,No7ğŸ‘,2024-09-17 15:00:59
wa_hyu_p,No 5,2024-09-17 15:02:22
vhianyy_13,no 9,2024-09-17 15:06:09
vchln_,No. 09,2024-09-17 16:48:43
aannisadheaputri,No.09,2024-09-17 16:49:29
hestiastiani,No 9,2024-09-17 16:50:34
seven.skwn,bakarr no 9ğŸ’¥,2024-09-17 16:54:31
uncle.chilli,bakar no 9ğŸ’¥,2024-09-17 16:57:11
vibe.pixels,bakar no 9ğŸ’¥,2024-09-17 16:59:37
_aziztamrin21,No.9,2024-09-17 20:41:22
darwantiluttgens,No 05,2024-09-17 23:12:22
alamadev,"Cmmnt nmr 9 dong qaqa, bgtu @ms.agustine",2024-09-18 00:37:22
ninnaur,No 9,2024-09-18 01:00:08
dwiwiputri,02,2024-09-18 01:22:34
mmismii,No 9 ğŸ”¥,2024-09-18 01:32:38
andiithaa_,No 9 sihğŸ˜,2024-09-18 03:48:32
lampoc4zz,NO 05,2024-09-18 04:19:53
debbymuchsin,No 05,2024-09-18 04:21:54
nurulmagfira868_,No 5. ğŸ”¥,2024-09-18 05:04:06
nurulmagfira868_,No.5ğŸ”¥,2024-09-18 05:06:23
spam__sucii04,No 5,2024-09-18 05:16:50
scond423,No 5,2024-09-18 05:17:36
sucihatibau,No 5,2024-09-18 05:18:16
scond809,No 5,2024-09-18 05:19:08
scond423,No 5,2024-09-18 05:20:28
bil4s,No 9ğŸ”¥ğŸ”¥,2024-09-18 06:36:03
andibessenv,No 9,2024-09-18 06:36:09
sucifidila26_,no.5ğŸ”¥ğŸ”¥ğŸ”¥,2024-09-18 06:56:39
sriwulandaritheser,No. 5 ğŸ”¥ğŸ”¥ğŸ”¥,2024-09-18 07:49:00
wilfi_na,No. 5ğŸ”¥ğŸ”¥ğŸ”¥,2024-09-18 08:48:47
rdeni95,No.5ğŸ”¥,2024-09-18 08:50:09
ayunizl_,No.5ğŸ”¥,2024-09-18 08:50:43
tyaputri20,No.5ğŸ”¥,2024-09-18 08:51:14
regika03,No. 6 MantapğŸ‘,2024-09-18 12:59:59
efritz.yulio.derosari,No.9 ğŸ‘ğŸ‘ğŸ‘ğŸ‘,2024-09-18 13:29:12
deliahkhr,no.9 dong,2024-09-18 14:06:50
andrewaugusto22,Nomor 9,2024-09-18 14:08:05
zahraputriaq_,Disuruh komen sama mas no 7,2024-09-18 14:08:55
sndrdewi_,No. 9ğŸ”¥ğŸ”¥ğŸ”¥ğŸ”¥,2024-09-18 14:09:32
nadyaulvhaaa,No. 9ğŸ‘,2024-09-18 14:11:03
rzkydprdnta.9,9 sih,2024-09-18 14:14:19
advenda__,9ğŸ”¥,2024-09-18 14:15:23
melsssss15_,No. 9,2024-09-18 14:16:22
meirenaangeliquee._,No 9,2024-09-18 14:16:55
virgiantiayur,No. 9,2024-09-18 14:19:29
agnesssssmoo,no.9,2024-09-18 14:20:04
_jkmeiirnn,No 9,2024-09-18 14:21:24
joulescat_,Menyala no 9 ğŸ”¥ğŸ”¥ğŸ’¥,2024-09-18 14:22:09
piscesm3_,No.9,2024-09-18 14:23:38
pii.kkyyy,No 9ğŸ’¥,2024-09-18 14:25:30
4nlisa_,9 dong ğŸ”¥,2024-09-18 14:25:44
__kigly,No. 9,2024-09-18 14:26:51
fitrytamme,No.9,2024-09-18 14:27:48
nyxbatzz._,no 9,2024-09-18 14:30:50
eleennnnnn_,no 9,2024-09-18 14:31:47
nisandnii,no.9,2024-09-18 14:32:54
enueruel,9,2024-09-18 14:34:40
reskiameelia,9,2024-09-18 14:35:30
gemlian_,9,2024-09-18 14:36:00
bataskitaa,9,2024-09-18 14:36:31
bkcraftmks,9,2024-09-18 14:36:57
ratnamas05,9,2024-09-18 14:37:20
famsquad_27,9,2024-09-18 14:37:46
aulia_beauty16,9,2024-09-18 14:38:10
boben.smb,9 ğŸ‘,2024-09-18 14:44:09
bataskitaa,9,2024-09-18 14:52:57
hasyimasyhari46,No. 9,2024-09-18 14:54:53
this_isjudyy,no 9,2024-09-18 14:55:22
_salmanalfarisi10,No. 9,2024-09-18 14:58:11
whyuukrniawann_,No.9,2024-09-18 14:59:26
gisel_joy,no 9ğŸ”¥,2024-09-18 15:03:38
haichaaa11,No. 9ğŸ”¥,2024-09-18 15:05:27
msmnn._,no.9,2024-09-18 15:06:03
rifqiulima,9 sihğŸ’¥,2024-09-18 15:06:39
daea.n,No 9ğŸ”¥,2024-09-18 15:09:17
ftimaazzhrh,no.9,2024-09-18 15:31:28
restiwyni,No.5ğŸ”¥,2024-09-18 15:37:45
itingg02,No 9,2024-09-18 15:38:38
dailywanda___,NO.9,2024-09-18 16:02:55
sultan_arif16,No. 9,2024-09-18 16:19:44
zayn_muh999,9ğŸ”¥,2024-09-18 16:36:05
dhiyaflsha_,9,2024-09-18 17:50:14
fariska.rhyuw,No. 09 ğŸ”¥ğŸ”¥ğŸ”¥,2024-09-18 18:09:38
thelifeofputdewwww_,no.9,2024-09-18 19:18:42
julialeonita,No 9,2024-09-18 19:28:40
nurulutamiiiiii,No.9ğŸ”¥,2024-09-18 20:57:28
erichantsya,no. 9ğŸ”¥,2024-09-18 21:16:27
aandellll,no.9,2024-09-18 21:19:59
vherazamad_,No. 9 ğŸ”¥ğŸ”¥,2024-09-18 22:53:29
ricacahyani_99,No. 9 ğŸ”¥,2024-09-18 22:58:03
dhatumlathi.png,No. 9,2024-09-18 23:01:00
beibchy,No.9,2024-09-18 23:02:33
mutmainn_011,no 9ğŸ”¥,2024-09-18 23:02:35
katharinasienaa,No.9,2024-09-18 23:24:49
fharelanwarmusakkar,No. 9 ğŸ©µğŸ©µğŸ©µ,2024-09-18 23:37:37
asharifadillah23,No. 09 ğŸ‘ğŸ»ğŸ”¥,2024-09-19 00:00:11
calmenino,No 9,2024-09-19 00:01:06
leniulianti1,no. 9 menyala abangkuğŸ”¥,2024-09-19 00:07:00
stevani_smd,No.9,2024-09-19 00:10:43
annisagitaa_,No. 9,2024-09-19 00:17:12
mghnyiinayah,9,2024-09-19 00:34:07
pipiwwww.2,no 9 ğŸ”¥,2024-09-19 00:46:07
rewiiputtt917,No.9ğŸ‘,2024-09-19 00:55:06
dianalfn8_,9,2024-09-19 01:19:01
jordykaeng,No.9,2024-09-19 01:40:11
rohandhy4873,No.12,2024-09-11 07:00:19
aini__94,No 14 ğŸ”¥ğŸ”¥ğŸ”¥,2024-09-11 07:03:38
cimoracimpss,"Number 1 , dinatri andalangggcccuu",2024-09-11 07:04:29
andiiinyiyin,no. 12ğŸ˜,2024-09-11 07:14:51
nssialps,9ğŸ”¥,2024-09-11 07:23:04
itsmenecaaa,9ğŸ‘,2024-09-11 07:26:42
br.citraaa,14ğŸ˜ğŸ”¥,2024-09-11 07:31:51
atha_hafizhan,2â¤ï¸ andalan,2024-09-11 07:34:23
janeeeee_f3,14 ğŸ˜ğŸ˜ğŸ”¥,2024-09-11 07:35:30
anton.agent.axa.makassar,"12 dan 13
Yellow submarine and Sea salt caramel ğŸ‘ğŸ¼",2024-09-11 07:37:14
arfanfz,222222222222ğŸ”¥,2024-09-11 07:46:51
ariee_paisal,No.14,2024-09-11 07:50:12
nr.fhaaa,2ğŸ”¥,2024-09-11 07:55:05
tini_revan87,Andalanku NO. 2 ğŸ”¥ğŸ”¥ğŸ”¥ğŸ”¥ğŸ”¥ğŸ”¥ğŸ‘ğŸ‘ğŸ‘ğŸ‘,2024-09-11 08:02:44
icha.nrannisa,2ğŸ”¥,2024-09-11 08:03:02
tini_revan87,No. 2,2024-09-11 08:04:02
_rhyuahmd,2 dungsssğŸ¤,2024-09-11 08:07:43
inhe_ramadana,"So pastix yanti sweet, no. 12 ğŸ’–",2024-09-11 08:09:12
fhitryanipitto,2 ğŸ”¥ğŸ”¥ğŸ”¥,2024-09-11 08:09:39
_iimaaaaa,no. 1 dongggğŸ”¥ğŸ”¥,2024-09-11 08:11:38
andianisaputry,9 menyalaaaa abangkuh ğŸ”¥ğŸ”¥ğŸ”¥ğŸ”¥,2024-09-11 08:16:07
faidaaaahhh,2,2024-09-11 08:23:24
kezia.nrn,no. 9,2024-09-11 08:32:49
ariskydamayanti95,2ğŸ”¥,2024-09-11 08:35:00
_ysfl,No.9,2024-09-11 08:37:17
kiiykaayy,2,2024-09-11 08:38:55
tharisyahh,2ğŸ”¥,2024-09-11 08:46:56
ekakitcheen,1ğŸ”¥,2024-09-11 09:04:55
anugrahwati.arifin,No 6,2024-09-11 09:05:25
santyyoo__,2 ğŸ‘,2024-09-11 09:11:17
galuwsinana,1 DINATRI,2024-09-11 09:16:47
daeng_simbung,No 12 ğŸ”¥ğŸ”¥,2024-09-11 09:22:09
syahputra.alif,12 tawwa ğŸ”¥ğŸ”¥,2024-09-11 09:22:18
feby.95,No.1 dinatri pabalu nasi kuningğŸ˜ğŸ˜,2024-09-11 09:24:50
iriyantianti,12 donggg,2024-09-11 09:25:20
hidayatdjalil,No. 12 ğŸ”¥,2024-09-11 09:31:41
anrzyuna_,14ğŸ”¥ğŸ”¥ğŸ”¥ğŸ”¥ğŸ”¥ğŸ”¥ğŸ”¥,2024-09-11 09:38:38
11iksalsaputra_,No. 14 dong..ğŸ”¥,2024-09-11 09:40:15
toniwijaya504,Menyala no 12 ğŸ«¶,2024-09-11 09:40:32
meirenaangeliquee._,No. 9,2024-09-11 09:50:48
surya_sptrr,1,2024-09-11 09:52:08
izat18_,No.14ğŸ”¥ğŸ”¥ğŸ”¥,2024-09-11 09:55:13
nawwarulhaq,14,2024-09-11 09:56:39
iiniindhh,No 14 ğŸ”¥,2024-09-11 09:59:16
natasshaelfatihah,No 1,2024-09-11 10:00:19
fr.dmynt,14ğŸ”¥,2024-09-11 10:03:32
acavocado,kak Dina dong no. 1,2024-09-11 10:35:30
mujahaeril,no.1ğŸ˜ğŸ˜ğŸ˜ğŸ˜,2024-09-11 10:36:37
lalarianaa,No.14 donggg,2024-09-11 10:43:52
dewa_dwinata,No.13ğŸ‘ğŸ”¥,2024-09-11 10:46:13
dije.11,2,2024-09-11 10:58:15
rrhmaakbrr_,14ğŸ”¥ğŸ”¥ğŸ”¥ğŸ”¥,2024-09-11 11:00:31
agamseptiawan,14 ğŸ”¥ğŸ”¥ğŸ”¥,2024-09-11 11:09:16
syahrulllll_____,No.14ğŸ”¥ğŸ”¥ğŸ”¥,2024-09-11 11:11:01
suhardi.st,14ğŸ”¥,2024-09-11 11:13:59
ical_syaputraaa,No 14,2024-09-11 11:16:05
lutfiteguhh,No. 14 ğŸ”¥ğŸ”¥ğŸ™Œ,2024-09-11 11:18:59
rizhaal_01,No.14ğŸ”¥ğŸ™ŒğŸ‘ğŸ”¥,2024-09-11 11:19:58
___momooq,dinaaaa nomorrr 1,2024-09-11 11:19:59
nuggetmaniss_,No. 14ğŸ”¥,2024-09-11 11:20:57
chaaidir,Hiduppp no.1,2024-09-11 11:21:40
fadlyfahrezy,No. 14 ğŸ”¥ğŸ”¥,2024-09-11 11:29:31
umarabdulaziss,No 14 ğŸ”¥ğŸ”¥ğŸ”¥ğŸ”¥,2024-09-11 11:29:50
anugrahpradanaa_,No.14ğŸ”¥ğŸ”¥ğŸ”¥,2024-09-11 11:35:21
ciwangs_,No. 14 sih ğŸ™Œ ğŸ”¥,2024-09-11 11:38:01
asrull_25,02 ğŸ”¥,2024-09-11 11:40:07
andika_892,All in no. 14,2024-09-11 11:41:34
sarny_08,ğŸ”¥ğŸ”¥ 14,2024-09-11 11:44:08
rjlmns,No.2ğŸ”¥,2024-09-11 11:45:13
shlfiasptri_,All In No.14ğŸ˜ğŸ”¥ğŸ”¥,2024-09-11 11:49:01
vanvoord.hub,No 2 bestttttt menurutku,2024-09-11 11:52:56
rzkyptrwn_,Terbaik no.2ğŸ”¥ğŸ”¥ğŸ”¥,2024-09-11 11:54:51
pajokka_gabutt,14ğŸ”¥,2024-09-11 11:56:40
si.ndi2284,2ğŸ”¥,2024-09-11 11:59:04
ulanfajriaa,No.14ğŸ”¥â¤ï¸,2024-09-11 12:03:20
bakwan__3,No.14,2024-09-11 12:03:42
fa_dillah089,No 2,2024-09-11 12:05:45
alicewong2208,No.1ğŸ”¥,2024-09-11 12:07:21
sonnofdemoonn,No.2ğŸ”¥ğŸ”¥,2024-09-11 12:08:04
aanotherrsaras,no.2ğŸ”¥ğŸ”¥,2024-09-11 12:10:03
ekaliauw,No 1 ğŸ”¥ğŸ˜‚,2024-09-11 12:11:19
kenie_marsha,12 yantiiii...â¤ï¸â¤ï¸â¤ï¸,2024-09-11 12:12:59
chiachandy,No 2 ğŸ”¥,2024-09-11 12:18:07
daryaaang__,No.14,2024-09-11 12:19:16
muhndraa,No.14ğŸ”¥,2024-09-11 12:19:43
ayu_afriz,No.1,2024-09-11 12:20:06
young11_,13.â¤ï¸â¤ï¸ @desakdeshi,2024-09-11 12:21:30
lyndpspta,No 13 kak Desi ğŸ”¥,2024-09-11 12:21:52
mira_huha,No. 14ğŸ˜ğŸ”¥ğŸ”¥ğŸ”¥ğŸ”¥,2024-09-11 12:26:11
vemy4890,No 1,2024-09-11 12:29:11
__ahmadjisaja,All in no.14,2024-09-11 12:29:23
yudibaihaki,14,2024-09-11 12:31:23
asniyatikajol,No 11 ğŸ”¥..adiksss jie. Hahaha maafkan ma besti ku ğŸ˜‚ wkwkwkw,2024-09-11 12:43:05
aziss_,11 ğŸ”¥ğŸ”¥ğŸ”¥,2024-09-11 12:45:01
ichie_dapur_chies,01,2024-09-11 12:45:56
iqbal_beccu,14.ğŸ˜,2024-09-11 12:47:36
yusrilihsamahendraa,No.14ğŸ”¥ğŸ™Œ,2024-09-11 12:48:01
putripandan.risperidon2mg_,No. 14â¤ï¸,2024-09-11 12:48:45
acells._,"no 11 andalan ku, om tersayangğŸ”¥ğŸ”¥",2024-09-11 12:52:27
sfiyhkhyyrh__,11,2024-09-11 12:54:58
syiii_paaa_,no 11 mo sy,2024-09-11 12:55:51
mhmmd_nurhdyttt,All in 14,2024-09-11 13:05:41
tijho_hs,No. 11 Menyala adikks ğŸ”¥ğŸ”¥ğŸ”¥ @onkeljohnscoffee,2024-09-11 13:06:11
amel_fya,2 menyalağŸ”¥ğŸ”¥ğŸ”¥ğŸ”¥,2024-09-11 13:10:05
kiani_anie,No 11 andalan nya ibu ibu Asmaul Husna ğŸ˜‚,2024-09-11 13:14:02
ramadhanirezkiah,"No. 11 ,,,,menyalaaaağŸ”¥ğŸ”¥ğŸ”¥ @onkeljohnscoffee",2024-09-11 13:15:08
rrskaaaaaaaaa,No 2ğŸ”¥ğŸ”¥ğŸ”¥ğŸ”¥,2024-09-11 13:17:16
minhy0910,No. 11  bismillah ğŸ’ªğŸ»ğŸ˜„,2024-09-11 13:19:01
viqrumbayan91,All in 02,2024-09-11 13:23:36
abdllhh.alikhls,no14,2024-09-11 13:29:43
bolllaaaaaa,No. 11 mendreee ğŸ”¥,2024-09-11 13:30:44
aira_makeup,Nomor 11 ğŸ”¥,2024-09-11 13:32:06
irnaaakmladpii,No 2ğŸ”¥,2024-09-11 13:36:43
yusril.fnu,@chuakurniawan no 2 saya disogokka,2024-09-11 13:38:30
bunbuns25,Cuaaaaaa 2 âœŒ,2024-09-11 13:38:39
citaaaaa75,2ğŸ’ªğŸ’¥,2024-09-11 13:44:19
zaenal_el,14,2024-09-11 13:52:31
djyohanaisne,No 2 guys,2024-09-11 13:56:04
ahriantiputri,14 no debatğŸ”¥ğŸ”¥ğŸ”¥,2024-09-11 13:59:22
wati.jusra,No.11 menyala ğŸ”¥ğŸ”¥the best,2024-09-11 14:02:45
taccaa17,02ğŸ™Œ,2024-09-11 14:03:51
intan.raharusun,No.14 ji andalankuğŸ”¥ğŸ”¥,2024-09-11 14:09:44
zakiraisyahzayyan,No 11 adikksss  the best ğŸ¥°,2024-09-11 14:12:32
icaa_natasyaa1,02 andalanku sepanjang masaaaa,2024-09-11 14:14:03
muhammad_alwi1,14. Karena lucu dan baek tawwa melayani,2024-09-11 14:22:40
uwie_chuby,No. 2 semangattt chuaaa,2024-09-11 14:28:53
farideepuniet,No. 14 ğŸ‘Œ,2024-09-11 14:37:22
rusdiaman_,No 2 ğŸ”¥,2024-09-11 14:41:19
chuakurniawan,3ğŸ”¥,2024-09-11 14:50:59
__mitaaenriyani,2ğŸ”¥,2024-09-11 15:07:47
pergimainndpulang,12 andalan ku kak yantii,2024-09-11 15:10:32
adriansyah03,No 1,2024-09-11 15:16:31
bangwan024,No 14ğŸ”¥ğŸ”¥ğŸ”¥,2024-09-11 15:19:34
santigi_adv,no .14,2024-09-11 15:22:51
cintaaa20001,2ğŸ”¥ğŸ”¥,2024-09-11 15:26:08
nisa.rung,2ğŸ”¥,2024-09-11 15:33:44
rgelps_,2 menyalahğŸ”¥,2024-09-11 15:37:40
bhayu_zulkarnain,No.14 ğŸ”¥,2024-09-11 15:52:34
bugis.amerika,2ğŸ”¥ menyala,2024-09-11 16:04:54
_asfhar,Na suruhka @ngghy_06 komentar no 14 ğŸ”¥ğŸ”¥ğŸ”¥,2024-09-11 16:29:25
nurhaerika27,No 2 ğŸ”¥,2024-09-11 16:45:56
mhd_singkerruu,02 tetap dihati ğŸ˜˜ğŸ˜˜,2024-09-11 18:50:16
chacha_5465,2ğŸ‘ğŸ”¥,2024-09-11 19:06:04
darma_jie3,2ğŸ”¥ğŸ”¥ğŸ”¥,2024-09-11 19:16:45
andiii.wahyuuu,Dpt sogokan dri no 2 pfftt,2024-09-11 19:47:42
nrlfadillahrb18_,No 2ğŸ”¥ğŸ”¥,2024-09-11 22:32:49
dimas_g5,2 gassğŸ”¥,2024-09-11 23:17:41
bundqee_81,No. 7 ğŸ”¥ğŸ”¥,2024-09-12 00:19:00
cevelyn.96,No. 1,2024-09-12 00:39:57
gollagolla_,No. 14 ğŸ”¥,2024-09-12 00:51:13
rmadhan.03,14 ğŸ”¥,2024-09-12 00:53:24
glngramz,14ğŸ”¥,2024-09-12 00:54:09
andiriri_ocha_15,No.1 the bestğŸ¤©,2024-09-12 01:02:40
randhy_nusa_,No. 14ğŸ™Œ,2024-09-12 01:05:22
chaa_moo98,No 1ğŸ”¥ğŸ”¥,2024-09-12 01:13:17
uneizka_une,No 1 DINATRI ğŸ”¥ğŸ”¥ğŸ”¥,2024-09-12 01:15:02
yanti_yl96,01 Danatri ğŸ‘ğŸ”¥,2024-09-12 01:15:40
sitti_fatimaasyaharah,No 1ğŸ”¥,2024-09-12 01:17:08
ipoel_dya,12....yanti sdh syantik...baik lagi...sukses sll,2024-09-12 01:18:19
nandhaputrii_,NO.14ğŸ˜ğŸ”¥,2024-09-12 01:20:48
juan_siregar007,01ğŸ”¥ğŸ”¥,2024-09-12 01:26:01
pandasmba24,01 Dinatrie,2024-09-12 01:27:08
bncit__,01 Dinatri,2024-09-12 01:28:00
mittong___,1 Dinarti ğŸ”¥ğŸ”¥,2024-09-12 01:28:02
arsan_wen,01 ğŸ”¥,2024-09-12 01:28:27
rifky_hidayatullah132,Nomor 1ğŸ”¥ğŸ”¥,2024-09-12 01:29:20
_tiwiqq,01 selalu di hati â¤ï¸ğŸ”¥,2024-09-12 01:29:29
masrz149,01 ğŸ‘ğŸ‘,2024-09-12 01:30:08
18alkahf,01 DinatrieğŸ”¥ğŸ”¥ğŸ”¥,2024-09-12 01:32:26
soklat81,12ğŸ”¥,2024-09-12 01:33:14
kegi0109,No 1 Ter dhabesttt yuhuuğŸ”¥ğŸ”¥ğŸ”¥,2024-09-12 01:34:02
f4uuz1_29,01 DinatrieğŸ”¥ğŸ”¥,2024-09-12 01:34:34
satria.wiradhika,1ğŸ”¥ğŸ”¥ğŸ”¥ğŸ”¥,2024-09-12 01:34:38
nirwana2980,No 01ğŸ¥°,2024-09-12 01:35:55
chrl2842,1,2024-09-12 01:36:23
saldy29,No. 2 kandayya ğŸ™Œ,2024-09-12 01:37:01
sangmane_toraja05,1 dinatriğŸ”¥,2024-09-12 01:37:41
blogrc.ris,01  DinatriğŸ”¥ğŸ”¥,2024-09-12 01:38:17
dimasriyanmaulana25,01 Dinatri,2024-09-12 01:38:33
bom_zouw_tyo,No.1 menyalağŸ”¥ğŸ”¥,2024-09-12 01:40:24
btinas_dramo,Menyala DinatriğŸ‘ğŸ‘,2024-09-12 01:41:11
maryammaryam1813,01 Dinatri donk,2024-09-12 01:45:13
fendiweripih,01 Dinarti,2024-09-12 01:45:52
ko2_al,No 1 dungs pastinyağŸ”¥ğŸ”¥,2024-09-12 01:48:13
pearlwhalee_,No 1 dinatrie,2024-09-12 01:52:36
yogasmarawr,All in 14 budhe Anggi,2024-09-12 01:56:53
felyx_jerry,01 Dinatri,2024-09-12 02:06:26
ulfiiyyy__,No.14ğŸ”¥ğŸ”¥,2024-09-12 02:08:14
tikus_pengelana,14..,2024-09-12 02:09:04
debrirmdn_,01 dinatriğŸ”¥,2024-09-12 02:20:41
alyslbl_,No 1.Dinatri,2024-09-12 02:26:10
go_riori0,01. Dinatrie,2024-09-12 02:30:21
lydia.iskandar.756,Dinatri ğŸ‘ğŸ‘ğŸ‘ğŸ’ªğŸ’ªğŸ’ªNo.1 menyala sayang ğŸ”¥ğŸ”¥ğŸ”¥ğŸ˜˜ğŸ˜˜ğŸ˜˜,2024-09-12 02:34:10
coklatemilk_09,No 1,2024-09-12 02:38:29
mr.bena05,01. Dinatrie,2024-09-12 02:43:01
graphitor,No. 1. Meledhaaq ğŸ’¥ğŸ’¥,2024-09-12 02:59:42
id_713,No 1,2024-09-12 03:09:05
sutra_poetra,Nyalakan No. 13 ğŸ”¥ğŸ”¥ğŸ”¥,2024-09-12 03:21:43
chachaaa1929,No.1 smoga menang yak kk,2024-09-12 03:23:06
mhmmdjulio0,No 1 Dinatri,2024-09-12 03:30:29
queen.ozawa.reall,01.DINARTI,2024-09-12 03:38:10
vhia04_,01 DINATRI menyala abangkuğŸ”¥ğŸ”¥ğŸ”¥ğŸ”¥,2024-09-12 03:42:16
dewao6,13 DesiğŸ˜ğŸ˜ğŸ˜ğŸ˜ğŸ˜ğŸ˜ğŸ˜ğŸ˜ğŸ˜ğŸ˜ğŸ˜,2024-09-12 03:51:28
wawan_aries29,No 1 seng ada lawang,2024-09-12 03:57:40
rskn_0x,13ğŸ”¥,2024-09-12 04:10:08
iiann01,No. 2 manyala,2024-09-12 04:47:38
rismaputrilestari93,2ğŸ”¥,2024-09-12 05:12:11
novi_ariyanti22,13 menyalaaaa Desi ğŸ”¥ğŸ”¥,2024-09-12 05:57:24
nelaahanin,menyala nomor 2 ğŸ”¥,2024-09-12 06:00:03
ikantenggelam99_,01,2024-09-12 06:04:52
misidepobangunan,Bismillah no 2ğŸ‘,2024-09-12 06:10:09
eman.terimakasih,2ğŸ”¥,2024-09-12 06:11:36
rubeenasky,01ğŸ”¥ğŸ”¥ğŸ”¥,2024-09-12 06:13:28
onassismisidepo,Pokoknya no 2 ğŸ”¥ğŸ”¥ğŸ”¥ğŸ”¥ğŸ”¥,2024-09-12 06:14:13
onassismisidepo,No. 2 yah ğŸ‘ğŸ‘,2024-09-12 06:14:24
ulaymuliawardana,"No 12 selalu d hati dan selalu d nanti ğŸ˜... Semoga sukses selalu, Yanti AndanG ku ğŸ˜‚",2024-09-12 06:15:50
andifatma0685,No 2 ğŸ™ŒğŸ‘,2024-09-12 06:16:49
ulhyalika,Barista andalan ini no 2ğŸ‘,2024-09-12 06:17:59
arfandhikizz,12 yanti ğŸ‘,2024-09-12 06:19:50
finniariani,12 dong ğŸ¤—,2024-09-12 06:52:55
rizukazee0,Nomor 1 Dinartii ğŸ”¥ğŸ”¥ğŸ”¥ğŸ”¥,2024-09-12 07:20:00
novian_helmi,No 12 Yanti ğŸ”¥ğŸ”¥,2024-09-12 07:29:32
sulhan_0883,Saya mau perubahan No urut 12,2024-09-12 07:51:34
ismail_grib_jaya_sulsel,No 2ji boskağŸ”¥,2024-09-12 08:24:58
ansir_muhammad,No 2 fixğŸ”¥,2024-09-12 08:26:12
indrasyaam,No. 5 Tommy,2024-09-12 08:43:30
theo_bherlin,"No 13 , Menyala abangq ğŸ”¥ğŸ”¥ğŸ”¥",2024-09-12 08:45:53
ipoel_dya,13...ğŸ‘,2024-09-12 08:57:42
alpinmondai6,Nomor 5 menyalağŸ”¥,2024-09-12 09:21:43
hamzahsiwonchoi,No 2 Selalu di hati ğŸ”¥ğŸ¥°,2024-09-12 09:32:07
mihra0301,No 1 dinatri ğŸ”¥,2024-09-12 09:33:40
andiraraindra,nomor 5!! kak tommyğŸ”¥ğŸ”¥,2024-09-12 09:35:39
myaikoaira.kei,No. 5 ğŸ”¥ğŸ”¥,2024-09-12 10:09:10
nurhidayatmalik,No 05 ğŸ”¥ğŸ”¥ğŸ”¥,2024-09-12 10:09:22
_ayhacapricorn_,No 5 sy andalankuğŸ”¥ğŸ”¥,2024-09-12 10:10:56
zenhya.aa,No 5 andalan kağŸ”¥ğŸ”¥,2024-09-12 10:14:09
raniiwinld__s,Nomor5!!ğŸ”¥ğŸ”¥,2024-09-12 10:28:11
wann.0ne,No.5 tomjery,2024-09-12 10:33:16
tinii026,Nomor 5 ğŸ”¥ğŸ”¥ğŸ”¥ğŸ–¤ğŸ–¤,2024-09-12 10:34:12
jesicadatuu,No.1 ğŸ˜Š,2024-09-12 10:34:18
appe_45,Nomer 5ğŸ”¥,2024-09-12 10:36:22
datieznph,No.5 kak tommy,2024-09-12 10:38:43
de.by_,No. 5ğŸ”¥,2024-09-12 10:40:20
nuralam0012,No. 5,2024-09-12 10:53:43
nanisenyum,No 5 ğŸ”¥ğŸ”¥ğŸ”¥ menyala,2024-09-12 11:01:41
mellauliaa,No 5 andalang,2024-09-12 11:03:27
elaaa0709,No 9 Moh andalan kah ğŸ”¥,2024-09-12 11:05:33
_rianyyny,No 5 terbaikğŸ”¥ğŸ”¥ğŸ”¥,2024-09-12 11:07:08
sahriani1800,No. 5 dong andalankağŸ˜,2024-09-12 11:10:42
ahmadmoo__,Nmr 5 ğŸ‘ğŸ‘ğŸ‘ğŸ‘ğŸ‘ğŸ”¥,2024-09-12 11:12:36
herlinasupriyadi,No. 9 aja,2024-09-12 11:13:38
o0rel__,no 9,2024-09-12 11:13:41
rismawt259,No 9.ğŸ”¥,2024-09-12 11:19:05
nurres__,No. 9,2024-09-12 11:19:23
anisaa_meidayanti,2ğŸ”¥ğŸ”¥ğŸ”¥ğŸ˜,2024-09-12 11:20:50
nuc.caa,No.9 andalannğŸ”¥ğŸ”¥ğŸ”¥ğŸ™Œ,2024-09-12 11:21:51
anisaa__latifa,2ğŸ”¥,2024-09-12 11:22:54
arieskil_nine,Nmor 5 menyalaaa abang kuu ğŸ”¥ğŸ”¥ğŸ”¥ğŸ¤©,2024-09-12 11:23:02
agungrendy99,No 13,2024-09-12 11:23:59
_hikmaa.aa,no 9 ğŸ”¥ğŸ”¥ğŸ”¥,2024-09-12 11:32:56
njiaaa7,No. 9 ğŸ”¥ğŸ”¥ğŸ”¥,2024-09-12 11:33:08
callmecitra97,No 9 ğŸ™‚,2024-09-12 11:34:09
tonra_90crazydirigent,Nmr 5 ajami,2024-09-12 11:38:08
3ricayydumps_,no 9 donggg andalann bangetttğŸ˜,2024-09-12 11:39:25
kikybrliana__,No.9  sayaaaağŸ”¥,2024-09-12 11:40:39
ashari.baharuddin,no 12 ğŸ”¥,2024-09-12 11:54:30
raymond_tauntu,No 5 Tommy,2024-09-12 11:55:15
nurhalidaa_05,No 9ğŸ”¥,2024-09-12 11:55:23
anr_khy,No.9 andalan ğŸ”¥ğŸ”¥ğŸ”¥,2024-09-12 11:55:24
nrdianaaaaaaaaaaa,No 9ğŸ”¥ğŸ”¥,2024-09-12 11:57:18
febriyantithamrin,No.9 ğŸ”¥ğŸ”¥,2024-09-12 12:03:17
putri.mza,No 9 â—ï¸â—ï¸â—ï¸,2024-09-12 12:04:39
moncheritk,go with 9!!!,2024-09-12 12:06:24
rsminarmli,no 9ğŸ”¥,2024-09-12 12:09:28
dewiandika18,9 donkğŸ”¥,2024-09-12 12:12:20
dewiandika18,No 9 ğŸ”¥,2024-09-12 12:13:10
kekecilang,Pastinya Nomor 9 ku vote 9x,2024-09-12 12:16:53
fhirdaaaa,No.9ğŸ”¥,2024-09-12 12:18:58
annizaazzahra29,No 9 dong,2024-09-12 12:27:19
queen_ngemil,No 9 ğŸ”¥,2024-09-12 12:28:07
mfdymtsrnnd,No 2 ğŸ”¥ğŸ”¥ğŸ”¥,2024-09-12 12:47:22
dewipalloan,No. 11,2024-09-12 12:57:31
dewipalloan,No. 11,2024-09-12 12:57:48
akbar111187,No 5 ğŸ”¥ğŸ”¥ğŸ”¥ğŸ”¥,2024-09-12 12:59:08
2313overused,no 12 panutan kuğŸ˜,2024-09-12 12:59:37
arie.king_king,No. 9,2024-09-12 13:00:07
bolang2460,No 2 ğŸ˜,2024-09-12 13:03:35
jastipbulukumbamks,No.9 marcelğŸ”¥,2024-09-12 13:06:47
muhammadashabil_,No.10 Irsan Bang Gulung semangatki kandağŸ™ŒğŸ™ŒğŸ™Œ,2024-09-12 13:09:01
aebelindaa,No.9 marcellğŸ‘ğŸ‘,2024-09-12 13:09:54
rndeeeap,No.5ğŸ”¥ğŸ”¥ğŸ”¥,2024-09-12 13:13:58
kaiwife97,No.5ğŸ”¥ğŸ”¥ğŸ”¥ğŸ”¥,2024-09-12 13:16:49
ciindri2005_,No.5ğŸ”¥,2024-09-12 13:17:41
sarii_caniagoo,no.5ğŸ”¥,2024-09-12 13:18:23
rinafebrisa07,no.5ğŸ”¥,2024-09-12 13:23:49
ashar_shino_khami,â¹ğŸ”¥,2024-09-12 13:34:05
taekoofrh,9,2024-09-12 13:58:21
farahthifa,9,2024-09-12 13:59:20
marselindah_,No. 9,2024-09-12 14:02:23
succie_21,No.5ğŸ”¥ğŸ”¥,2024-09-12 14:08:54
njwaazzahraaaaa,no 9ğŸ”¥ğŸ‘,2024-09-12 14:22:00
vjgduioofdscjooo,5 gasss,2024-09-12 14:27:22
4ril_ajaa,5gasss,2024-09-12 14:27:46
30dillzz_,nomorr 5ğŸ’¥ğŸ’¥ğŸ’¥,2024-09-12 14:29:09
pasukan_senyap_01,5gasss,2024-09-12 14:29:15
refaldi_44,5 â¤ï¸â¤ï¸,2024-09-12 14:30:34
rrrrrrrusly_,5 gassğŸ‘ğŸ‘,2024-09-12 14:34:09
_alfinzz01,No. 5gassğŸ™Œ,2024-09-12 14:34:34
suparaprt,No 5ğŸ”¥ğŸ”¥,2024-09-12 14:35:17
rthvyaniii__,NO.9,2024-09-12 14:35:38
rzky.kurniaa13,No.9,2024-09-12 14:49:25
putr428__,no 5 gass,2024-09-12 14:53:51
polkitongki,5,2024-09-12 15:02:29
am_mrln,no 5 ğŸ”¥,2024-09-12 15:21:10
triinovitaaa,No.5,2024-09-12 15:25:18
anantitaf,no 9 ğŸ”¥,2024-09-12 15:25:23
mwrivaldo__,No 09,2024-09-12 15:26:57
japanessee.u,9,2024-09-12 15:56:49
14_mret_,No 2 ğŸ”¥ğŸ”¥,2024-09-12 16:07:55
asmaaharoena_,Nomer 5 donk ğŸ˜ğŸ”¥,2024-09-12 16:11:04
cecilianoviita,no 9 ALL INğŸ”¥ğŸ”¥ğŸ”¥,2024-09-12 16:20:23
clvn_byz,NO 9 ALL INğŸ”¥ğŸ”¥,2024-09-12 16:22:09
1999babyy,9 nih bossğŸ™‡ğŸ»â€â™€ï¸,2024-09-12 16:23:46
itskindaani,9,2024-09-12 16:30:30
ekxtx,No 9 ğŸ”¥ğŸ”¥ğŸ”¥ğŸ”¥ğŸ”¥ğŸ”¥ğŸ”¥ğŸ”¥ğŸ”¥,2024-09-12 16:48:09
ss_sfyn,No 5 ğŸ”¥ğŸ”¥ğŸ”¥,2024-09-12 17:09:54
jumrzlll,02 memang andalang,2024-09-12 18:23:45
methybecker,No 12 Yanti andalan gwe bgt ğŸ‘ğŸ˜,2024-09-12 22:54:13
syachrulachdam,No.5 andalanku,2024-09-12 23:43:46
isndarslhf,No 5 ANDALANGA,2024-09-13 00:21:36
dwedumpp,No 5,2024-09-13 00:38:53
fatt.jpg_,9ğŸ”¥,2024-09-13 02:07:51
muhasrilll._,All in no 14ğŸ”¥,2024-09-13 03:30:11
onyourd_hifa,â¹,2024-09-13 03:57:56
onyourd_hifa,9,2024-09-13 03:58:00
adsetyawan_,Nomor 9 ğŸ˜ğŸ˜,2024-09-13 04:17:58
ni_gmni,No.5ğŸ”¥ğŸ”¥ğŸ”¥,2024-09-13 05:08:26
halal_mart_gustitik_rahayuhpai,No. 5ğŸ”¥,2024-09-13 05:12:08
ayeayeandra,9!!,2024-09-13 06:48:29
triawanbanda_s,5 dong Tomy alam buaya,2024-09-13 07:17:47
1a_buccu,No 13,2024-09-13 08:44:23
alisaalisa1734,02 ğŸ’,2024-09-13 10:06:35
nat301298,No 2,2024-09-13 10:08:57
ratu_judes90,02,2024-09-13 10:09:36
suhartini7621,2,2024-09-13 10:11:06
dgbungzhu03,02.chua,2024-09-13 10:12:18
sinta_k_s,2,2024-09-13 10:13:58
ceceng_07,No 2,2024-09-13 10:20:57
dickyymn,gasss no. 2 andalangaa,2024-09-13 10:21:03
safiaanlom,No 2,2024-09-13 10:23:34
ismail200350,No 2 menyala bosku,2024-09-13 10:24:57
mantasia1908,No 2,2024-09-13 10:30:28
14_4ndini,2,2024-09-13 10:31:47
_mltbchtiar_,No. 2,2024-09-13 10:32:20
akbardaeng232,Nomor 5 gas,2024-09-13 10:35:50
mantasia1908,No 2,2024-09-13 10:36:27
mantasia1908,No 2,2024-09-13 10:36:40
muchlish575,â°Â² andalanga,2024-09-13 10:49:20
ismail_brhm,02ğŸ”¥,2024-09-13 10:54:22
indra_indra29,No 8,2024-09-13 11:17:46
abdul.lah257,02,2024-09-13 11:22:04
skyy2811_,"No.8 Tawwa,kasi menyalağŸ”¥ğŸ”¥",2024-09-13 11:27:07
rhamlyy,No 2ğŸ”¥,2024-09-13 11:52:43
dewilizalbs,03ğŸ”¥,2024-09-13 12:02:29
chairinaannisa,03.ğŸ’¥,2024-09-13 12:03:13
fiqryfadlullah,no 8,2024-09-13 12:47:39
katilintan,nomor 1 @dn.aries ğŸ”¥ğŸ”¥ğŸ”¥,2024-09-13 13:52:40
tretorikopi.mks,Nomor 2 @chuakurniawan ğŸ”¥ğŸ”¥ğŸ”¥,2024-09-13 13:57:24
__heri11,Nomor 1 ğŸ”¥ğŸ”¥,2024-09-13 14:08:00
andi_fitrizacky,5 shayy.. menyalaaa bestie ğŸ’ƒğŸ’ƒğŸ’ƒ,2024-09-13 14:33:16
cincinku03,6 donk ahhh,2024-09-13 14:35:32
ivansyahakhdiarr,02 oke gass,2024-09-13 15:12:30
bacoot.03,5 gass ğŸ”¥ğŸ”¥,2024-09-13 15:32:45
ismaaaayy_06,Bismillah 7 ğŸ˜‡,2024-09-13 17:12:41
anggitaputr1,7ğŸ”¥,2024-09-13 17:13:07
jjujju__,No. 7,2024-09-13 17:14:36
indhbasir,No.7 ğŸ”¥ğŸ”¥,2024-09-13 17:16:01
cac0xx_,7 gasssssğŸ”¥ğŸ”¥ğŸ”¥ğŸ”¥,2024-09-13 17:17:01
ocn_fauzan,No 7 ğŸ‘,2024-09-13 17:17:53
ohaisnack,No 7ğŸ‘ğŸ”¥ğŸ”¥ğŸ”¥,2024-09-13 17:18:40
ndahhara,7ğŸ”¥,2024-09-13 17:23:58
yayatth_,7 gas mki,2024-09-13 17:30:57
cancer_sad06,No 5ğŸ”¥,2024-09-13 17:38:19
styawan340,7 gas ğŸ”¥ğŸ”¥,2024-09-13 17:49:54
syarifa_fatma_wati,7 keren,2024-09-13 18:09:11
nalfr___,no 7,2024-09-13 18:13:21
putriiabady,nomor 7âœ¨,2024-09-13 18:29:38
arniensiisr_99,No. 7 dongs ğŸ”¥ğŸ”¥ğŸ”¥,2024-09-13 19:55:32
beddu_junior151,No.7 ğŸ”¥ğŸ”¥ğŸ”¥,2024-09-13 19:59:00
boskiarka,No.7ğŸ”¥ğŸ”¥ğŸ”¥,2024-09-13 20:01:05
itmrptri_,Nomor 7 ğŸ”¥ğŸ”¥ğŸ‘,2024-09-13 20:03:38
ciicii.cici,7ğŸ”¥,2024-09-13 20:19:43
iks4n05_,7ğŸ”¥,2024-09-13 20:19:58
iccaicasmal01,No.2,2024-09-13 20:35:01
julinarti_,No 7 ğŸ”¥,2024-09-13 20:40:18
rosmawatiruslannew,No 7 dongğŸ”¥ğŸ”¥ğŸ”¥,2024-09-13 20:57:59
ourmando,7ğŸ”¥,2024-09-13 21:04:09
annisakml13,7,2024-09-13 21:41:42
ndyafbrynti,7,2024-09-13 21:47:34
jeindrii,No.7ğŸ”¥,2024-09-13 21:50:40
sryarmdhniii_,Nmr 7ğŸ”¥,2024-09-13 22:11:06
dafi.duni,No. 7,2024-09-13 22:28:33
akifahhww,No. 7ğŸ”¥ğŸ”¥,2024-09-13 22:29:38
wawaa_a075,7ğŸ”¥,2024-09-13 22:40:27
nrhidayatulisna,No.7 ğŸ”¥ğŸ”¥ğŸ”¥,2024-09-13 22:48:30
ediia7x,7,2024-09-13 22:52:18
asdrarif,No 7ğŸ”¥ğŸ”¥,2024-09-13 22:57:28
missnindyra_,No.7ğŸ”¥ğŸ”¥ğŸ”¥,2024-09-13 22:59:55
asrianirsl,07ğŸ”¥ğŸ”¥,2024-09-13 23:04:53
egha_juliantii,7ğŸ”¥,2024-09-13 23:08:25
muhammaddavidarifin,Nomor 7,2024-09-13 23:10:18
aldimeldi14,7ğŸ‘,2024-09-13 23:11:49
krmilamnsyr_,no 7ğŸ”¥,2024-09-13 23:12:30
_rsn_y,7ğŸ”¥,2024-09-13 23:14:04
medinaasmarani,7ğŸ”¥,2024-09-13 23:15:13
aa.rafsanjani_,7 mnyalağŸ”¥,2024-09-13 23:16:40
deaputri_1103,7,2024-09-13 23:16:40
yanskkyy,7 ğŸ˜,2024-09-13 23:44:34
niningadhiningsih27,No 7 andalangggg ğŸ˜,2024-09-13 23:45:39
indiilahh,No 7ğŸ”¥,2024-09-13 23:55:31
fachrisdude,No 7 andalang,2024-09-14 00:05:13
yundamalindanew_,No 7,2024-09-14 00:07:43
nonasusan08,No.7 ğŸ”¥ğŸ”¥,2024-09-14 00:12:04
ullymeizada,No. 7ğŸ˜,2024-09-14 00:12:49
wahyu_nr__,No 7 ğŸ”¥ğŸ”¥,2024-09-14 00:14:09
ramli_ully_dekkeng,No. 7 bisa ğŸ˜ğŸ˜,2024-09-14 00:15:44
karinaumarrr,Menyala abangku no. 7 ğŸ”¥ğŸ”¥ğŸ”¥,2024-09-14 00:17:03
raff7_watch,Mantap nasi gorengnya no 7,2024-09-14 00:17:10
radn_2547,No. 7 menyalağŸ”¥,2024-09-14 00:17:36
riiyani._,7ğŸ”¥,2024-09-14 00:18:49
frdha.f,7ğŸ”¥,2024-09-14 00:18:58
hanasuhana05_,No 7 andalanğŸ”¥,2024-09-14 00:20:09
akaaandi,7ğŸ”¥ğŸ”¥ğŸ”¥,2024-09-14 00:22:56
mutmainnah2804,Nomor 7ğŸ”¥,2024-09-14 00:24:24
a.windhatenriii,No. 7 ğŸ”¥ğŸ”¥ğŸ”¥ğŸ”¥,2024-09-14 00:26:20
muhjibranalfalaq,No 7 gasğŸ”¥,2024-09-14 00:27:38
liloostill,Nomor 7 termantappp ğŸ”¥,2024-09-14 00:29:13
nhunu_ar,No.7 ğŸ”¥,2024-09-14 00:31:06
anandakasim_,7ğŸ™Œ,2024-09-14 00:31:11
noviuw,No.7,2024-09-14 00:35:55
k.rmilaa,Nmor 7,2024-09-14 00:43:53
amaralgibran,No.7,2024-09-14 00:48:53
niirwanaaaa,7ğŸ”¥,2024-09-14 00:51:01
diah.mulyanti11,No.7ğŸ”¥ğŸ”¥,2024-09-14 00:51:29
ryswan_iswan06,No. 7 ğŸ”¥,2024-09-14 00:51:54
abd.muis_gahar,Aku sih 7 chef andalan ku,2024-09-14 01:02:52
hi.im.dhea,7ğŸ”¥ğŸ‘,2024-09-14 01:05:16
aii14_,7ğŸ”¥,2024-09-14 01:06:38
bicaolshop,No.7 kerennnğŸ˜,2024-09-14 01:08:00
yunita_ik4,No 7 ğŸ”¥,2024-09-14 01:11:51
indriwhyunis,7ğŸ’¥,2024-09-14 01:13:32
nirrwanaa25,Nomor 7,2024-09-14 01:14:30
asniii.ass,Nomor 7,2024-09-14 01:32:06
irfanyusuf577,No 7 andalan ğŸ”¥ğŸ”¥ğŸ”¥,2024-09-14 01:34:45
seznoz_,No. 7 ğŸ˜ğŸ”¥,2024-09-14 01:37:45
henribalewa,no 7ğŸ”¥ğŸ”¥ğŸ”¥,2024-09-14 01:42:07
citraaul666,7,2024-09-14 01:42:55
citraaul666,No 7ğŸ”¥ğŸ”¥ğŸ”¥,2024-09-14 01:43:29
hasbia.bhyamontana,Nmor 7ğŸ‘,2024-09-14 01:43:39
andi_ahmad016,no7ğŸ”¥ğŸ”¥,2024-09-14 01:46:27
_cannaly,No 7 dongğŸ”¥ğŸ”¥ğŸ”¥,2024-09-14 01:54:59
riswn_21,No. 7ğŸ”¥ğŸ”¥ğŸ”¥,2024-09-14 01:57:28
_innnooo,no 7 ğŸ”¥ğŸ”¥ğŸ”¥,2024-09-14 02:03:48
dhiahsriadhani93,No.7ğŸ”¥,2024-09-14 02:03:48
dimas_022006,No 7 ğŸ”¥ğŸ”¥ğŸ”¥,2024-09-14 02:05:18
ddyreynaldi,7ğŸ”¥,2024-09-14 02:07:39
nurulhajrah__,Nomor 7,2024-09-14 02:10:56
st_nabilahhh,7,2024-09-14 02:18:23
ucup_sj09,No 7ğŸ”¥ğŸ”¥ğŸ”¥ğŸ”¥ğŸ”¥ğŸ”¥ğŸ”¥ğŸ”¥ğŸ”¥,2024-09-14 02:25:53
4_ndr1.al,no 7ğŸ”¥ğŸ”¥ğŸ”¥,2024-09-14 02:33:13
ullaaullss,No seven donggg andalancu,2024-09-14 02:40:56
thaniabira,Nomor 07,2024-09-14 02:44:01
ajengmonaoktaviani,7 donggğŸ”¥,2024-09-14 02:44:56
anggraini_usman,7,2024-09-14 02:45:03
azulgseovanny,no 7ğŸ”¥ğŸ”¥,2024-09-14 02:45:08
alamilyas_,7 >>ğŸ”¥ğŸ”¥,2024-09-14 02:52:39
awrielindw,7ğŸ’¥,2024-09-14 02:56:19
qanitah98,no 7,2024-09-14 02:57:44
mhmmdzulkiflii,No.7ğŸ”¥,2024-09-14 02:59:48
firalyapc,7ğŸ”¥,2024-09-14 03:00:55
heriantohery,N0 7,2024-09-14 03:01:21
andisptrahalik,No 7 badasssa,2024-09-14 03:02:05
rusmiaty027,No. 7 ğŸ”¥ğŸ”¥,2024-09-14 03:02:34
yanisyamm,7 ğŸ”¥ğŸ”¥,2024-09-14 03:09:33
christiansombounaung,7,2024-09-14 03:13:45
_reskyamaliaaa,7ğŸ”¥ğŸ”¥,2024-09-14 03:23:37
kikifatmala25_,No.7ğŸ”¥ğŸ”¥,2024-09-14 03:30:42
nurchadjar,No 7 dongğŸ”¥,2024-09-14 03:31:30
sitytri_alone,no 7 andalanku,2024-09-14 03:35:53
_indahsaribasir,7 ğŸ”¥ğŸ”¥ğŸ”¥,2024-09-14 03:36:26
lllrslyhad,no 7ğŸ’¥ğŸ’¥ğŸ’¥,2024-09-14 03:45:38
ulvhievatriyahamir,Nomor 7ğŸ”¥ğŸ”¥ğŸ”¥ğŸ”¥,2024-09-14 03:48:44
debyayy,7 ğŸ”¥ğŸ”¥,2024-09-14 03:49:27
mitt4aa_,no.7 andalanku,2024-09-14 03:58:00
nurulputrifebriantii,7,2024-09-14 04:01:32
dilaa.nyh,No.7,2024-09-14 04:05:29
arfadhilibras,7,2024-09-14 04:22:56
meirsakarolina_,7ğŸ”¥,2024-09-14 04:26:51
lechitea.dump,Nomor 7ğŸ”¥,2024-09-14 04:32:49
selaa.julistya,no 7ğŸ”¥ğŸ”¥ğŸ”¥,2024-09-14 04:36:25
ifaahhhhh,Nomor 7 ğŸ”¥,2024-09-14 04:36:58
flqkdktt,No. 7ğŸ‘,2024-09-14 04:37:14
farhanmotor27,No 12 the bestğŸ˜ğŸ˜,2024-09-14 04:38:19
hendra_latif97,no 7ğŸ”¥ğŸ”¥,2024-09-14 04:51:09
viralownur,No. 7 andalann......,2024-09-14 04:53:34
honeyfahaini,Nombor 7,2024-09-14 04:53:50
f4dil_hh,02 ğŸ”¥,2024-09-14 04:58:11
jalali_dzul,7,2024-09-14 05:38:42
iantricahya,12 â¤ï¸,2024-09-11 04:34:56
tazzeraru,1 ğŸ”¥,2024-09-11 05:07:52
andiriskaamanda,No 9,2024-09-11 05:23:14
fitrianiinurdiin,Yuhuuuu no. 12 andalanga,2024-09-11 05:37:04
ree.muhtar,Andalanku ini saya no 12 ğŸ”¥ğŸ”¥ğŸ”¥ğŸ”¥ğŸ”¥ğŸ”¥ğŸ”¥ğŸ”¥ğŸ”¥ğŸ‘ğŸ‘ğŸ‘,2024-09-11 05:43:52
cummajp,No. 14 ğŸ”¥ğŸ”¥,2024-09-11 05:47:49
hkmzkrn99,No.14ğŸ”¥ğŸ”¥,2024-09-11 05:48:33
minb2311,No.12 ğŸ”¥ğŸ”¥karena sering ka n kasih air es nya ğŸ˜…,2024-09-11 05:51:50
andiryzcho,No.14ğŸ”¥ğŸ”¥ğŸ”¥ğŸ”¥,2024-09-11 05:53:46
ericks_ontheradio,DESI RATNASARI,2024-09-11 05:55:17
ericks_ontheradio,DESI RATNASARI selalu basah Rambutnya,2024-09-11 05:55:45
ptryasyfhh,No. 14 jgn kasi kendorrrğŸ”¥ğŸ”¥ğŸ”¥,2024-09-11 05:56:41
gagga130924,DINATRI andalanku syğŸ˜,2024-09-11 05:56:46
pinus_outdoor17,No. 14,2024-09-11 05:58:25
isyniqueen,1,2024-09-11 05:58:40
abenichiko,No.14,2024-09-11 05:59:04
_sayangkuuuuuuu,NO.9 PILIHANKU ğŸ”¥ğŸ”¥ğŸ”¥,2024-09-11 05:59:12
elfathan81123,No.14,2024-09-11 05:59:28
chik.kkk2,No.14,2024-09-11 05:59:52
magangbpdas21,No.14 andalankuuğŸ”¥,2024-09-11 06:00:20
iyanahmad._,No. 1 damkar mana damkarğŸ”¥ğŸ”¥ğŸ”¥,2024-09-11 06:00:29
zonarepair.id,No.14 andalangaaaağŸ”¥,2024-09-11 06:00:40
muh.taufik.mustafa,No.1 Dinatri ğŸ”¥ğŸ”¥ğŸ”¥ you are The BestğŸ‘ğŸ‘ğŸ‘,2024-09-11 06:00:58
carlot_17,Andalanku ladde no 12,2024-09-11 06:01:55
ekfjnr_,No 14 dongss ğŸ”¥ğŸ”¥,2024-09-11 06:03:30
austin.jack85,No.12,2024-09-11 06:05:28
fauzhan_fth,2,2024-09-11 06:06:49
shrarahmii,Menyala 01ğŸ”¥ğŸ”¥,2024-09-11 06:08:09
ppawmppkins,1 ğŸ”¥,2024-09-11 06:09:37
dsynataaa,01 dinatriğŸ”¥ğŸ”¥ğŸ”¥,2024-09-11 06:12:59
juliatobias.sdl,1 emot api emot api,2024-09-11 06:13:19
felmichaell,9ğŸ‘Œ,2024-09-11 06:16:25
balqies_azalia,Nomor 11 menyala abangkhğŸ”¥,2024-09-11 06:17:17
hadijahpalloge,Andalanku no. 12,2024-09-11 06:18:57
ilhamprasetyo01,14 ğŸ”¥,2024-09-11 06:20:04
muhammad_ismail_prasetyo,Nomor punggung 12 andalan nga,2024-09-11 06:24:07
lolycutiepie,01 DinatriğŸ‘ğŸ‘ğŸ‘,2024-09-11 06:24:49
nr_husna15,All in 01,2024-09-11 06:26:15
spandis_,14ğŸ”¥ğŸ”¥ğŸ”¥,2024-09-11 06:36:56
dnappu,Menyala No. 14 ğŸ”¥ğŸ”¥ğŸ”¥ğŸ”¥,2024-09-11 06:38:47
xdskt_wrhy,No 13 andalanku bangettt ğŸ˜â¤ï¸@desakdeshi ğŸ˜,2024-09-11 06:41:30
dianariess91,No.1 menyalaaaaa ğŸ”¥ğŸ”¥ğŸ”¥,2024-09-11 06:42:03
arghariyanto,No. 1 terbaekk!!,2024-09-11 06:42:19
iekha.rdfa,Tak perlu di ragukan lagi no.12 pasti nya ğŸ”¥,2024-09-11 06:42:41
mfarawansyah,No.14 ğŸ”¥ğŸ”¥ğŸ”¥,2024-09-11 06:49:04
__scntlla,14ğŸ”¥,2024-09-11 06:50:04
meisrun_,No.14 @ngghy_06 ğŸ”¥ğŸ”¥ğŸ”¥â¤ï¸,2024-09-11 06:55:23
ecaapung,14 sih ğŸ«€,2024-09-11 06:56:11
