rating,review
1,"barang tidak sampai ke saya, malah sudah dianggap transaksi selesai, ga ada konfirmasi"
5,sesuai batangnya
5,pengiriman cepat. ori logitech. kualitas lumayan
5,"cepet bgt sampenya, order pagi sore udah sampe.. produk bagus, key nya empuk dan nyaman bgt dipakai. fix ini the best sihh."
5,fast respon... barang sesuai pesanan.. paking rapih.. mantapppp... ğŸ‘
5,terimakasih barang sudah sampai dan diterima dengan baik. seneng deh. semoga bisa awet. sukses selalu ya
5,mousenya gaenak
5,original logitech
5,"packing bagus, barang ori, komplit, bonus batere"
5,"barang sesuai pesanan, promo mantap suksess"
5,"barang sesuai pesanan & deskripsi, semoga berfungsi, dan awet juga. mantap."
5,Mantab
5,mntaaab
5,"ya bgus,sesuai deskripsi,smoga awet,mntaab"
5,berfungsi dengan baik
4,"Semoga awet. Selalu puas dgn produk logitech. Pernah beli dgn tipe B170, hanya saja versi yg ini (M170) bunyi kliknya lumayan agak keras."
5,"Kemasan rapih, packing nya aman pake bubble wrap, berfungsi dgn baik ğŸ‘ğŸ»"
5,mamtap
5,Barang sudah sampai
5,"barang sudah diterima sesuai dengan pesanan dan berfungsih dengan baik , terima kasih"
5,"mantab
extra cepat
pesan nya malam.
pagi sudah ada kurir yang anter di depan kantor
pemakaian nyaman"
5,"Mouse sdh sampai, original, sdh digunakan juga dan berfungsi..mantap"
3,Pengiriman lama
5,ok langsung konek
5,"belum d coba, semoga berfungsi dan awet"
5,kualitas ok resmi asli bagus
5,terima kasih
5,"Delivery cepet banget, item baik. Semoga tidak ada kendala kedepannya."
5,"barang oke, pengiriman oke"
5,respon xepat. brangnya ok
5,keren bgt.. nyesel ga beli yg model ini dari dulu.. Worth it bgt.. jangan ragu..
5,Produk bagus dan original ğŸ‘ğŸ‘
5,Mantap
5,sesuai diskripsi....
5,"Sangat handy, praktis, meski desainnya gilig n gendut tp pas ditangan. Gak terlalu besar tp ngga mungil2 banget, dan yang paling penting...ngga berisik. Semoga gak boros... "
5,"Bahannya enak banget, di klik juga pelan, licin juga untuk daily usage dan dia di kaca juga lancar. nyobain yang besar dan agak kebesaran dikit di tangan yang pendek. cum... "
5,"oke brfungsi dgn baik, smoga awet aja barangnya"
5,Bekerja dgn baik. sudah beli kedua kalinya dgn tipe yg sama.
5,VALUE FOR MONEY! Enak banget dipakenya bener2 silent click!!!! Alus juga ga bikin tangan pegel hahaha
5,Respons nya cepat. Barang tiba dgn packing  rapi & aman. Kondisi brg jg baik. Pengirimannya jg cepat. Recommended seller ğŸ‘ğŸ»
5,"terima kasih seller, barang sudah di terima dan berfungsi dengan baik ğŸ™ğŸ»"
5,oke aman dan sesuai
5,Packing yang rapih
5,Berfungsi dengan baik
5,Good condition
5,"it has a nice weight. no clicking nor scrolling sound, also with a good price hehe"
5,good product good brand
5,bagus gan
5,"Terima kasih pengiriman cepat sampai. Yang dikasih juga senang. Makasih banyak sudah kasih diskon. Sering-sering aja, biar bisa bagi-bagi hadiah :) Recommend Seller"
5,produk sesuai
5,brg sesuai pesanan. thanks
5,puas
5,oke .. mantab mousenya .. âœŒï¸
5,ok
5,"kualitas bagus, aman dan paket cepat sampai..."
5,"berfungsi dengan baik, ekspedisi yg dipakai juga profesional, sesuai janji/slogannya."
5,Respon cepat dan barang sesuai pesanan
5,Bagus mouse nya sesuai deskripsi. Semoga awet
4,Bagus
5,ok
5,bagus sesuai fast respon
5,Sdh diterima dgn baik dan langsung dipakai
5,"packaging nya rapih, barangnya juga bagus"
5,It works ğŸ‘ğŸ‘
5,"Sangat cantik sekali warnanya, apa lagi kualitasnya jangan diraguian lagi. Cuma pengorimannya sih telat banget sampe hrs melalui tokopedia dulu karna telat kirim."
5,"Enak dipake dri awal megang jga, sesuai ekspektasi"
5,Puas sekali selalu langganan di logi
5,"keyboard enak, Peweeee buat kerja. toko asik, responsif, kirim super cepat, dan packing rapih!"
5,"produk keren! banyak fitur dan tombol yg menghemat kerja. toko juga gokil! pesen, dan kasi notes kirim super cepat . alhasil jam 8 pagi barang sudah sampe tujuan! thanks"
5,mousenya nyaman.... mantap
5,"barang masih disegel waktu sampai.
produk original.
kualitas sangat baik.
warna sesuai.
keyboard berfungsi dgn baik.
packing cukup aman, pake bubble and dus
thank you sel... "
5,bentuknya pas nyaman di tangan tidak terlalu besar atau terlalu kecil.. ğŸ‘
5,"barang sudah datang, sesuai pesanan pengiriman cepat 
Terimakasih seller"
5,"Paket lewat dari estimasi, sempet pengajuan komplin, 
Ahkirnya datang dengan Paket terbuka, tapi untung dalamnya aman dan berfungsi"
5,"bagus, nyaman dipakai. tapi ternyata yg ukuran besarnya mayan agak kebesaran di tangan. jadi cukup yg ukuran biasa."
5,"packaging aman, berfungsi dgn baik.. barakallah.."
5,"Jujur ganteng, bukan silent ya guys gw suka yang bunyi taktektaktek hehe thanks logitech! ğŸ˜ŠğŸ™ğŸ»"
5,Bagus dan mudah difairing tanpa donge. Tapi gak ergonomis.
5,"Barang sesuai pesanan, packing rapi. Semoga awet. Terima kasih."
5,bagus
5,Mantapppppp
5,Mantappppp
5,mantap sekali
5,"produk ok, harga ok"
5,mantab...sesuai dgn harga.. trimakasih Boz
5,"kualitas bagus harga terbaik, colok langsung connect, tidak ada kendala"
5,"barang ok, masih disegel. berfungsi dengan baik. sudah ad baterai di dalamnya, bs lgsng dipakai. smga awet"
5,mantap enak digunakan tombolÂ²nya tidak keras klo ditekan lembut selembut hati saya
5,ok bagus baranya sesuai
5,baguuus
5,"Warna rose nya cantik dan kalem. 
Berfungsi dg baik. Pengiriman juga express. ğŸ‘ğŸ»"
5,ğŸ‘ğŸ¼
5,"mantap ğŸ‘ğŸ»
pengiriman cepat, packing ok, barang juga berfungsi dengan baik"
5,"barangnya mantap, sesuai deskripsi"
5,"barang sesuai deskripsi, garansi dan original, pengiriman cepat"
5,"topp, pengiriman cepat, barang berfungsi dengan baik"
5,mantap
5,terjamin kualitas dan mutunya. .
5,Baguuuus................
5,The best
5,produk berfungsi semua
5,Logitech selalu memuaskan. Sy sukaaaaaaaaa
5,"packing aman dus tebal, bubble wrap ada, paket sesuai deskripsi kualitas bagus  suara sesuai harga, terimakasih"
5,kualitas bagus
5,"proses cepat, delivery sesuai jadual
produk bagus, sesuai ekspektasi"
5,"responny cepat, brangny berfungsi dengan baik. agk gelap kn backlight. nnti akan dicoba dengan lampu"
5,"Ukuran mouse reguler dan cukup besar, sama dengan ukuran mouse dg kabel. Cukup mantab digenggam, karena lebih berat dari mouse biasanya. Mantab sekali"
5,"Bagus barangnya, sesuai harga. Thank u"
1,"untuk packing emang aman tapi pas di pakai mouse nggak jalan, sy komplain suduh upload video unboxing , sy lupa nggak di video in pas unboxing, jadi pembelajaran saja mou... "
5,"Barang bagus, lembut banget dipakai."
5,"mantap, ga pernah kecewa beli, selalu memuaskan"
5,bagussss
5,"Pengiriman barang cepet bgt, pagi udh sampe. Keyboard sepaket dan sekoneksi dg mouse, berfungsi baik. Keyboard cakep, slim, kokoh. Mouse slim (mudah2an ngga gampang rusak... "
5,sudah diterima dalam kondisi masih segelan
5,Mantap
5,"Barangnya sesuai, packingnya aman, dan pengiriman cepat.
Terimakasih"
5,"cakep banget desainnya, pake nya juga enak"
5,"lancar langsung connect, ga ada keluhan. udah dapet batre. thanks seller"
5,Okeh okeeh kimociih .. mantaab baaat ...ğŸ‘ğŸ‘ğŸ‘
5,"Good product, good service."
5,"mantap nya luar biasa, order maghrib, besok pagi nya jam 8 sudah sampe....
don't know how they manage, but this is something awesome...well done 
recommended seller"
5,Top
5,terimakasih... barang sdh nyampe dan sesuai  dgn pesanan
5,smooth
5,puas
5,"Barang Ok, berfungsi dengan baik, dan sampe cepet bangettt! Recommended seller, Thank you!"
5,Barang sesuai
5,Cepat dan terpercaya.
5,Mantap. Pengiriman cepat. Kemasan sangat aman
3,lampu indikator gak nyala
5,"all good. respon seller fassttt, GTL express juga sangat fasttt. harga wajar"
5,Bagus
5,barang diterima dalam kondisi baik. sudah dicoba dan berfungsi baik.
5,"barang sampai dengan kondisi bagus. sudah dicoba, tidak ada masalah"
1,"scrollnya tiba2 ga berfungsi, pas di bongkar ternyata ada patahan di dalamnya"
5,Mousenya nyaman dipakai dan tidak mengeluarkan banyak suara
5,"bagus, berfungsi. lebih enak tanpa kabel"
5,Mantulz ğŸ‘
5,ğŸ«¡ğŸ«¡ğŸ«¡
5,ğŸ«¡ğŸ«¡ğŸ«¡
5,"Barngnya ok dan Mantab... semoga awet,,,"
5,"Pelayanan & pengemasan bagus. Saya pakai webcamnya di Linux Fedora 38, tinggal plug-n-play semua berjalan normal, dikondisi ligthing yg ok kualitas gambarnya lebih ba... "
5,"sesuai deskripsi, barang ori"
5,"barang sampai dengan utuh dan sesuai, dikemas dengan baik"
5,Pengiriman cepat. Barang yang diterima berfungsi dengan baik dan sesuai dengan deskripsi. Terima kasih.
5,"barang bagus sesuai, fast respon, dan langsung dikirim"
5,"Barang sesuai harapan. 
terimakasih banyak"
5,mantap.
5,dus utuh segel
5,originl
5,"Kualitas bagus. Berfungsi dengan baik. Merk logitech tidak perlu diragukan. Datangnya juga cepat. Tq seller, tokopedia, dan kurir. MantaaapğŸ‘ğŸ»ğŸ‘ğŸ»ğŸ‘ğŸ»ğŸ‘ğŸ»ğŸ‘ğŸ»"
5,"Barang udah sampai. Mousenya bagus, ringan, pas di tangan saya, tidak ada kendala, tinggal plug and play ada nano receiver nya (tentu saja) di tes di laptop, sudah includ... "
5,good
5,ok
5,"packing rapih, delivery okeh dan barang bagus"
5,Sedap euy! Bisa pindah device dengan sangat mudah dan cepat
5,semoga awet
5,"standard kualitasnya bagus,"
5,sesuai expektasilah
5,"proses cepat, packing aman, nyaman dipakai dan produk bekerja dengan baik ğŸ‘ğŸ»"
5,"Barangnya bagus, packingnya aman banget, sellernya juga baikk makasih kak gemes bgt mousenyaağŸ¤©"
5,berfungsi dengan baik
5,"Good product! Eksklusif tokopedia, produk yang trusted."
5,"cepat ,selamat bdan berfungsi dengan baik. mantap"
5,Speaker kompek yg mantap. worth the price
5,"barang bagus, semoga awet. seller responsif, kurir mantep"
5,mantapzzz baguss cepat kirim nya. tq
5,"Beneran silent mousenya. Lancar juga, enak buat klik klik. Mantap"
5,"Tombolnya empuk, bagus. Pengiriman dan pengemasan juga baik."
5,"barang bagus, ukuran pas ditangan, bahan plastiknya juga tidak kopong ğŸ‘ğŸ‘ğŸ‘ğŸ‘ğŸ‘"
5,"Barang mantap, kualitas logitech memang ok, awet juga"
5,nais. ga pernah ragu beli productnya logitech
5,kualitas gambar dan video bagus
5,"kurir lama.
sebaiknya diberi plastik udara supaya paket dalam box tidak kocak.
setelah dicek barang berfungsi normal."
5,blm di coba
5,"kualitas bahannya mantaap, feel ngetiknya biasa aja,koneksi gampang"
5,Baguusss
5,"kualitas sangat baikğŸ‘ğŸ¼
pengiriman sangat cepatğŸ‘ğŸ¼"
5,warna imoet. bisa berfungsi dengan baik di linux
5,"Silent, barang bagus"
5,Mantap.. sudah di coba clear cameranya
5,kualitas baguss. sensitivitas nya oke bgt. mantaab ğŸ‘ğŸ‘
5,barang oke
5,"sdh dicoba Ok, semoga awet >3th"
5,sesuai spec. cepat datang. mouse murah enak dipakai
5,barang sudah diterima dengan baik
5,"mulus, tanpa suara bisa dipakai ngegame pas istri tidur jadi gak kebangun"
5,"Desain intuitif, modern, dan sangat nyaman saat dipakai. Sangat recommended!"
5,"Desain intuitif, modern, dan sangat nyaman saat dipakai. Sangat recommended!"
5,Lebih berat dari M330 yg dibeli beberapa tahun lalu tapi enak. Proses dikirimnya cepat & aman
5,oke dan pas..
5,Bagus barangnya cuma gw saranin beli yang versi silentnya aja 180k inin berisik bet klo dipake diluar ruanngan. tapi klo ga peduli ato gamasalah sama suara yang berisik b... 
5,setelah dipake mousenya bagusâ€ ajaaa. cuman kurang pas aja di tangan tapi oke kok
5,ok
5,mantap barang sesuai pesanan
5,mantaap barang sesuai pesanan
5,"Good product, thank you"
5,"Tadinya ragu beli warna ini, tp ternyata lumayan bagus juga, dapat harga flash sale, semoga awet"
5,"mantap , ini ke 2xnya pakai produk ini setelah 4 th berlalu itupun yg lama rusak karena jatuh dilempar anak' 
 tetep pertahankan kualitas logitec"
5,Bagus Sesuai Pesanan
5,Bagus Sesuai Pesanan
5,"sudah di terima, mksh"
5,"sudah di terima, mksh"
5,Mantul
3,"Di unit yg saya dapat, ada satu tombol F8 nekannya harus agak keras dibanding tombol lainnya. Yasudah tidak apa2, masih fungsi, bukan tombol yg dipakai harian, daripada h... "
5,product sesuai & berfungsi baik
5,"seperti deskripsi nya, silent click. Sangat handy dan portable. semoga awet."
5,Mantap.. barang sesuai pesanan dan berfungsi Dengan baik
5,warnanya bagus
5,"hampir 4 tahun make merek yang sama wkwk, yang lama cuma bertahan 3tahunan sekarang beli lagi. mousenya udah nyatu sama tangan aowkw"
5,gece bgt ni barang mdhan pemakaian oke
5,"respon cepat, barang sesuai, sdh bbrp x belanja disini, tks"
5,"build quality oke, mulus! klik kiri kanan bahkan middle button juga silent. wheel nya oke banget feel nya, lancar muter nya, moga2 awet lama wheel nya sblm keluar bunyi k... "
5,"Berfungsi dengan normal, silent klik nya hampir ga ada suara"
5,cakeppp
5,"Delivery cepat, barang bagus."
5,enak dipakai responsif
5,Sip sesuai pesanan
5,ok puas.pengirimannya cepat
5,fast respon & delivery
1,"barang yg di order tidak sampai,, kurir reguler yang digunakan tidak jelas. tp proses klaim berjalan baik sampai ke pengembalian saldo"
5,pihak toko cepat dalam menjawab permintaan saya.  terima kasih.
5,nice
5,kualitas oks banget
4,"kurir melakulan penerimaan barang sepihak, tanpa memberitahu atau pun menelepon udah begitu salah kirim, malah ke rumah kosong, untung ga hilang.  untuk barannya bagus."
5,"Pesanan sdh diterima dengan baik dan pengiriman juga cepat, sabtu pagi order minggu siang sampai. Packing juga cukup baik. Sudah ditest dan berfungsi dengan baik"
5,aluus
5,keren bgt dah logitech
1,tombol scroll gampang rusak
5,"original, sesuai deskripsi, sudah dapay battere juga jadi bisa langsung pakai"
5,"Kualitas barang baik, walaupun posisi beberapa tombol tidak sama dengan keyboard yang versi full karena ini keyboard compact, jadi perlu penyesuaian, semoga barangnya awe... "
5,Asli ini
4,"Mousenya ternyata gak gede2 amat, buat jari panjang ky saya, agak terasa pegel dibanding pake mouse gaming...

packing oke, pengiriman cepattt ğŸ’¯"
5,Thanks Logitech. Semoga awet.
5,the best
5,the best
4,Kecil sekali dan tidak silent click...
5,"Kualitas mouse bagus. 
Tapi ini ada kendala di donglenya, masa jarak mouse dari dongle ke mouse yang -+ 50cm, kursornya gak lancar. Pada lebih dijauhin lagi malah lebih p... "
4,ada beberapa tombol terutama shift dibagian kiri itu agak keras kalau di tekan
5,cakep bgt buat gantiin mouse di kantor yg udah jadul huhu
5,"berfungsi dengan baik, dikasih baterai juga"
5,"Produk sesuai deskripsi, Ori official store, dan selamat sampai rumah."
5,"sangat puas, barang cepat sampai."
5,Semoga awet. Paking aman.
5,"Bagus sesuai spek, perkaranya cuma ekspedisinya sangat sangat lambat"
5,pesanan sesuai deskripsi
5,Bagus banget. Cepat sampenya. Makasih ya
5,Mouse berfungsi dengan baik
5,"semua berfungsi dgn baik, suara jernih, bs diatur volume dan bs on off voice"
4,barang sesuai pesanan
4,barang sesuai pesanan
5,pengiriman cepat barang ok
4,"barang sampai dengan selamat, berfungsi normal, tapi ada sedikit lecet/baret."
5,recommended seller ğŸ‘ğŸ»ğŸ‘ğŸ»ğŸ‘ğŸ»
5,"barang sesui, dipakai nyaman"
5,"kereen,sesuai harapan"
4,"untuk fungsi dan packaging nya oke, cuman ada cacat dibagian roll nya kaya bekas digigit serangga kecil sehingga tidak mulus permukaan nya"
5,Paking bagus. Pakai kardus. Buble. Barang bagus.
5,Seauai dengan yg ditawarkan
5,Terima Kasih!
5,ğŸ‘ğŸ‘ğŸ‘ğŸ‘ğŸ‘
5,Saya lagi di luar rumah. Dapet kabar dari orang rumah kalo paket udah nyampe. Belum saya liat. Sementara saya kasih bintang lima dulu karena nyampenya cepet banget. Order... 
5,"barang sempet kesasar ke rumah tetangga jauh, untungnya nama sy dikenal tetangga tsb."
5,terimakasih.............
5,"baru bisa ngasih review.. 
alhamdulillah sejak beli disini barang bagus, gercep pengiriman dan enak untuk di pakai kerja"
5,pengiriman cepaat dan sukaa bgt sama barangnya
5,Produk sudah diterima. Packing aman. Suka dgn merk Logitech. Terpercaya. Terima kasih seller dan Tokopedia.
5,Produk sudah diterima. Packing aman. Suka dgn merk Logitech. Terpercaya. Terima kasih seller dan Tokopedia.
4,"Bagus, tinggal Plug and Play. 

Tapi agak kurang rapih tulisan di keycaps nya, jadi kesannya build qualitynya jelek. Terus penutup batere keyboardnya gampang lepas2 pas g... "
5,ukurannya pas banget di tangan dan soal build quality gak usah ditanya lagi ya kalo Logitech
5,Berfungsi dengan baik
5,"Diterima Danan belum dijajal ...
semoga awet"
5,barang sesuai pesanan walaupun agak besar u/ yg telapak tangan kecil
5,"respon cepat, pengiriman cepat.
berfungsi normal sebagaimana mestinya.
semoga awet, thanks gan"
5,"kemasannya beda dr yg dlu, bbrp sudah dipakai dan berfungsi dgn baik"
5,"berfungsi baik, produk sesuai pesanan"
5,"Alhamdulillah, dapat harga FS.
Kualitas tidak perlu diragukan lagi meskipun baru mampu beli varian termurah ğŸ‘"
5,"Nyaman ditangan, super silent.., semoga awett â˜ºï¸â˜ºï¸ğŸ‘ğŸ½ğŸ‘ğŸ½"
5,"Thanks sudah tiba paketnya, kemasan baik dan pengemasan ok..
Semoga lancar dan sukses.."
5,Berkualitass
5,ğŸ‘ğŸ‘ğŸ‘ğŸ‘ğŸ‘
5,Ok
5,Ntaps
5,"Pas, semoga awet"
5,always bring great experience.
4,"orderannya cepat datang dan barangnya bagus, selalu beli item ini tp hanya sepertinya setiap 1.5tahun harus ganti karena kalo sudah lama sensornya agak melemh"
5,Semoga awet
5,saya sudah memakai produk Logitech dari lebih 30 THN yang lalu. ini pembelian saya yg pertama di tokped dan saya puas dengan pelayanannya. pesanan di proses cepat. packin... 
5,very nice. berfungsi normal. ok
5,"Bagus banget, semoga awet, thankiess"
5,Produk sesuai deskripsi ... respond cepat... pengiriman cepat sampai di tujuan... recommended seller
5,nyamandigunakan
5,bagus keren recomendeddddd
5,"Super cepat ğŸ‘, barang pasti bagus"
5,logitech is a life
5,sudah dipakai normal semuanya
5,"Barang sesuai deskripsi , sudah sering beli disini, mantabbbb"
5,"Sesuai dengan brandnya, kliknya nyaman, rol enak, tapi agak berat saat digerakan, entah berat dari baterainya atau mousenya sendiri. Over all bagus"
5,mantap
5,bagus
5,kualitas mantap & cepat sampai
5,it works perfectly!
5,"pesan malam besoknya sampai, mouse-nya nyaman bgt digunakan, ga pegel. clicknya jg lembut bgt."
5,Produk berkualitas sempurna. Kado untuk anak dan dia sangat senang. Packing aman dan pengiriman cepat. Puji Tuhan!
5,Bagus. Sesuai pesanan. Terimakasih
5,Barang Original....
5,Recommended!
5,"Mantap packing bagus, dicoba langsung berfungsi dengan baik"
5,Elegant. Berfungsi baik semoga awet lama
5,"sesuai deskripsi, silent click, cepat connect via Bluetooth ke laptop Lenovo, berfungsi dgn baik & lancar. Logitech is the best"
1,"bagus warnanya. thank you!

UPDATE:

BARU SADAR SERIAL NUMBER KOTAK SAMA BARANGNYA BEDA PADAHAL OFFICIAL STORE. PANTESAN MOUSE YA KLIKI NYA JELEK BANGET! GOYANG, BELAKANG... "
5,mousenya mudah dipakai
5,Wah pas digenggam. Lancar saat penggunaannya
5,"proses cepat, barang mantab"
5,mantap. barang original.
5,bagus
5,Mantappp kerennn
5,Puasss bangetttt pesen kmrn langsung nyampe hari ini.. harusnya besok siih nyampenya.. â€Ø¬ÙØ²ÙØ§ÙƒÙ Ø§Ù„Ù„ÙÙ‘Ù‡Ù Ø®ÙÙŠÙ’Ø±Ù‹Ø§
5,ok
5,"mantapp, worth it untuk harga segituhh"
5,Produknya okay bangettt
5,bagus buat kerja
5,Harga murah. Delivery cepat. Keyb mouse segel dan ori. Recommended seller!
5,barang sesuai tp pakingnya kurang aman jadi pas sampai penyok
5,empuk.. kata bosku.. wkwkwkwk cepet nyampe dan pk bubble wrap jg.. mks ya
5,"Packing rapi, barang ori, build quality dan fungsi sangat baik"
5,barang sesuai
5,"Josh, gercep dan produk bagus"
4,"Kualitas bagus langsung saya pakai, top dah"
5,Mantabbb selalu
1,Wajib respon cepat jika ada kendala (team khusus). Saya bayar pakai uang bukan malak/maling. (Kecewa)
5,joss gandos bagus sesuai diskripsi langsung bisa pakai n berfingsi lancaf
5,Barang original dan berfungsi dengan baik
5,udh dites lancarr
5,"Barang Bagus, sudah test , berfungsi dengan baik"
5,mantaps
5,"Sempat ragu ketika awal testing speakernya karna bass nya kaga kerasa dan sama seperti speaker sebelumnya, namun ketika di test musik dan di tinggikan volume + bass nya ,... "
5,ok cepat
5,barang sesuai orderan
5,"Sesuai deskripsi, semoga awet. Pelayannya bagus."
4,"barang bagus, sesuai expektasi tapi pakingan kurang rapi krn lakban nya sudah terbuka pas diterima"
5,"proses cepat, pengiriman dengan someday tgl mantepğŸ‘

barang aman sampe tujuan di pake aman"
5,Barang bagus
5,Sangat ergonomis. Silent click berfungsi dengan baik. Lancar untuk ipad pro. Tombol2 sidekey juga bisa digunakan dngan baik. Oiya mouse ini bisa digunakan tanpa dongle ya... 
5,"Barang sesuai pesanan, semoga bisa awet"
5,"terima kasih, sesuai ekspektasi bintang lima untuk anda... terima kasih dan sukses selalu untuk usahanya..."
5,barang berfungsi dg baik. pengiriman cepat. packing jg rapi. seller fast respond. terima kasih ya
5,so far so good.. thanks
5,barang berfungsi sesuai deskripsi. pengiriman aman.
5,"original, barang sesuai dengan deskripsi, cuma di tangan sya masih kurang enak untuk tipe claw grip"
5,"Mantap sesuai ekspektasi., tinggal colok nyala.,"
5,"selalu puas pakai logitech, ngga kelain hati"
5,mantep sih mouse nya. silent click. scrollnya jg enak. pas buat yg punya tangan besar. bisa via bluetooth/ dongle. warna putihnya keren.
5,"sesuai deskripsi, pelayanan cepat, packing rapi bingiiittttt. pokoke good deh. next belanja lg ya"
5,Langsung berfungsi dg baik..
5,OK
5,"sesuai pesanan, keren mousenya"
5,"packing rapi , isi aman dan cepat sampainya"
5,Keren
5,berfungsi dengan baik...
5,terimaksih..webcamnya keren dengan kualitas yg tak diragukan
5,"sesuai namanya, silent click, jadi tidak berisikğŸ‘"
5,"Bagus, nyaman, silent klik, jadinya ga berisik."
5,Barang berfungsi dengan baik. Bluetooth tanpa donggle memang sangat membantu lebih ringkas dan awet
5,"kurir cepat, barang tidak perlu diragukan kualitasnya"
5,barang nya baguss sipp
5,mantap. baramg dtng dgn tepat waktu.
5,ğŸ‘ğŸ»ğŸ‘ğŸ»ğŸ‘ğŸ»
5,barang bagus. sesuai dengan kebutuhan
5,brg sesuai pesanan
5,Tombol soft
5,Nice
5,barang sesuai. pengiriman cepat.
4,"Produk berfungsi dan sesuai harga. Proses dari packing dari seller sampe dikirim cukup lambat, produk sudah dibayar Selasa siang namun baru diproses kirim hari Kamis sian... "
5,fungsi ok n barang bagus
5,Mantab
5,"barang sesuai pesanan, tombol2 keyboard empuk & tidak brisik. nyaman digunakan saat pemakaian lama."
5,"warnanya lucu, enak bgt dipake, thank you logi!"
5,"produknyua goo,maaf baru respond"
5,"Fast response dr penjual, kebetulan dapet gosend nya jga cepat, top"
5,"Ringan, berkualitas dan packing rapih saat di terima"
5,"Barang sesuai gambar, dan kualitasnya jugaok nih waktu dipakeğŸ˜‡ğŸ™"
5,Bekerja dengan baik... mantap
5,Bekerja sesuai fungsinya
5,"Pengiriman cepat, barang aman dipake"
5,Mouse Logitech memang top. Harga tidak bohong. Pengiriman super cepat. Packing aman.
5,produk sesuai dan pengiriman aman
5,suara mantap
5,Mantap and cepet sampainya
5,"Sesuai pesanan, pengiriman cepat cepat dari yang di jadwalkan. Sangat Puas. Terima kasih"
5,"sudah ditest lancar, normal semua, ditangan pas, thx"
5,"Barang Ok.
packing gede bgt mirip kardus indomi*.
Pengiriman pake GTL lama bgt."
5,"Penjual fast respon, kualitas barang bagus"
5,LGTM
5,Barang diterima kondisi baik dan sdh dipasang berfungsi baik. Pengiriman juga cepat tk
5,mantap
5,silent mouse sesuai. bobot enteng. gw kira rada berisi. tapi enak dipake
5,"Bagus sih...sesuai harga.ğŸ˜
Tapi tokopedia responnya emang juara. Kurir cepat dan sangat pintar mengatasi kondisi. Packing luar biasa rapi dan aman. Toko ini banyak yg bi... "
5,barang ori. built quality enak..
5,ğŸ‘
5,Mantul
5,"pengiriman cepat, seller responsif"
5,"packingnya aman..warnanya bgs, enak sih buat kerja"
5,Sesuai ekspektasi
4,Terlalu ringan
5,"Terima Kasih kepada Seller dan Kurir telah memberikan yang terbaik, sukses Terus Untuk Kalian"
5,mantapp. delivernya okeh
5,Ini pembelian kedua. Mousenya nyaman dipakai. Recommended seller.
5,"Barang berfungsi dengan baik, keyboardnya kecil, meja jadi bisa muat barang yg lain. Cukup nyaman utk ngetik, dan bisa connect dgn gadget yg lain bersamaan dgn komputer."
5,berfungsi normal. fast respon
5,ok...proses cepat...barang ori.
5,semoga awet
5,"produk berfungsi dengan baik, kualitas oke dan packaging aman"
5,"Barang sesuai gambar dan deskripsi. Bagus, semoga awetğŸ‘"
5,Mantap
5,ğŸ‘
5,original
5,original
5,packing aman banget. produk blm dicoba. semoga awet dan lancar
5,"cakep banget!! sbetulnya terpaksa beli mouse karena kmarin kerjaan lg hectic, dan butuh bgt mouse biar kerja bs lebih cpet. eh lama2 jd gabisa lepas dr mouse"
5,baguss
5,"Bagus â€¦ barang ori, pengiriman cepat"
5,sangat baik.
5,Sip
5,"halus, bunyinya gk ada. Enteng, design lucu dan elegan."
5,"pengiriman super cepat, packaging mantap, barang sesuai, kualitas ok"
5,joss
5,"Packing aman, kualitas ok"
5,mantap banget ini sihğŸ™
5,selalu fast respon dan cepat pengiriman
5,sesuai pesanan
4,kardus penyok penyok dan lecet lecet parah untung isinya aman
5,"Wow bagus banget! Langsung nyambung, fungsionalnya juga works well. Nyampenya cepet banget."
5,"Nyaman, enak dan byk fitur nya. Sangat kepake utk kerja sehari2"
5,"So far so good.
Hari kedua pemakaian sejauh ini tidak ada kendala.
Semoga tahan lama"
5,worth it. ada harga ada kualitas
5,"barang bagus, pengiriman cepat"
5,bagus
5,packing ok
5,"Bagus, cakep"
5,"Josss, Mantap, berfungsi, keren"
5,"brg bgs, puas..."
5,Mantapzz ğŸ‘ğŸ»
5,Belum dicoba tp gak ragu sama kualitas logitech
5,barangnya sudah tiba kirimannya cepat tinggal di coba. makasih
5,bagus dan sesuai dengan deskripsi... semoga awet mouse nya. thanks seller
5,Barang bagus. Pembelian ke sekian..
5,"Kualitas nya ok, full size mouse. pengirimannya cepat, transaksi sore besok pagi barangnya udha nyampe."
5,"ga kecil2 bgt ternyata, msh pas ditangan, blom cobain, semoga ga error, pelayanan fast respond, fast process ğŸ‘"
5,"barang diterima dengan baik, respon penjual sigap dan cepat."
5,Mouse berfungsi dgn baik dan sampai di tmp saya tanpa cacat. packing sngt baik dgn tambahan dos tebal dan potongan dos utk meredam guncangan. respon chat dan proses pengi... 
5,"Produk OK
Packing OK"
5,"Kualitas Barang Bagus,
Harga Terjangkau,
Packing Rapih,
Respon Cepat,
Pengiriman Cepat,
Recomended Seller."
5,"Mantap ringan kecil, grip agak ga enak karena biasa pake mouse normal, cuman ini ringan dan tipis dan kecil, batrenya punya ketahanan 1.5 taun, semoga bener."
5,enak dipakai setelah 1 minggu ga ada kendala
5,"Lumayan, suara mic jelas, suara ke headset jg cukup jernih, bantalan empuk tidak sakit jg ditelinga."
5,oke
5,jernih tapi zoom banget jadi harus agak jauh
5,thanks
5,"pengiriman cepat, belum di coba semoga berpungsi"
5,mantap
5,Bagus. Semua berfungsi dengan baik .
5,super fast respon mkasih pesenan dh diterima thx mas kurir
5,"Packing aman, barang sudah diterima, respon dan pengiriman cepat. Terima kasih banyak Ka, sukses selalu"
5,jos gandos kotos kotos..
5,ok sesuai pesanan
5,ok
5,"kualitas barang bagus, pengiriman tepat wakti"
5,"it works! Gampang, simpel, portable ğŸ˜Š bisa untuk ios pula"
5,kualitas grip dan klik nya TOP!!! Harga bersahabat.
5,"Mouse-nya bagus.
Saya pakai peralatan/aksesoris PC dari Logitech sejak masih kuliah sekitar tahun 2000, ga perlu diragukan lagi, awet ampe bosan pakainya bukan karena rus... "
5,"Barang baguss...sesuai harapan, harga juga OK. Good seller.."
5,"Kualitas oke, barang original. Pengiriman cepat. 
Good Seller"
5,"Kualitas oke, barang original. Pengiriman cepat. 
Good Seller"
5,"Kualitas oke, barang original. Pengiriman cepat. 
Good Seller"
5,udah dicoba dan bekerja dengan baik..terima kasih..sukses terus kaaa
5,Original logitech product
5,"Mouse nya sampai dengan selamat.
Packing rapi dan bagus.
Pengiriman cepat kali ^_^"
5,"Barang dikemas dgn baik sehingga tiba dlm keadaan baik, tidak ada yg penyok, rusak, atau semacamnya... barang juga berfungsi dgn baik... kelengkapan dan varian juga sesua... "
5,"Bagus banget, berfungsi dengan baik, tombol clicky, kualitas top. Love it"
5,"Kualitas bagus, berfungsi dengan baik, enak di genggamnya. Warna juga oke banget, love it"
5,Mantap
5,ğŸ‘ğŸ‘
5,sesuai deskripsi dan berfungsi
5,Logitec gak pernah ngecewain emang ğŸ‘Œ
5,bagusss keren mksh SellerğŸ‘
5,Cocok buat kerja. Cepat n ok.
5,"barang bagus, suara hening. semoga bisa awet"
5,"Bagus, nyaman di pakai, pengiriman ceoat"
5,packing baik dan rapi
5,Mantap bisa digunakan normal dan sizenya pas untuk penggunaan saya
5,Barang sesuai dengan deskripsi
5,Barang sesuai dengan deskripsi
5,"warna ok sesuai foto dan laptop saya, enak sekali pakai nya, barang ori"
5,Sesuai pesanan dan berfungsi dengan baik
5,sesuai diskripsi
5,"mantapss, terimakasiih"
5,"Pengiriman cepat, aman, dan barangnya sempuuurrrna. Keyboard empuk dan silent."
5,jaminan qualitas sih
5,"Mousenya nyaman di tangan,  kualitas bagus, sesuai dengan laptop saya"
5,paking rapi barang bagus
5,berfungsi dengan baik
5,"produk original, kualitasnya baik, mousenya berfungsi dengan baik."
5,brg sesuai...packing mantep...seller gercep...tengkiu gan...
5,respon KLIK dan roll tengah nya bagus.  cuma tebal nya masih belum seperti yg saya harapkan.
5,speakernya bagus..sdh dicoba..kualitas mantap
5,"Seller responsif
Pengiriman cepat
Banrang original
audio jernih, bagus
nyaman dipakai lama"
5,"pengiriman cepat, kemasan rapi dan langsung bisa digunakan"
5,"berfungsi dgn baik, disayangkan menu on off nya ada dibawah, coba di samping lebih praktis pencet nya dikala tablet masih di nempel di dock keyboard"
5,"Cepat, Tepat, Terpercaya
Mantabb"
5,Seller respon cepat & kurirnya komunikatif.
5,"pengiriman super cepat, gak sampe 24 jam udh dateng.. mudah2an tahan deh.. mouse2 yg kayak begini biasanya cuma 4 bulan, paling lama 6 bulan udh rusak, entah klik ataupun... "
5,mantap
5,berfungsi dgn baik
5,"barang sampai dan sesuai dengan pesanan, alhamdulillah berfungsi dengan baik jugağŸ‘ğŸ»ğŸ‘ğŸ»"
5,"Produk sesuai dan berfungsi
Terima Kasih"
5,"Produk sesuai dan berfungsi
Terima Kasih"
5,"Mantappp, gak diragukan lagi.."
3,barang ga sampai/hilang pake si cepat halu wkwkkw. untung bs refund..
5,"sorry telat comment, karena kirimnya kekantor, jd mau open dan test
ternyata original dan enak banget buat ketik2"
5,Untuk mouse pegangannya enak
5,murah aman bagus
5,sesuai deskripsi
5,Keyboard bagus... Mantap...
5,gud
5,"packing aman, barang sangat bagus pokok ne mantap"
5,bagus dan minimalis
5,Keyboard nya enak banget di pake. Mantap ğŸ‘ğŸ»
5,"suaranya gahar, ga expect bakal segede ini karena cuma 5 watt ahahaha, gada kendala konek ke pc, aman lancar jaya"
5,"keyboardnya silent. tombolnya empuk. mouse nya ga seenak series silent yg lain, tp tetep yg ini cukup silent"
5,"recommended seller dan terpercaya, terima kasih.

dititip ke security karena ruko lg libur."
5,Ringan dan ringkas keyboardnya.mantap
5,"pengiriman cepat, dikemas dwngan baik dan aman
 Barang sesuai pesanan. Mouse berfungsi dengan baik. dan sesuai dengan ukuran telapak tangan, jadi enak menggenggamnya. Ter... "
5,"barang sesuai, respon cepat"
5,"kualitas OK, suara mic jelas"
5,Cakep bgt dan keyboard + mouse mudah dikoneksi ke ipad
5,joz ğŸ¤Œ
5,barangnya mantab...
5,"mousenya itu bagus. Bisa dipakai dibanyak tempat, cukup sensitif saat dicoba dan ga harus ada tempat khusus gitu sudah dicoba dibeberapa permukaan halus kasar tetap lanca... "
5,"packing rapih, barang bagus - sesuai deskripsi, pengiriman cepat"
5,Bagus
5,pesanan dikirim cepat & original
5,Dongle nya lepas dari casingnya haha
5,"Produk berjalan dengan baik. Sangat merekomendasikan untuk membeli produk ini karena pas di tangan, tidak terlalu besar."
5,"Mantep bgt udh lama searching ini di semua platform media, terutama yutub  nyari reacienya ternyata ada beberapa versi kalo yg ini touch padnya udh bisa d klik dimana aja... "
5,Respon pengiriman cepat dan barangnya baguuus
5,Respon pengiriman cepat dan barangnya baguuus
5,Respon pengiriman cepat dan barangnya baguuus
5,Barang sdh di terima dgn baik
5,"warna soft banget, elegan, gak berisik."
5,Pengiriman cepat & Barangnya Ori. Mantap
5,"packing nya terlalu over. dus dari loudspeaker sudah bagus ditambah buble wrap masih dimasukin ke dus lagi. untuk kualitas speaker bagus, walau bass biasa saja. Dengan pe... "
5,"Keren terbaik auto conect sama mac, ipad, macbook bisa ganti ganti dengan mudah"
5,"Keren terbaik auto conect sama mac, ipad, macbook bisa ganti ganti dengan mudah"
5,"Kualitas gambar bagis, emang beda jauh dibandingg kamera laptop biasa"
5,mantap pengiriman cepat dan prdouk sesuai yg dipesan.pengemasan juga rapi
5,keyboard sejuta umat. packing rapih dan barang ORI serta berfungsi dengan baik.
5,sangat bagus
5,"Barangnya enak banget asli, licin parah ga sia sia beli ini!"
5,bagus
5,"bentuknya bagus, packing rapi, kiriman cepat"
5,Pengiriman cepat sampe
4,"ergonomis. tapi sayangnya tombol kliknya ""terlalu mudah"" untuk diklik kalau tertekan sedikit saja. waktu ngeklik kiri kalau jari tengah agak sedikit bertumpu mene... "
5,"Bahannya bagus, pas banget di tangan, sangat rekomenğŸ‘ğŸ»"
5,Saya sebelum ini memakai MX Anywhere 2S dan improvementnya terasa sekali. Bodi lebih ringan dari 2S sehingga bisa lebih luwes bergerak dan juga scrollwheelnya sekarang su... 
5,"Barang sesuai pesanan, tapi belum dicoba. Pengiriman standar."
5,sip diterima dg selamat
5,pengiriman cepat dan barang original.
5,ThxğŸ‘ğŸ‘
5,admin fast response
5,kualitas logitech memang mantap!
5,"Barang sudah di tangan, langsung dites dan berfungsi dengan baik."
5,"Kualitas bagus! Kalau logitech memang mouse andalan, sudah 5 thn lebih pakai produknya."
5,"tombol clicky tapi silent, nyaman di genggam"
5,pelayanan tokped mantap
5,"belum dipakai, tp kelihatan ğŸ‘"
5,"respon cepat dan barangnya sesuai deskripsi, pengiriman aman"
5,okei banget!
5,semoga awet
5,"packing rapi,aman kwalitas terbaik, fiktur bagus, ringan lincah mousenya, imut"
5,mouse yang bagus simpel gampang di bawa.
5,gokil gokil gokil dekilll
5,"terima kasih barang sdh diterima, tapi blm dicoba.."
5,"berfungsi sempurna, lancar dan bagus"
5,moga awet...
5,wefingsi dengan baik
5,Berfungsindengan baik
5,Peking mantap pengiriman cepat pelayanan jempol recomended pokonya
5,"Barang bagus, packagin rapi"
5,berfungsi normal
5,mntappp
5,pengiriman cepat kualitas oke
5,barang cepet sampe. udah dicoba aman semua tombol berfungsi.
5,barang telah tiba dengan selamat .. aman .. josss .. terpakai .. thank gan
5,"pengiriman ok âœ…ï¸
tebal, sesuai ekspektasi âœ…ï¸
sedang, ngga terlalu kecil âœ…ï¸

approved! ğŸ‘"
5,ğŸ‘ğŸ‘
5,Barang sampai dengan selamat dan cepat.kualitas ok. terimakasih banyak.
5,enakeun dipakenya mantap. gampang nyambung ke laptop. kokoh tidak ringkih.
5,"packing rapi.. kerdus gede, box speaker ny lapis bublle warp, speaker dalam nya lapis bublle warp lagi.. jozz
barang mantaf, toko nya mantafğŸ‘"
5,"mantap, udah dicoba tinggal kita liat awet berapa lamağŸ˜"
5,"Pengiriman cepat, barang oke"
5,cakep
5,kualitas bagus
5,Barang sudah sampai dengan selamat
3,standard
5,"sudah diterima, sudah di test ok. recomendeed seller"
5,Produk ğŸ‘ semua ok thanks ğŸ™
5,kualitas buagus
5,"connect ke tab/hp cepat, switch dari tab ke hp juga cepat ğŸ‘ğŸ½"
5,"pairing mudah & cepat, pointer gak delay, dimatiin sebentar lalu balik nyalain mousenya lagi gak ada sedetik langsung connect lagi ğŸ‘ğŸ½"
5,Kualitas produk Bagus!
5,respon seller sangat cepat..  produk original. sesuai kualitas
5,B Aja sih untuk suara nya y cocok lah sesuai harga low budget
5,Delivery: Lumayan cepat. Barang : berfungsi
5,"Barang Original, mouse enak dan ga berisik, semoga Awet.. Terimakasih Gan ğŸ‘"
5,Good quality and sound experience
5,thanks bos pesanan sdh sampai tujuan dengan aman......mantap....ğŸ’¯ % original....cepat sampai ya di luar duga saya sdh sampai.....good.....ğŸ‘ğŸ‘ğŸ‘ğŸ‘ğŸ‘ğŸ‘ğŸ‘ğŸ‘
5,"Sesuai, tapi ekspedisi GTL melebihi target, harusnya sameday, baru sampe besoknya. Pdhl udh diproses dari pagi."
5,"barang sesuai pesanan, langsung sampai esok harinya. dipakainya nyaman dan minim suara"
4,Produk sampai dengan aman.
5,cepat dan tepat seperti biasa
5,aman
5,mantab
5,"Kualitasnya sangat bisa dihandalkan,
Yang pertama saya suka tentunya desainnya yang ergonomis sehingga nyaman untuk digunakan berlama-lama.
Kualitas bahan & pengerjaa... "
5,keren
5,Uda beli ke 2x merk ini sebelumnya uda pakai 3 tahun tapi tiba2 mati. repeat order dah.
5,Barang bagus berfungsi dengan baik berkualitas
5,Barang berfungsi dengan baik. Semoga awet.
5,Suka
5,pas aja ditangan cw.. gak kegedean gak kekecilan.. Battery jg awet..
5,"Sudah beli barang yg sama buat di rumah, ternyata seenak itu, jadi beli lagi buat di kantor. Recommended!"
5,bagus tapi kebayang nya seberat m331 juga . jd kerasa aga kopong. tapi semua fungsi dan lancar jaya.
5,Biar bintang yg menjelaskan
5,"suara bagus..belum dicoba untuk ngobrol via mic nya...kemasan rapih...cepat sampai..kmrin order hari ini udh sampai
.sukses seller twrima kasih"
5,"proses pesanan cepat, barang sesuai"
5,thank you. pesanan sudah diterima. terbaik emg logi. susah pindah dari logi
5,ujuran mousenya pas jadi bikin feel pakainya enak dan traking mousenya pas ga kekencengan ga jklambatan
5,"barang mantap, sesuai fungsi, original, pengiriman aman
lihat aja review yang lain, udah mantap"
5,"Sebenarnya sih, produk ok. namun barangnya ga nyampe2, akhirnya beli lagi sambil menunggu uang refundnya kembali. dari seller pun sangat responsif dalam membantu"
5,"packing rapi, aman, produk bagus, suara jernih, nyaman dipakai."
5,lancar jaya
5,mantap deh
5,"oke mousenya bagus ya, dipakai nyaman, klikanya juga empuk, tinggal coba baterainya aja tahan sampe 1 tahun gak ya, logitech sebelumnya tahan baterainya sampai 1 tahun 2... "
5,"Packing nya aman, rapih. Produk nya canggih banget bisa ga pake chip tp bluetooth aja. Enak juga di pake nya suaranya 90% silent. Bluetooth nya juga ga susah pairing nya.... "
5,oke
5,"pengiriman cepat, barang bagus, trims"
5,"barang berfungsi dgn baik, makasih"
5,"barang berfungsi dgn baik, makasih"
5,"warnanya cantik, kondisi barang bavus fan berfungsi dengan baik"
5,"Mouse andalan untuk kerja dan di rumah karena semua mouse wireless gak ada yg cocok, semuanya bikin pegel atau sakit tangan. Kapan ya Logitech bikin mouse wireless seukur... "
5,"bagus banget, semoga awet"
5,kualitas tidak diragukan
5,terima kasih
5,beneran ga ada suara klik nya....
5,Product sesuai.
5,berfungsi maksimal!
5,nambah koleksi mouse...
5,"produk bagus, sesuai deskripsi, cursor licin, scroll lancar dan wuzz wuzz, semoga awet dan lama"
5,manteb pas di semua segi
5,mantaaappppppp
5,"Barang sesuai gambar, kualitas plastik cukup bagus, audio nya mantap.
Thanks"
5,"barang sesuai,"
5,"warnanya cantik, gampang pairingnya.. bisa pakai bluetooth"
5,"paket aman, beneran silent click, mousenya cakep, ukuran pas ditangan, dapet batre alkaline, bisa on off"
5,barang sudah sampai dan berfungsi dengan baik
5,Good
5,"langsung bisa connect, pengiriman cepat"
3,"paket sudah sampai sesuai pesanan produk bagus enak ringan dipakai gerak mouse  bagus, logitec mmg enak mousenya sih, hanya itu entah knapa sih kurir nya itu pilih next d... "
5,"produk ok, packing aman, proses dan pengiriman cepat.. thank you"
5,"Packing aman, dan pengiriman cepat. Responsif. Keren"
5,"Packing aman, rapi.

Untuk rekam video dengan suara, kalau hasil rekaman ternyata suara mic mendengung... coba cabut charger laptopnya supaya dengungan hilang. Bisa jadi... "
5,"nice, real pict,"
5,"bagus banget & compact. pengiriman jg cepet bgttt, malam pesan, siang sudah sampai, trima kasih yaaa"
5,"bagus ,pengiriman cepat dan berungsi dengan baik"
5,Langganan beli disini
5,"sipp.. 
Packing Rapih bgt, 
ada box luar + Bubble di dalam, 
semoga awet.. 
bagus tingkatkan ğŸ‘ğŸ»"
5,Nice! Barang sesuai deskripsi dan berfungsi baik
5,AWESOME SOUL...
5,"Barang berkualitas, nyaman digenggaman, dan dapat digunakan dengan alas apa saja"
5,Paket sdh diterima dengan baik... Belum dicoba...tapi semoga baik2 saja
5,Bagus dan sudah teruji
5,baguuss
5,"Respon dan prosesnya cepat, harga hemat"
5,barang sesuai dan original serta dapat berfungsi dengan baik. terima kasih.
5,Berfungsi dengan baik
5,"barang original, berkualitas, respon cepat, recommended"
5,Barang berkualitas...
5,"bagus, kurir cepat, produk keren"
4,"barang sesuai, suara cuma sebelah saja yang bunyi, pengiriman cepat."
5,"packing aman, pengiriman cepat, harga sesuai suara, b aja. hehe. terima kasih"
5,Packaging aman dan barangnya berfungsi dengan baik.
5,"bagus, packing rapi. semoga awet, terima kasih seller"
5,mantaaabbbb
5,mantap
5,"mantap belanja disini,pengiriman cepat,barang original dan packing safety. two thumbs up"
1,Gk tau asli atau palsu. Serial number gak terdaftar di web logitech. Dongle gak ke detect di logitech connection utility. Padahal semua mouse keyboard logitech sebelumnya... 
5,"Respon cepat, barang sesuai deskripsi"
5,Keren banget!! gampang konek juga sat set sat set bgt koneknya ga ribett
5,"Bagus banget, langsung konek, no delay juga buat typing sama toucpadnya, worth it bangettt!! Cuma sayangnya memang buat apple pencilnya ga ke protect, tapi tinggal beli p... "
5,sudah dicoba dan berfungsiiiii
5,good
5,good
5,good
5,Respon toko cepat barang sesuai deskripsi mudah mudahan awet
4,ams
5,"barang utuh...tersegel..
isi lengkap berserta baterai...
berfungsi dengan baik dan enak digunakan...thanks"
5,kualitas bagus
5,"ok, cepet sampe walaupun free ongkir, mousnya jg ringan, kualitas bagus"
5,"mouse nya sudah digunakan, nyaman dipakai, kualitas juga bagus, 2 fungsi wireless dan bluetooth berfungsi baik, tanpa mouse pad juga bisa ğŸ˜, pengiriman cepat, kontak sel... "
5,mantabsssss
5,Manteb!
5,oke semoga awet dan berfungsi dgn baik
5,"Barangnya mantabs 
Seller gercep"
5,Bagus nihâ€¦ pengiriman cepat juga
4,"diterima dengan baik berfungsi dengan baik, maaf saya kurangin 1 bintang krna proses nya lama.. overall bagus"
5,ğŸ‘
5,Logitech Pebble rekomen
5,order banyak 50 Pcs
5,ok
5,"keren, bisa digunakan"
5,"pengiriman cepat packing aman sesuai deskripsi. model lampu bawah tidak nyala.
berfungsi normal"
5,"Mantep, semoga awet"
5,"Suka dengan warna dan design nya, compact yet stylish. Tombolnya juga enak diketik cuman hanya perlu adaptasi dgn bentuk tombolnya yg bulat dan jaraknya yg agak berbeda d... "
5,Pokoknya okeeeeh
5,ğŸ˜€
5,"Bagus, sudah dipakai semua berfungsi normal"
5,Good
5,Alhamdulillah dapet logitech ori flash sale 30rb aja hehehe
2,"Build quality ringkih sekali, masih dibawah keyboard logitech 120, kreot2 kalo ditekan, bahkan unit yg sy dpt entah kenapa gak bisa rata dimeja, sperti kena twist body ke... "
5,"Packaging aman, untuk produknya gaperlu ditanyaa lagii"
5,"Bagus sesuai speknya... mantaap, terima kasih..."
5,enakan yg kabel ga banyak masalah
5,bagus bgt kokoh
5,barang sampai dengan selamat dan sudah dicoba tidak ada masalah
5,Berfungsi sangat baik dan sangat nyaman. Terkoneksi ke iMac dengan baik dan tanpa kendala. Untuk tipe mouse ini jangan lupa instal aplikasi untuk mengatur setting mouseny... 
5,Manstabsss
5,"Barang sudah diterima. Mouse berjalan normal dan berfungsi dgn baik. Packing ok, pengiriman cepat."
5,Sudah langganan beli produk logitech disini. Original semua dan best service sellernya. Produk bekerja dengan baik dan kagum dengan fiturnya. Thanks!
5,"Sesuai yg ditawarkan, dan benar ""silent"""
5,Barang bagus. Ori. Mantep deh
5,terbaik. pengemasan rapih.
5,Makasihh barangnya bagus dan sesuai dengan spesifikasi... psti order lagi
5,"Ya amanlaah, namanya juga logitech"
5,okay
5,TOP
5,"barangnya baru gress, suaranya sudah lebih dr cukup. semoga awet selama pemakaian. terima kasih."
5,Mantap dah ğŸ‘ğŸ‘
5,sesuai pesanan
5,"baguslah, seperti pesanan sebelumnya. Mudah-mudahan awet."
5,agak pricey tp kualitas sebanding. bagus warnanya
5,bagus banget. agak pricey tapi kualitas oke lah. warnanya cocok buat prempuan
5,mantap
5,"Puas banget, aman dan lancar"
5,bagus
5,"Mantap, berfungsi dengan baik semoga awet lama ya ganz"
5,sip boz
5,"sukses selalu..  kualitas barang bagus, original."
5,"cepat, packing mantap, ori, semoga awet amin"
5,ok
5,"mantap udh order 2x 
asli dan ori 
harga juga lbh miring dr reseller
good
langganan
thx seller 
thx tokped"
5,"Barang sesuai dan bagus, sangat senyap saat digunakan, terima kasih dan semoga awet"
5,"Design sesuai dgn tangan, koneksi Bluetooth lebih simple, klik nya sangst halus, â€œno clickâ€ sound"
5,semoga awet
5,kualitas barang baik n cepat sampai
5,"seller komunikatif dan responsif, packing ekslusif, layanan eksekutif, harga kompetitif, recsell....ğŸ‘"
5,"Brg sesuai psnan, kondisi bagus, packing rapi. Respon cepat, tq."
5,barang mantap dan admin sangat responsif
5,berfungsi baik
5,"kualitas & performa bagus,tdk berisik jika klik2"
5,diterima dengan baik dan sesuai dengan pesanan
5,"barang sudah sampai dgn selamat, tapi belum dicoba. semoga berfungsi dgn baik."
5,"simple, mudah digunakan, tidak berisik, lancar"
5,"fast response, bnib."
5,udah pake bagus
5,Alhamdulillah barang sesuai deskripsi. mudah2 an awet. semoga berkah.
5,pas ditangan dan tidak berisik.
5,berfungsi
5,Ini barang bagus ada nuansa ijonya matching dgn cpunya sesuai dgn partai idola bagi yg belum matching segera ganti dgn keyboard mouse ini kalu perlu cpunya juga supaya ma... 
5,"packing rapi, barang diterima dalam kondisi baik, pesanan diproses cepat"
4,"Pengiriman Ok, packingnya jga Ok, Mouse berfungsi tp lampu optiknya tidak menyala. Sedikit kecewa karena bagi Saya Lampu optiknya sebagai indikator penting. mudah2an bisa... "
5,.
5,Kondisi dan kualitas okke
5,keren banget  puas belanja dsini
4,"suka ngelag untuk mousenya, kalau keyboardnya enak empuk tapi kurang mantep kalau untuk banyak tab gitu, agak kurang untku pindah2nya"
5,MANTAP PUNYA
5,MANTAP
5,"Tadi saya coba aman sih, bisa berfungsi dengan baik."
5,"kualitas bagus, seperti Logitech pada umumnya"
5,"Berfungsi baik, original"
4,Terima kasih sdh sampai
5,"Bagus warnanya , ringan dipakai"
5,so far so good ğŸ‘
5,Mantap empuk click dan scroll nya
5,"produk berfungsi dng baik, pengiriman cepat"
5,barang sesuai dengan deskripsi
5,"ori, bagus, cocok untuk kerja"
5,"Produk logitech emang the best, dari dlu selalu pake logitech, keyboardnya empuk banget, build productnya kerasa premium, koneksinya cepat, kayak gak ada delay"
5,Mantap tq
5,Barang diterima dgn baik.
5,baguss
5,"Suara standar. Packingan aman tapi sedikit lama, kurir pengiriman cepat. Barang berfungsi baik, semoga tahan lama"
5,"Dipacking rapi dengan dus dan dalamnya diberi bubble wrap. Diterima dalam 1 hari. Dipakai zoom meeting suara jernih, untuk mendengarkan musik biasa aja. Rangka terbuat da... "
5,barang nya bagus dan pengirimannya cepat juga packing nya sangat aman pakai bubble wrap dan kardus
5,ó ‡–ó ‡–ó ‡–ó ‡–ó ‡–ó ‡–ó ‡–ó ‡–ó ‡–ó ‡–ó ‡–ó ‡–ó ‡–ó ‡–ó ‡–ó ‡–ó ‡–ó ‡–ó ‡–ó ‡–ó ‡–ó ‡–ó ‡–ó ‡–ó ‡–ó ‡–ó ‡–ó ‡–ó ‡–ó ‡–ó ‡–ó ‡–ó ‡–ó ‡–ó ‡–ó ‡–ó ‡–ó ‡–ó ‡–ó ‡–ó ‡–ó ‡–ó ‡–ó ‡–ó ‡–ó ‡–ó ‡–ó ‡–ó ‡–ó ‡–ó ‡–ó ‡–ó ‡–ó ‡–ó ‡–ó ‡–ó ‡–ó ‡–ó ‡–ó ‡–ó ‡–ó ‡–ó ‡–ó ‡–ó ‡–ó ‡–ó ‡–ó ‡–ó ‡–ó ‡–ó ‡–ó ‡–ó ‡–ó ‡–ó ‡–ó ‡–ó ‡–ó ‡–ó ‡–ó ‡–ó ‡–ó ‡–ó ‡–ó ‡–ó ‡–... 
5,barang termasuk murah dan berkualitas
5,"Good to use worth the price Alhamdulillah never dissapoint with this, nice try lah"
5,mantap
4,"Barang Sesuai Pesanan, Mantappp."
5,ğŸ‘
5,"barang nya oke, pengiriman cepat"
5,barang sdh diterima sesuai pesanan n tepat waktu sesuai estimasi yg di janjikan
5,Its ok... Tq
5,"Packing aman, headset nya keren dan berfungsi dengan baik"
5,Barang sudah diterima
5,barang mendarat dengan selamat. colok langsunh connect mantap
5,ntaps kak!
5,Barang diterima dengan baik dan berfungsi dengan baik.. Terima kasih Gan
5,slim n' silent ğŸ‘Œ
5,Alhamdulillah langsung nyala
5,Mntp
5,Barang sesuai.
4,"Waktu aktifin wide mode nya gerakan gambarnya jadi aneh dan ga lancar, kalo pake mode standar keliatannya jadi zoom in banget. Kualitas gambar yang dihasilkan jernih bang... "
5,ğŸ«¡ğŸ«¡ğŸ«¡
5,ğŸ«¡ğŸ«¡ğŸ«¡
5,ğŸ«¡ğŸ«¡ğŸ«¡
5,"Setelah dipakai barangnya bagus. Geraknya juga halus, recommended sih ini."
5,Logitech gapernah mengecewakan produknya ğŸ‘
5,masih berfungsi baik setelah pemakaian 3 bulan
5,sesuai pesanan
5,good barangnya cepat banget sampai nya
5,produknya sangat berkualitas Dan sesuai deskripsi.pengirimannya cepat.
5,"nyaman & presisi, sambungan bluetooth lancar"
5,Puuuuaasss ğŸ¤©ğŸ¤©ğŸ¤©
5,"no debat official store Logitech untuk headset ,josss gandos pakcing good pakai banget,no cacat ,rapi,suara ga usah ditanyakan lagi .jossssmantulll"
5,"performanya optimal, gambar jernih no butek2 club apalagi kalau lightingnya mendukung, dan bahannya ringan."
5,semua sesuai dengan ekpektasi. bqrang berkualutas dengan harga diskon. pas dikantong pas untuk kebutuhan. terimakasih amd
5,"Paket rapih dan aman, semuanya berfungsi dengan baik. Warnanya gemeccc, mirip dengan foto ğŸ‘ğŸ»ğŸ¥°"
5,"Barangnya OK, Pengiriman Cepat."
5,pengiriman cepat. barang kualitasnya  bagus. sudah lama jadi pengguna logitech
5,Bagus dan sesuai
4,bagus dan enak di pegang
5,Berfungsi dengan baik
5,"bagus kualitasnya, semoga awet. mouse juga responsif. terima kasih"
5,semoga awet..
5,GOOD !!! HIGH QUALITY
5,Jangan di tanya dah kalo brand Logitech oke punya
5,mantap gan
5,produk sesuai dengan pesanan barang diterima dalam kondisi baik dan aman. produk berfungsi.. terima kasih..
5,"Nice, respon cepat, pelayanan ramah dan packing rapi serta pengiriman yg sangat cepat"
5,Barang mantap. Pengiriman ga pake lama...ğŸ‘
5,ok bagus ğŸ‘ğŸ‘ğŸ‘
5,"keycaps nya enak diteken, suaranya cakep, LOGITECH TERBAIK COYYY

minusnya agak berat aja keyboardnya"
5,Suka
5,"gak usah di ragukan lagi logitech mah,, durable bgt"
5,"Enak dipake buat kerja karna full size, buat feel ngetiknya mirip kayak K120."
5,"barang bagus dan sesuai pesanan,tks"
