created_at,full_text
Thu May 25 07:54:55 +0000 2023,Komunitas emak-emak di Jember mendeklarasikan dukungan terhadap Prabowo Subianto sebagai Calon Presiden 2024-2029
Thu May 25 07:57:55 +0000 2023,@collegemenfess Bulanan biar bs chat ibu kos trus
Thu May 25 07:56:38 +0000 2023,@GeiszChalifah Sudahlah yang menjadi Presiden Indonesia untuk tahun 2024 masih keturunan dari orang Jawa asli
Thu May 25 07:57:33 +0000 2023,@hiourly makan
Thu May 25 07:57:20 +0000 2023,@republikaonline yakali masih mau pilih presiden dari partai korup itu
Thu May 25 07:54:54 +0000 2023,Dukung Prabowo Subianto Presiden 2024-2029
Thu May 25 07:57:53 +0000 2023,Berbekal elektabilitas yang semakin melonjak naik
Thu May 25 07:57:39 +0000 2023,@Relawananies ha... ha...Anies mau nyalon presiden....??? \nğ™ˆ ğ™š ğ™¢ ğ™– ğ™¡ ğ™ª ğ™  ğ™– ğ™£....!!!?? https://t.co/zk8guoU48E
Thu May 25 07:55:14 +0000 2023,@kegblgnunfaedh @Dennysiregar7 @kurawa @yusuf_dumdum @GunRomli  tolong sampaikan ke pak presiden
Thu May 25 07:55:17 +0000 2023,@myXL kenapa lage inihhh jaringannyaa
Thu May 25 07:54:58 +0000 2023,@zzvdss @tanyakanrl Presiden bukan public enemy juga? ğŸ¤­
Thu May 25 07:57:01 +0000 2023,Berbekal elektabilitas yang semakin melonjak naik
Thu May 25 07:57:39 +0000 2023,@abu_waras @sudjiwotedjo @karniilyas Pernyataan tolol 
Thu May 25 07:56:52 +0000 2023,Survei Capres Mei 2023: Ini Perbandingan Hasil 7 Lembaga Survei
Thu May 25 07:54:51 +0000 2023,figur pak Prabowo menjadi presiden karena butuh pemimpin yang tegas dan bisa membawa Indonesia lebih baik lagi.\n\n#SemuaDukungPrabowo\n#SayaSetyoko
Thu May 25 07:54:42 +0000 2023,Di Kota Tangerang
Thu May 25 07:54:29 +0000 2023,@Schlossthe6 @Rizkihadi @VIVAcoid Betul ganjar aslinya pemilihnya blm melewati suara PDI-P. Suara PDI-P paling hanya 20%. PPP itu gerbong kosong. \n\nWajar pak jokowi dukung Prabowo. \n\nSemoga pak Anies jd presiden. Saya dari Banyumas dukung pak Anies
Thu May 25 07:54:45 +0000 2023,Sekretaris Partai Gerindra Kota Tangerang ini menyatakan bahwa pihaknya akan solid memenangkan Prabowo Subianto sebagai presiden.\n\n#SemuaDukungPrabowo\n#SayaSetyoko
Thu May 25 07:54:52 +0000 2023,â€œYa kita sangat ingin punya presiden yang tegas dan bisa membawa Indonesia lebih baik lagi
Thu May 25 07:53:40 +0000 2023,Presiden Joko Widodo meminta Mahkamah Konstitusi agar dapat menjadi wasit yang adil jika terjadi sengketa pada Pemilu 2024 mendatang. Hal ini disampaikan Jokowi dalam Sidang Pleno Khusus MK dengan agenda penyampaian Laporan Tahunan 2022
Thu May 25 07:53:45 +0000 2023,@moonareas Pengen punya anak jaman skarang bkn pake metode tanam benih lagi ya
Thu May 25 07:53:38 +0000 2023,Saudar @Miduk17 dan @ch_chotimah2 tolong sampaikan ke Calon Presiden MUKA TEMBOK anda. Urusin tu Daerahnya sendiri. https://t.co/s2KhERtV0c
Thu May 25 07:53:59 +0000 2023,@AndiSinulingga IQ rendah mau jadi presiden
Thu May 25 07:54:46 +0000 2023,@JudahLion88 @Narasi_winda @aniesbaswedan Presiden nya Ukraina mantan juara standup comedy
Thu May 25 07:53:41 +0000 2023,Tak hanya itu
Thu May 25 07:54:25 +0000 2023,@moonareas Terima kalo emang PENGEN NONTON aja
Thu May 25 07:54:51 +0000 2023,@collegemenfess Semangat
Thu May 25 07:51:42 +0000 2023,Selain bertemu Menhan RI
Thu May 25 07:51:33 +0000 2023,KSP Moeldoko mengungkap keberanian Presiden Jokowi dalam pertemuan G7 di Hiroshima
Thu May 25 07:51:51 +0000 2023,Demokrasi Dibajak Lembaga Survey\n\nLembaga Survey seolah olah tak henti hentinya membombardir masyarakat dengan rilis hasil surveynya. Publik seolah dipaksa harus mempercayai hasil dari lembaga survey tersebut.\n\nDari mulai merokenya suara seorang calon \npresiden. Sampai klaimâ€¦ https://t.co/1qiEJtH4Ru
Thu May 25 05:07:57 +0000 2023,@prastow @KATADATAcoid @KemenPU Sungguh aneh sekali jika PUPR maupun BPS tidak memiliki data lengkap tentang penambahan jalan
Thu May 25 03:19:57 +0000 2023,Betulkah Prof Mahfud menyebut ada rekaman percakapan sejumlah pejabat teras terkait kasus korupsi BTS di Kemeninfo? Kalo betul
Thu May 25 07:52:32 +0000 2023,@moonareas Nggatau yh aku di kamar
Thu May 25 07:53:34 +0000 2023,@Ahwal08 @sospolkw KADER PARTE X KORUPSI TUH
Thu May 25 07:51:31 +0000 2023,@fajarnugros 1. Regresi demokrasi Indonesia trparah pasca reformasi justru trjd di era presiden sipil\n\n2. Naiknya kprcayaan rakyat pd prajurit adl buah dr turunnya kprcayaan rakyat pd politisi\n\n3. Perilaku alamiah prajurit adl patuh komando. Mrk hny a
Thu May 25 07:52:36 +0000 2023,Saya yakin orang type Pak Machfud ini type org yg jujur pasti di buka dipersidangan Bakan seperti org yg sdg nyalon Presiden ex Yaman itu
Thu May 25 07:51:49 +0000 2023,@KakekHalal Indonesia memilih presiden  yg the real deal presiden
Thu May 25 07:40:33 +0000 2023,Dea Ananda Melati
Thu May 25 07:51:42 +0000 2023,PUPR-BPS entah mana yang benar.\nJika ada yang gak beres ada 2 indikasi. \n1. Bodoh \n2. Korup \nPelajaran dasar jadi pemimpin.\nPUPR-BPS ke-2nya anak buah Presiden.\nTinggal Presiden periksa.\n\nAtau malah Presidennya yg punya 2 indikasi itu. Rakyat atasan Presiden
Thu May 25 07:52:34 +0000 2023,@awemany Sby itu kualitas paling minimal pas jadi presiden tapi yang ini malah dibawahnya ğŸ¤£ kacau
Thu May 25 07:53:32 +0000 2023,@MarahIchsan @jokowi @KemenPU Mobil2 yg lewat keliatan bersih seblm melewati kubangan lumpur. Apa hanya di satu titik itu  yg jalannya Rusak?  \n\nApa semua harus dihandle Presiden?
Thu May 25 07:51:52 +0000 2023,Demokrasi Dibajak Lembaga Survey\n\nLembaga Survey seolah olah tak henti hentinya membombardir masyarakat dengan rilis hasil surveynya. Publik seolah dipaksa harus mempercayai hasil dari lembaga survey tersebut.\n\nDari mulai merokenya suara seorang calon \npresiden. Sampai klaimâ€¦ https://t.co/M14cTlqu2Z
Thu May 25 07:51:57 +0000 2023,Gubernur Jawa Barat Ridwan Kamil menempati posisi keempat pada hasil survei terbaru Lembaga Survei Jakarta (LSJ) bakal calon presiden 2024.\n\nHasil survei dari LSJ yang dilakukan 9 hingga 17 Mei 2023 di 34 provinsi di seluruh Indonesia
Thu May 25 07:51:43 +0000 2023,@alisyarief Indonesia butuh pemimpin yg suka bekerja keras \natletis dan energik \nsuka terjun  ke masyarakat \naktif mencari &amp; memberikan solusi permasalahan \ntidak suka duduk berjam-jam di ruangan yg ber-AC \napalagi di Istana\n#GanjarPenerusJokowi
Thu May 25 07:53:24 +0000 2023,@Aryprasetyo85 @gibran_tweet @03__nakula @al_lasan @Anak__Ogi @Arindra__ @B3doel___ @bwinsandi3 @ch_chotimah2 @denni_sauya @DM_N4BYL @seruanhl itu berita telah ber-bulan2 atau ber-tahun2 lalu ?\n\nG7 summit 2023
Thu May 25 07:52:39 +0000 2023,@democrazymedia Penggiringan atau pembentukan opini nih maksudnyaa Oom ??\nSangat Sangat Sangat Tidak Setujuuuuu...\nDari Simpatisan Militan\n@aniesbaswedan \nPresiden RI 2024-2029\nUntuk Indonesia Sejahtera\nDan Berkeadilan
Thu May 25 07:52:24 +0000 2023,Jembar aja punya presiden emang Indonesia doang punya presiden.
Thu May 25 07:53:23 +0000 2023,"@baharirwan2 @Ranger_Ichsan Orang udh pada tau klo pak AB jadi Presiden...akan lbh banyak pejabat yg pake rompi anti malu warna orange (terutama yg selama ini di amankan"")"""
Thu May 25 07:50:17 +0000 2023,@Dennysiregar7 To apa milih presiden
Thu May 25 07:48:35 +0000 2023,Ia mengungkapkan salah satu faktor yang sangat dipertimbangkan oleh masyarakat dalam menentukan pilihan pada pemilihan presiden (pilpres)#SemuaDukungPrabowo #IkutPakde Prabowo Subianto
Thu May 25 07:50:50 +0000 2023,@aniesbaswedan Semoga Alloh SWT mudahkan dan takdirkan jadi presiden. \n\nSaya dari Banyumas dukung pak Anies
Thu May 25 07:50:02 +0000 2023,Relawan: Istilah 'Petugas Partai' Tak Bermaksud Merendahkan Presiden Jokowi! https://t.co/eDxBqYgMVG
Thu May 25 07:49:40 +0000 2023,@LANGKAHANIES @bos_sir Kesejahteraan
Thu May 25 07:49:14 +0000 2023,Saran utk Anies
Thu May 25 07:50:03 +0000 2023,@collegemenfess Vit C sama B kompleks tapi makanannya jangan ngaco-ngaco banget
Thu May 25 07:48:50 +0000 2023,Kementerian Perdagangan menyebut saat ini sudah memiliki Peraturan Presiden tentang jenis barang apa saja yang dilarang dan diawasi peredaran dan penjualannya di dalam negeri\n\nhttps://t.co/6KgmONJ0Wo
Thu May 25 07:48:36 +0000 2023,adalah kemampuan atau kapabilitas calon presiden dalam memecahkan masalah (52
Thu May 25 07:48:51 +0000 2023,Bagi Prabowo Selalu Ada Cara Buat Menggapai Kursi Presiden https://t.co/7mfPmtEQxq
Thu May 25 07:50:18 +0000 2023,@KakekHalal Gpp prabobowo daripada Ganjar presiden cap bokep
Thu May 25 07:50:50 +0000 2023,@tvOneNews Ayo balas dg data yg katanya ada yg LBH baik daripada apa yang d sampaikan oleh Anis kalo memang data Anis TDK lengkap atau salah tunjukkan data yg benar jgn langsung main lapor itu argumen dari seorang calon presiden meskipun dia mengkritik TD
Thu May 25 07:30:00 +0000 2023,Anies Kritik Pedas
Thu May 25 07:49:10 +0000 2023,@rangkutifuat @prastow @KATADATAcoid @KemenPU PUPR-BPS entah mana yang benar.\n\nJika ada yang gak beres ada 2 indikasi.\n1. Bodoh\n2. Korup\nPelajaran dasar jadi pemimpin\nPUPR-BPS ke-2nya anak buah Presiden. Tinggal Presiden periksa.\n\nAtau malah Presi
Thu May 25 07:49:42 +0000 2023,@tanyakanrl Mending tebak presiden
Thu May 25 07:46:53 +0000 2023,Dasco mengatakan Prabowo merupakan Menteri Pertahanan yang sudah semestinya melaporkan tugas yang dijalankan kepada Presiden.#SemuaDukungPrabowo #IkutPakde Prabowo Subianto
Thu May 25 07:46:48 +0000 2023,@KakekHalal Coba kalo survey itu pertanyaannya simpel
Thu May 25 07:48:28 +0000 2023,JAKARTA - Mayoritas pendukung Presiden Joko Widodo (Jokowi) pada pilpres sebelumnya mendukung Menteri Pertahanan Prabowo Subianto pada Pilpres 2024.#SemuaDukungPrabowo #IkutPakde Prabowo Subianto
Thu May 25 07:47:32 +0000 2023,Presiden Jokowi bakal ke Lampung lagi. Rencananya
Thu May 25 07:46:51 +0000 2023,Presiden Xi seru dunia bina tamadun multipolar https://t.co/du9fU0q7wf
Thu May 25 07:46:52 +0000 2023,Ya ini wartawan selalu lebih tahu dari kita ya
Thu May 25 07:48:19 +0000 2023,@fastpced Yang kiri aj planga-plongo jd kaya polos dikit
Thu May 25 07:45:38 +0000 2023,@CNNIndonesia Harusnya yg diundang di acara pemprov itu presiden / Wapres atau menteri bukan pejabat pemprov lain.
Thu May 25 07:45:34 +0000 2023,Berikut Ruas Jalan Provinsi di Riau yang akan Diperbaiki Pemerintah Pusat: https://t.co/fvfXioYa49 -&amp;nbsp;Pemerintah pusat dipastikan Tenaga Ahli Utama Kantor Staf Presiden (KSP)
Thu May 25 07:45:15 +0000 2023,NIH DAJAL  USAHA  BANGET  YA  MAU HANCUR KAN MASA DEPAN RAKYAT INDONESIA .AGAMA ITU PENTING .HANYA IBLIS &amp;  KELOMPOK PKI YG MENENTANG AGAMA .LIHAT AMERIKA WAKIL  PRESIDEN NYA TURUNAN INDIA MEREKA SAMBUT .INGGRIS PERDANA MENTERI NYA JUGA TURUNAN  INDIA MEREKA SUKA ğŸ‘‡ğŸ¼ LU DAKJAL !
Thu May 25 07:46:57 +0000 2023,Saya belum tahu
Thu May 25 02:22:23 +0000 2023,@ruhutsitompul Rasis!
Thu May 25 07:46:51 +0000 2023,Jakarta - Menteri Pertahanan RI sekaligus Ketua Umum Partai Gerindra Prabowo Subianto dikabarkan menghadap Presiden Joko Widodo (Jokowi) di Bogor siang ini.\n#SemuaDukungPrabowo #IkutPakde Prabowo Subianto
Thu May 25 07:45:18 +0000 2023,@72Gar7 @musniumar @STUDSGUY Saking  ngebet jadi presiden
Thu May 25 07:46:19 +0000 2023,@alisyarief Kamu mau pilih @aniesbaswedan jadi presiden utk bayar utang atau utk menambah utang??
Thu May 25 07:48:15 +0000 2023,@aniesbaswedan Kalo 2024 gak jd presiden gpp kan pak @aniesbaswedan ?
Thu May 25 07:47:12 +0000 2023,Waduh belum jadi presiden aja sudah main ancam\n\n#JanganSalahPilihPemimpin https://t.co/xBDMzKXpqU
Thu May 25 07:44:06 +0000 2023,Dalam keterangannya kepada media usai melaksanan kunjungan
Thu May 25 07:44:07 +0000 2023,Saya kira ini sebuah perkembangan yang sangat baik dan yang paling penting kita bisa mengadopsi sebanyak mungkin teknologi-teknologi baru di bidang pertahanan militer. Yang paling penting itu
Thu May 25 07:44:21 +0000 2023,@AirinDatangLagi Belum saatnya jd presiden di negeri ini...
Thu May 25 07:44:00 +0000 2023,Presiden LaLiga Javier Tebas meminta maaf usai balik menyerang curhatan Vinicius Jr di Twitter. Berikut info selengkapnya.\n\nhttps://t.co/kex6xGPZvn
Thu May 25 07:44:05 +0000 2023,Saat mengunjungi pameran
Thu May 25 07:44:22 +0000 2023,@minsugaa03 @BTS_twt aaa mau kesini tapi jauhhh
Thu May 25 07:44:04 +0000 2023,Menhan Prabowo Dampingi Presiden RI Joko Widodo
Thu May 25 07:44:54 +0000 2023,@Indostransfer Berarti cuma 15 tim ya ndos
Thu May 25 07:44:15 +0000 2023,yang menyatakan bahwa calon presiden Prabowo Subianto memiliki elektabilitas tertinggi di kalangan Gen Z\n\n#SemuaDukungPrabowo\n#SayaSetyoko
Thu May 25 07:44:13 +0000 2023,Selain mengunjungi sejumlah venue peserta Indo Defence
Thu May 25 07:44:19 +0000 2023,Jawa Suriname\n\njadi presiden sudan khortum 1 provinsi\n\nlewat perbatasan yaaa di sembelih lehernya buat Qurban idul adha
Thu May 25 07:44:04 +0000 2023,Jakarta â€“ Menteri Pertahanan (Menhan) RI Prabowo Subianto
Thu May 25 07:44:53 +0000 2023,@taenamgii knp dikejar? ğŸ˜­
Thu May 25 07:43:38 +0000 2023,@faratday lama milih bumbu jga dah kek milih presiden
Thu May 25 07:43:44 +0000 2023,Pada kesempatan tersebut
Thu May 25 07:44:55 +0000 2023,@irdnek @baharirwan2 Manusia laknat mau jd presiden ?didukung para bangsat pula .
Thu May 25 07:43:54 +0000 2023,@Dakenwolve @datuakrajoangek Kenapa Jendral Subagyo.\n\nMantan KSAD yg ketuk palu pemecatan Prabowo.\nYg juga mantan Dewan Pertimbangan Presiden Jkw periode 1.\n\nSampai menjerit:\nRumah Jenderal Sudirman\nuntuk RUMAH PEMENANGAN PRABOWO jadi Presiden?\nht
Thu May 25 07:42:37 +0000 2023,Muzani menyebut pesan keberagaman dan kesatuan inilah yang akan dipertahankan Prabowo apabila terpilih sebagai Presiden RI pada pemilihan umum (Pemilu) 2024.#SemuaDukungPrabowo #IkutPakde Prabowo Subianto
Thu May 25 07:43:28 +0000 2023,Pakdhe Presiden Jokowi aja dukung Pak Erick Thohir
Thu May 25 07:41:57 +0000 2023,@KemenPU @C4kDeep_ Hallo Mimin assalamualaikum ğŸ˜‡ min bener ga pak Basuki jadi menteri PUPR itu untuk batu loncatan doang
Thu May 25 07:41:42 +0000 2023,@guKangelic97 cara biar langsung musnah gmn si yaaa ğŸ˜©
Thu May 25 07:42:22 +0000 2023,@CNNIndonesia Giliran Sumbangan bilang Sumbangan Presiden.. eeeeh giliran hutang bilang hutang negara..wkwkwkwkwkwk
Thu May 25 07:42:38 +0000 2023,Insya Allah bila Pak Prabowo ditakdirkan presiden 2024 beliau akan menjaga itu semua. Komitmen beliau untuk mengabdi kepada rakyat
Thu May 25 07:41:05 +0000 2023,@Aryprasetyo85 Gabener ini orang
Thu May 25 07:43:33 +0000 2023,@ekowboy2 Kira2 nibotak pantesya jd pejabat apaya KL anus jd presiden
Thu May 25 07:43:32 +0000 2023,@AbankTho2 Aku percaya padamu Prof...wapres idolaku...mestinya sih Presiden.
Thu May 25 07:42:29 +0000 2023,Iya
Thu May 25 07:42:32 +0000 2023,Gerindra bakal menyalonkan Prabowo Subianto sebagai presiden dalam Pilpres 2024.#SemuaDukungPrabowo #IkutPakde Prabowo Subianto
Thu May 25 07:42:23 +0000 2023,@hero_theone @Restty_cayah @ListyoSigitP @aniesbaswedan Kasihan yg ipknya 2
Thu May 25 07:42:45 +0000 2023,@JohnAquinoo Makin ancur negeri jk org itu jd presiden
Thu May 25 07:42:25 +0000 2023,@bengkeldodo @BoyJackMania_I @bentangnegeri @Banyulangit__1 @BANGSAygSUJUD @B_Hendratmo1 @azissubekti @Alie_Fahnoor @are_inismyname @florieliciouss @meycanaja PUU MK no 31_2023
Thu May 25 07:41:38 +0000 2023,@narkosun Ngga usah komen kinerja Presiden.. Orang ngga bakal menang juga...
Thu May 25 07:41:13 +0000 2023,Sejumlah orang bahkan meneriakkan kalimat
Thu May 25 07:42:17 +0000 2023,@democrazymedia Ditunggu omonganlo jangan bayak bacot
Thu May 25 07:39:39 +0000 2023,@prodilgy wkwk
Thu May 25 07:41:00 +0000 2023,@kartiko_yudo @ch_chotimah2 Logika ngawur... ganti presiden
Thu May 25 07:40:08 +0000 2023,Kenapa ya..\nUtk jd Presiden hrs nunggu umur 40 th ğŸ¤”\n\nMalah yg pokok pikiran nya sangat urgen ...spt..Hakim MA ...hakim MA...yg mulai dr umur 60 th....anggota dewan yg tidak ada batas usia pensiunnya...boleh dr umur 18 th ...smp pikun or matekâ“ğŸ™„ğŸ™„
Thu May 25 07:39:52 +0000 2023,@kalurng jangan yakinkan
Thu May 25 07:39:50 +0000 2023,@MarahIchsan @jokowi @KemenPU simple koq cara berpikirnya agar berkesan tdk menyudutkan salah 1 sosok...indonesia merdeka tahun brp
Thu May 25 07:39:33 +0000 2023,@irenejuliency @aniesbaswedan lah goblok itu korupsi BTS di pemerintahan jkw
Thu May 25 07:39:09 +0000 2023,Pengamat Politik Ujang Komarudin mengatakan pertemuan antara Tony dan Prabowo Subianto bisa jadi adalah sinyal dukungan dari pihak luar negeri bagi Prabowo yang akan mencalonkan diri menjadi presiden di pilpres 2024 mendatang.\n#SemuaDukungPrabowo #IkutPakde
Thu May 25 07:39:20 +0000 2023,Warga Tionghoa yang dukung Anies presiden 2024
Thu May 25 07:40:45 +0000 2023,@Rizkihadi @NgilmuKantiLaku @VIVAcoid Kalau ganjar presiden mah parah
Thu May 25 07:39:52 +0000 2023,@prastow @KATADATAcoid jadi bingung
Thu May 25 07:40:35 +0000 2023,@letitcuddle lucu
Thu May 25 07:40:40 +0000 2023,@Shopeay berapa
Thu May 25 07:39:27 +0000 2023,@tvOneNews Inti masalahnya hal 'suka atau tidak suka nonton b....p itu tidak perlu
Thu May 25 07:40:05 +0000 2023,@bosedii @poppo1310 @kompascom Wkwkwwk kaum Abu Jahal selalu aja mengingkari kebenaran
Thu May 25 07:39:08 +0000 2023,@Aiek_Speechless satu2nya yg bisa melarang perlakuan tidak adil spt ini ya presiden...krn polri langsung dibawah presiden....artinya presiden jokowi tdk mampu....mari berharap dr presiden yad.......amin
Thu May 25 07:40:31 +0000 2023,@jevdai gamau
Thu May 25 07:39:36 +0000 2023,@ValenNovel @itsamareguzel Itu tetulis buat 2026... apa mau fitnah presiden 2024? Semoga Anies Presiden dan membatalkan itu.
Thu May 25 07:39:14 +0000 2023,@PDemokrat Sampai saat ini tidak ada gagasan yang keluar dari mulut Anies Baswedan. Yang ada sindiran (yg sering dia lakukan juga)
Thu May 25 07:39:25 +0000 2023,@republikaonline Harusnya sih seumur hidup
Thu May 25 07:40:28 +0000 2023,Prabowo tak mau menjawab pertanyaan wartawan seputar koalisi dan calon wakil presiden.#SemuaDukungPrabowo #IkutPakde Prabowo Subianto
Thu May 25 07:37:40 +0000 2023,Presiden LaLiga Javier Tebas meminta maaf usai balik menyerang curhatan Vinicius Jr di Twitter. Vinicius Jr mendapatkan perlakuan rasisme saat menghadapi Valencia. https://t.co/MPKcE390Oe
Thu May 25 07:37:44 +0000 2023,Maaf menurut Bu Sri Mulyani
Thu May 25 07:38:50 +0000 2023,AHY Buka-bukaan Utang Indonesia hampir 8000 Triliun Plus Bunga
Thu May 25 07:38:27 +0000 2023,@Moechyai trans : \nANYING BANGET\nCARI PERHATIAN GA GINI JUGA\nANJING
Thu May 25 07:38:28 +0000 2023,@KakekHalal Kalau berpikir bisa jadi presiden utk melawan radikal itu pikiran tendisius yang akan selalu memunculkan pro kontra di masyarakat Indonesia
Thu May 25 07:39:02 +0000 2023,@Indostransfer Busetttt Thailand beruntung banget ndos wkakakkaa
Thu May 25 07:38:02 +0000 2023,Tina Turner Meninggal Dunia
Thu May 25 07:37:47 +0000 2023,Menurut Pengamat Politik Burhanuddin Muhtadi
Thu May 25 07:37:36 +0000 2023,@Dennysiregar7 sangat setuju
Thu May 25 07:38:31 +0000 2023,@banyakblabur @Dennysiregar7 Milih Presiden atau milih rektor?
Thu May 25 07:25:19 +0000 2023,@Anak__Ogi @PDemokrat @AgusYudhoyono @Hasbil_Lbs lah yg beleng tu loe yg sotta baca data utuang
Thu May 25 07:38:10 +0000 2023,Ketahuilah  Guys  Presiden Jokowi Punya 3 Prinsip Hidup Menarik Berbasis Filosofi Jawa yang Pantas Ditiru https://t.co/a9b07pL9RB
Thu May 25 07:39:04 +0000 2023,Keberhasilan berbasis kegagalan hahaha . . Gak ada prestasi apa2 kok ngaku berhasil. \n\nDi Depan 100 Ekonom
Thu May 25 07:37:26 +0000 2023,@zoelfick Iyain aja .. jokowi berhasil membangun jalan paling panjang 
Thu May 25 07:37:48 +0000 2023,Uni Ekonomi Eurasia menguat meskipun ada tekanan Barat
Thu May 25 07:37:01 +0000 2023,@Kingcube12 @unexmati @narkosun Luar biasa sekali ya bang
Wed May 24 01:03:38 +0000 2023,Wapres Ma'ruf Peringatkan Copot Menteri yang Kampanye dan Abaikan Tugas https://t.co/mQyFvHJ4Nr
Thu May 25 07:35:56 +0000 2023,Saya amat bersetuju dengan kenyataan Presiden KAI!
Thu May 25 07:35:18 +0000 2023,@prastow @KATADATAcoid Harusnya dari dulu seperti ini.\nTapi para buzzerp membuat seolah-olah hanya presiden Jokowi yg paling hebat.
Wed May 24 16:10:25 +0000 2023,Amien Rais Sebut Masa Depan Jokowi Bakal Suram https://t.co/w6VpfKnBl9
Thu May 25 07:36:36 +0000 2023,@kataninalho Besok 4nies akan menjadi Presiden di Republik Polling
Thu May 25 07:37:06 +0000 2023,Sesuram-suramnya pak Jokowi adalah pernah Presiden
Thu May 25 07:36:55 +0000 2023,@Sarinah116 @tifsembiring Suara dari setiap kelurahan itu bro..\nSalam saya dari Anak Medan dukung pak Anies jdi Presiden 2024
Thu May 25 07:36:07 +0000 2023,@sutanmangara Mantap Bang
Thu May 25 07:36:59 +0000 2023,baru dilantik Presiden Joko Widodo pada Desember 2020.\n\nSaya gak baca detail karena saya gak bisa intervensi apapun di situ
Thu May 25 07:35:36 +0000 2023,@PutraWTF @noire172 Presiden pertama juga gitu. Jadinya kualat deh
Thu May 25 02:40:41 +0000 2023,https://t.co/MT1r5PeA6e
Thu May 25 07:35:38 +0000 2023,SEBAGAI pendukung Pak @jokowi
Thu May 25 07:36:01 +0000 2023,Salam sehat untuk semua\n\nBBPK Jakarta  melaksanakan sosialiasai Germas bekerjasama dengan anggota DPR RI Komisi IX
Thu May 25 07:35:50 +0000 2023,@saviera_gayatri @tanyarlfes @smartfrenworld Da akumah nggaktau aku pake wifi ibu kos namanya Ibu Yuli. Coba tanya babang cs Smartfren ya mmf aku tidak informatif https://t.co/dXb7e50Rdd
Thu May 25 07:37:18 +0000 2023,@_Rizmaya__ di mana-mana diseluruh dunia\nseseorang yg berpendidikan S3 Doktor\nselalu menggunakan Data Sekunder yang valid\nspt Data Bank Dunia atau IMF\natau data instansi kredibel seperti BPS atau Kementrian. \nDoktor kok menggunakan data dari media on
Thu May 25 07:34:11 +0000 2023,@aniesbaswedan emang blo on..\n@NasDem aja yg kegedean harapan..\nHarapannya klu Anies begok ini jadi presiden semua kebejatan kader2 Nasdem bisa di lindungi..termasuk kasus BTS
Thu May 25 07:35:12 +0000 2023,Prabowo Subianto Penuhi Undangan Presiden MBZ di UAE
Thu May 25 07:34:42 +0000 2023,@remiyvesselsoft yoi ğŸ˜âœ¨ kalo gaada presiden negaranya dipimpin syp??? ğŸ®
Thu May 25 07:34:51 +0000 2023,Kalo presiden/wakil presiden gak ada dari Sumatera ya aku gak akan pilih....mereka aja gak mau memilih diluar golongannya.... ngapain kita susah2
Thu May 25 07:33:00 +0000 2023,Adapun infrastruktur yang dibangun di Citarum Hulu antara lain Kolam Retensi Andir
Thu May 25 07:31:37 +0000 2023,@Bharata_ja @jokowi @ch_chotimah2 @Dennysiregar7 Presiden Vietnam ğŸ‘ğŸ‘\nPresiden Indonesia ğŸ‘ğŸ‘
Thu May 25 07:33:00 +0000 2023,Kandidat presiden dari Partai Republik
Thu May 25 07:32:13 +0000 2023,Gubernur Jawa Barat Ridwan Kamil menempati posisi keempat pada hasil survei terbaru Lembaga Survei Jakarta (LSJ) bakal calon presiden 2024.\n\nHasil survei dari LSJ yang dilakukan 9 hingga 17 Mei 2023 di 34 provinsi di seluruh Indonesia
Thu May 25 07:34:24 +0000 2023,@liechaikha_yoza @azissubekti @Alie_Fahnoor @bengkeldodo @cocolatetwo @are_inismyname @florieliciouss @Kimberley_2024 @NgkongRoses @meycanaja @Ndons_Back Gagal sebelumnya hanya soal takdir namun terbaik dan berkualitas itu realita ğŸ™‚\n\nTakdir menang ak
Thu May 25 07:35:07 +0000 2023,@geloraco ğŸ‡®ğŸ‡©ğŸ‘«Belum Pernah Trjdi Didunia ini: Se-org Presiden Yg Masa Jbat-nya/ Trsisa + - 1TH masih saja Menuver Politiek: Apa Tidak Cukup Selama 9 THN OBBIUS Of POWER !! Sosial
Thu May 25 07:33:09 +0000 2023,Semuga capres yang gemar nonton bokep bisa tercerahkan. Selama ini kan dia nanya pa salahnya nonton bokep.\nNih maseh yg perlu digarisbawahi MERUSAK OTAK!\nMosok Indonesia mau dipimpin ama presiden yang otaknya rusak?!
Thu May 25 02:46:42 +0000 2023,Dampak Buruk Kecanduan Nonton Film Porno
Thu May 25 07:31:46 +0000 2023,Kini saya akui
Thu May 25 07:32:56 +0000 2023,@PartaiSocmed Harusnya ada banner tandingan. \nYaitu \nKami butuh presiden yg getol dengan harga kebutuhan pokok rakyat. \nDengan foto pedangang sembako ğŸ¤£ğŸ¤£ğŸ¤£
Thu May 25 07:32:27 +0000 2023,@Merimerssssssss @MazayaRahmalia @Sudarma55545214 @albert_morafia @an_ti_ka_drun @Bunga___Namaku @Candra4smara @DE__JAVU_ @newIding30 @sami86pilang @Jkt_Networks3 @Maria_Dzadina @OmpungGuru Ngimpii aja org yaman jdi presiden\n\nOrg pribumi tetep yg terbai
Thu May 25 07:32:40 +0000 2023,@Candra4smara jangankan duduk dimeja
Thu May 25 06:44:30 +0000 2023,Direktur Jenderal Bina Marga Kementerian PUPR
Thu May 25 07:35:14 +0000 2023,Nampak Presiden MBZ didampingi Perdana Menteri dan Putra Mahkota Bahrain HRH Salman bin Hamad Al Khalifa. #MengharumkanBangsa #IkutPakde Prabowo Subianto
Thu May 25 07:29:58 +0000 2023,@thvbearecaa bff
Thu May 25 07:30:09 +0000 2023,@Dennysiregar7 @fadlizon @Gerindra tapi dia gendut banget bang...presiden kek dia ngabisin anggaran aja
Thu May 25 07:30:21 +0000 2023,@NasDem @aniesbaswedan malah dadi kepikiran
Thu May 25 07:30:00 +0000 2023,Video hoax dengan narasi ribuan TNI dipimpin Panglima TNI dukung Anies sebagai Presiden 2024 sempat viral. Panglima TNI tegaskan lagi netralitas prajurit. https://t.co/ckozhpXi9O
Thu May 25 07:29:57 +0000 2023,Ketua Umum relawan Pro Jokowi (Projo) Budi Arie Setiadi mengungkapkan Jokowi merasa kekuatan PDI-P dan Partai Persatuan Pembangunan (PPP) tak cukup kuat untuk memenangkan Ganjar dalam pemilihan presiden (pilpres) mendatang.\n\nhttps://t.co/c2m5CQdpLH
Thu May 25 07:31:12 +0000 2023,@PutraErlangga95 aneh.. anak bangsa kok dukung KETURUNAN IMIGRAN jadi Presiden Indonesia.. Alangkah Tolol nya ...
Thu May 25 07:28:39 +0000 2023,@FPKSDPRRI Jika Pak Anis baswedan yg mnjd Presiden kita thn 2024 Insya Allah 0NH akan diturunkan oleh Pak Anis
Thu May 25 07:29:07 +0000 2023,Presiden @jokowi dan Presiden Seyyed Ebrahim Raisi
Thu May 25 07:29:10 +0000 2023,@nasrul_41 @aLa1717in @thariqueprimero @syahirnomic Ko nak samakan taraf kp dgn presiden yg jd PM
Thu May 25 07:11:05 +0000 2023,Happy ulang tahun @oneliev wyatbğŸ™ğŸ» https://t.co/ppBDGnhEN5
Thu May 25 07:28:31 +0000 2023,@alisyarief ğŸ¤£ğŸ¤£ğŸ˜‚ğŸ˜‚ğŸ˜‚ğŸ¤£ğŸ¤£ğŸ˜‚ğŸ˜‚ğŸ¤£ğŸ˜‚ğŸ¤£ğŸ˜‚ğŸ¤£ğŸ¤£ğŸ˜‚sudah lah... lelah nanti dan menguras energi pikiran..kita balik bahasa BAHLIL menteri investasi...BERBAIK2 LAH dengan PAK ANIES... Semua pasti aman2 aja klo berbaik2 dengan pam a
Thu May 25 07:29:41 +0000 2023,Turut mendampingi Prabowo
Thu May 25 07:27:35 +0000 2023,KSP @Dr_Moeldoko berharap masyarakat tak terjebak isu politisasi penangkapan @kemkominfo Johnny G Plate\n\nPresiden @jokowi  sudah menjelaskan bahwa penangkapan Plate murni persoalan hukum
Thu May 25 07:27:59 +0000 2023,@SamuelPHarahap @KrisyantoOni Cangkeme mencla-mencle
Thu May 25 07:29:36 +0000 2023,Bakal Calon Presiden (Bacapres) Ganjar Pranowo menanggapi santai perihal hasil survei yang dilakukan oleh Litbang Kompas beberapa waktu lalu. https://t.co/lh0W2fPWmV
Thu May 25 07:29:01 +0000 2023,@Dennysiregar7 Lu ga kapok presiden dari petugas partai yg kerjanya di setir yg punya partai (mak Lampir) \nNamanya petugas partai otak dan kemampuan berfikir nya dangkal
Thu May 25 07:28:56 +0000 2023,@__nurdin @Dennysiregar7 @Gerindra Panik ya?\n\nRamalan Gus Dur.\n\n08 jadi presiden di usia tua.\n\nhttps://t.co/EBUNVAfhLL
Thu May 25 07:28:02 +0000 2023,@Block13_Madura @Dennysiregar7 @Gerindra Ramalan Gus Dur.\n\n08 jadi presiden di usia tua.\n\nhttps://t.co/EBUNVAfhLL
Thu May 25 07:28:55 +0000 2023,@Chaves1305 Hamdalah
Thu May 25 07:28:41 +0000 2023,@DoankWarto Presiden salah informasikan penutupan batubara di Opening Ceremony Hannover Messe.\nFatal ga ?\nTerus sekarang tetap jd presiden kan ?\n\nhttps://t.co/9QTbBfu2zY
Thu May 25 07:27:26 +0000 2023,terharu banget di ucapin sama presidenğŸ˜ŠğŸ™ğŸ»
Thu May 25 07:27:16 +0000 2023,Presiden Joko Widodo (Jokowi) dijadwalkan akan kembali mengunjungi Provinsi Lampung....  #Kupastuntas #BandarLampung #PresidenJokowiKembaliDijad  https://t.co/DMuUYR1FHp
Thu May 25 07:29:33 +0000 2023,@jimdfxnje makanya ituu
Thu May 25 07:28:26 +0000 2023,@goonch3 Wkwkw bukan wakil presiden beb
Thu May 25 07:28:15 +0000 2023,Silaturahim Kebangsaan ke Kediaman Din Syamsuddin
Thu May 25 07:27:23 +0000 2023,@suneo138 @aagunawan_ @ariarjiwinata02 @musksigit ğŸ¤£ğŸ¤£ğŸ¤£ğŸ¤£ğŸ¤£\n\nKirain Villa Puncak yg sales nya di pinggir jalan mak ğŸ˜‚ğŸ˜‚ğŸ˜‚
Thu May 25 07:26:55 +0000 2023,Kalau manusia takut berbuat dosa berati manusia itu bener dalam keimanan dan kepribadiannya\nNah kau carilah pemimpin seperti itu pantas untuk jadi presiden RI di negara ini Nanti \nJangan lihat orangnya siapa tapi dia takut berbuat dosa dan kesalahan dan tak menyalahkan orang lain https://t.co/wbaqQzj002
Thu May 25 07:26:12 +0000 2023,Ya udah sih Lantik aja pak Ganjar jadi PRESIDEN KOMPAS. kasihan bajer dan tim ses nya tiap hari bikin sure pay trus
Thu May 25 07:26:45 +0000 2023,Berada di Perbatasan
Thu May 25 07:26:05 +0000 2023,Presiden onta ini\nLihat video ê§calonâ˜¯ï¸rondoê§‚! #TikTok https://t.co/yJV6pupQg4
Thu May 25 01:39:41 +0000 2023,Betul nilai 100
Thu May 25 07:26:12 +0000 2023,@Rakyat_J3l4t4 @Dennysiregar7 @Gerindra Kenapa Jendral Subagyo.\n\nMantan KSAD yg ketuk palu pemecatan Prabowo.\nYg juga mantan Dewan Pertimbangan Presiden Jkw periode 1.\n\nSampai menjerit:\nRumah Jenderal Sudirman\nuntuk RUMAH PEMENANGAN PRABOWO jadi Pr
Thu May 25 07:26:34 +0000 2023,Prabowo Subianto Dijadwalkan Bertemu Dengan Presiden Jokowi Siang Ini di Bogor
Thu May 25 07:26:30 +0000 2023,@Uki23 Karena memang ber prestasi presiden yg bersebrangan pun memberikan penghargaan.\nFakta..bukan rekayasa. https://t.co/mi6mTcaSQW
Thu May 25 07:27:02 +0000 2023,Dalam kontestasi PEMILIHAN PRESIDEN 10 Tahun terakhir yang perlu diperhatikan kemana arah PEKAES dan PILIHLAH KEARAH YANG BERLAWANAN karena kalau ikut arah mereka itu sama saja ANDA MASUK JURANG SELANGKANGAN dan sudah dipastikan KALAH\n\nKOALISI PERLU BAHANğŸ¤£ğŸ¤£ğŸ¤£ https://t.co/YQBc88uBIE
Wed May 24 14:34:00 +0000 2023,Simulasi 3 Capres Kompas: Ganjar 40 Persen
Thu May 25 07:26:55 +0000 2023,Rakyat mau perubahaan 2024 Anies Presiden... inih orang malah langgar uud1945. Hallo rakyat NKRI... jangan sampe kalian dibudaki dibodohi oleh bangsa sendiri yang berani langgar uud1945.
Thu May 25 01:19:03 +0000 2023,Indonesia Mampu Bayar Utang Hanya Sebatas Retorika dan Dongeng https://t.co/LjycsNIrgp
Thu May 25 07:23:12 +0000 2023,@Widyarenee Hrsnya seorang calon presiden lebih pintar dari org awam kayak kita dong
Thu May 25 07:25:36 +0000 2023,@ch_chotimah2 Ntar Di Kira Menjegal Bakal Calon Pererta Pemilihan Presiden Republik Indonesia {BaCaPePePresRI} ...Padahal Dulu Dia Jg Njegal Ahok Dgn Ayat...
Thu May 25 07:25:24 +0000 2023,@democrazymedia Yang penting Anies menang dan jadi presiden RI 2024
Thu May 25 07:23:25 +0000 2023,YANG ANEH dan menJADI TANDA TANYA koq ADA yang MASIH NEKAD utk JADI PRESIDEN yaaa
Thu May 25 07:23:30 +0000 2023,@Khalisa30712811 @Dennysiregar7 @Gerindra Pada takut Anies presiden..... Di survey selalu no 3 ....tapi kenapa dijegal sana sini...jgn jgn  survey nya Anies  no.1 ...
Thu May 25 07:24:53 +0000 2023,Anak2 milenia dukung sosok presiden Indonesia yg masyarakat nyaman
Thu May 25 07:25:51 +0000 2023,@VIVAcoid Mana ada presiden RI itu keturunan asing
Thu May 25 07:24:21 +0000 2023,@BennyHarmanID Nah lho
Thu May 25 07:25:14 +0000 2023,@kegblgnunfaedh pak presiden lsg jemput pak dg pesawat merahnya
Thu May 25 07:25:02 +0000 2023,@ya_begitudeh @awemany Wkk
Thu May 25 07:24:01 +0000 2023,@MarahIchsan @jokowi @KemenPU udah brp kali ganti presiden ya? pak jokowi msh ada setahun kurang...semoga yg tdk pernah dilakukan presiden2 sblmnya mjd PR yg hrs dikerjakan buat akhir masa jabatan pemerintahan skg ya..ğŸ’ªğŸ’ª
Thu May 25 07:24:19 +0000 2023,@infomilanid @antaranews milan kena mulu karna berlusconi nyari suara itu waktu jadi presiden milan wkwkwk kriminal juga ğŸ¤£
Thu May 25 07:23:39 +0000 2023,Hebatnya walikota solo itu apa? Anak presiden doang kan? Walikota di Indonesia itu banyak. Kenapa dia doang yg disorot? Jaga kekuasaan? Tai!
Thu May 25 07:24:00 +0000 2023,@blckrem mau jg dong dikasih ka yot ğŸ‘‰ğŸ‘ˆ
Thu May 25 07:25:04 +0000 2023,@alisyarief Survey taik
Thu May 25 07:26:00 +0000 2023,Ngeri baru jadi relawan suka lapor2 maka dari itu jangan sampai Ganjar Presiden gaisss \n\nBareskrim Tolak Laporan Relawan Ganjar soal Anies Bandingkan Jokowi dan SBY https://t.co/HF0VUOxl4i
Thu May 25 07:24:31 +0000 2023,@Yontayozhi ngeri ngeri sedap
Thu May 25 07:23:46 +0000 2023,@KakekHalal Jangan2 kl GP jadi presiden misi utamanya mensosialisasikan rakyat sering2 lihat bokep dan akan banyak bintang porno yg berkunjung ke negeri ini..... Aancoooor
Thu May 25 07:21:02 +0000 2023,Sudah lama tidak terlalu mengikuti informasi politik Indonesia
Thu May 25 07:21:00 +0000 2023,@bentangnegeri The only one. Org satu2nya yg bisa mukul2 presiden https://t.co/yvwZgaDoSb
Thu May 25 07:22:40 +0000 2023,@PutraErlangga95 Yg satu jd cawapres atas kemauan bpk presiden
Thu May 25 07:21:15 +0000 2023,@aniesbaswedan Anis presiden. \nPrioritas pertama membangun Negara YAMAN\nMenaturalisasi sebanyak banyaknya penduduk YAMAN menjadi WNI
Thu May 25 07:20:45 +0000 2023,Ibu Ainun Habibie meyakini bahwa Anies pantas mejadi presiden Indonesia dengan kepemimpinan nahkodanya
Thu May 25 07:22:58 +0000 2023,@Widyarenee Bayangkan klo onta dongo klo jadi presiden
Thu May 25 07:21:06 +0000 2023,@98SGHOTIC maluu njir ğŸ˜©
Thu May 25 07:21:56 +0000 2023,@tvOneNews Jangan coba mengingatkan lembaga lain
Thu May 25 07:21:39 +0000 2023,Weh kokğŸ˜‚ğŸ˜‚ğŸ˜‚ğŸ«£ğŸ«£ Kampanye aja belum
Thu May 25 07:21:10 +0000 2023,Upaya Menangkan Pemilu 2024
Thu May 25 07:20:18 +0000 2023,Sejumlah nama kandidat calon wakil presiden (cawapres) untuk mendampingi Ganjar Pranowo muncul berdasarkan hasil survei Litbang Kompas pada 29 April-10 Mei 2023.\n\nDua nama
Thu May 25 07:21:29 +0000 2023,@iurbellvyst takut yoongi knp knp ğŸ˜
Thu May 25 07:22:27 +0000 2023,@BungkusTukang @aniesbaswedan Mantan akademisi dan lulusan luar negeri tapi pakek data bullshit. Yg gini mau jd presiden? Muke lu jauh @aniesbaswedan
Thu May 25 07:21:31 +0000 2023,@dreamy_lofoten @tanyakanrl Tapi jangan salah presiden kita banyakan gemini:)
Thu May 25 07:21:59 +0000 2023,@Andika74522181 @Dennysiregar7 @Gerindra Emang bisa ya satu parpol nyalonin bwt presiden banyak?
Thu May 25 07:22:08 +0000 2023,@jokowi dengan kerendahan hati saya mengharapkan bantuan Bapak Presiden Jokowi yang terhormat untuk membantu saya dalam proses hukum pelecehan anak di bawah umur 
Thu May 25 07:21:09 +0000 2023,@StefanAntonio__ @aniesbaswedan Yg udah jadi presiden aja bisa ga baca saat dia ttd ğŸ¤£. \n\nIni baru persepsi kementrian udah lgsg ditelen. \nKalo mmg lo dijalan yg bener
Thu May 25 07:20:32 +0000 2023,@KakekHalal Tenaang.. bisa tidur nyenyak.. sudah jadi presiden survey.. tak perlu lagi cawe-cawe..?
Thu May 25 07:19:52 +0000 2023,@wortelbuncis2 @Dennysiregar7 @Gerindra Lah LAWAK ğŸ˜‚ğŸ˜‚ @ordinary_sang  lu tau berapa umur Presiden Trump mekdi
Thu May 25 07:20:15 +0000 2023,Martha memutuskan untuk pulang saja daripada mendengarkan orang-orang gila yang bergantian bicara. Ia menyetel musik di kepalanya
Thu May 25 07:20:10 +0000 2023,Waduh
Thu May 25 07:19:03 +0000 2023,Biografi GUS DUR (18)\n\nBahkan pada saat ia (Gus Dur)\nmenjabat sebagai Presiden RI\nsempat muncul anekdot\ntentang 3 misteri Tuhan\nbahwa ada 3 misteri Tuhan\nyang tidak bisa dipahami\natau diketahui manusia\nsebelum hal ini terjadi\nyaitu jodoh
Thu May 25 07:18:48 +0000 2023,@tvOneNews Bilang sama anak anak bangsa bahwa presiden kita suka film porno bisa jadi presiden
Thu May 25 07:20:13 +0000 2023,@KakekHalal Tujuan jadi presiden kok memberantas radikal. hadeuhh
Thu May 25 07:18:30 +0000 2023,@ferizandra anggaran atas nama presiden 
Thu May 25 07:19:37 +0000 2023,@Heraloebss Semoga ada undang2 kalo mau jadi presiden atau caleg harus ada pengalaman jad pak rt minimal 4 tahun
Thu May 25 07:19:18 +0000 2023,Kiprah Prabowo yang berusaha membuat pencak silat mendunia membuatnya didaulat menjadi Presiden Persilat Persekutuan Pencak Silat Antarabangsa yang merupakan organisasi pencak silat dunia.#SemuaDukungPrabowo #IkutPakde Prabowo Subianto
Thu May 25 07:19:01 +0000 2023,@tvOneNews Dan aku tidak akan pilih presiden suka nonton bokep tai
Thu May 25 07:18:33 +0000 2023,Kata PDIP soal Elektabilitas Ganjar Disalip Prabowo Presiden- Nasional Tempo #MengharumkanBangsa #SemuaDukungPrabowo #SayaSetyoko https://t.co/jfpz8OQAvw
Thu May 25 07:19:22 +0000 2023,Gelar tersebut diberikan atas sumbangsih Presiden Jokowi terhadap pembinaan dan pengembangan pencak silat di Indonesia.#SemuaDukungPrabowo #IkutPakde Prabowo Subianto
Thu May 25 07:20:11 +0000 2023,Di tengah maraknya pembangunan jalan tol
Thu May 25 07:19:13 +0000 2023,@mx00711 @__AnakKolong Koruptor = anjing
Thu May 25 07:19:54 +0000 2023,@Ganjaran_app @ganjarpranowo Semakin yakin deh gua untuk mendukung Pak Ganjar Pranowo menjadi Presiden Indonesia
Thu May 25 07:19:41 +0000 2023,@Ganjaran_app @ganjarpranowo Pastinya bila beliau menjadi Presiden RI akan banyak masyarakat yang diperhatikan dan diberi kesejahteraan oleh beliau
Thu May 25 07:19:07 +0000 2023,@AkuTerpesona8 @Quvvatt @Trending_Issue Udah dijelasin aja lo masih bego. \nBerapa hutang awal SBY menjabat presiden dan berapa hutang terakhir SBY menjabat. https://t.co/wsLdnse7Jo
Thu May 25 02:38:53 +0000 2023,Ini janggal tapi Ketua KPK dan Ketua MA sekarang sama2 dari Baturaja. Dan akan lebih menarik lagi jika dilihat kedekatan Eks Gub Bengkulu yg mantan terpidana Agusrin Najamudin dgn Ketua MA  Muhammad Syarifuddin.\n\nm*rkus\n https://t.co/nRqMC6P8oi
Thu May 25 07:19:23 +0000 2023,@ariarjiwinata02 @musksigit Ada yg gisele ga ğŸ˜ğŸ˜ğŸ’ƒğŸ’ƒ
Thu May 25 07:19:20 +0000 2023,Sebagai presiden Persilat
Thu May 25 07:19:08 +0000 2023,@zoelfick Berbahaya  klu s anis jadi presiden  bisa 2 perang sodara...calon presiden  merangkap  provokator...
Thu May 25 07:17:13 +0000 2023,@Dennysiregar7 Seperti kata bambang pacul
Thu May 25 05:43:37 +0000 2023,Tjaaakepâ€¦\nKlo ada oknum yang coba mempermainkan Hukum
Thu May 25 07:09:05 +0000 2023,Prabowo akan Bertemu Jokowi Pada Kamis Siang https://t.co/r1M5ddS4l3
Thu May 25 07:18:17 +0000 2023,@PutraErlangga95 Mungkin Prabowo jadi menhan 2 periode dengan presiden yang baru.
Thu May 25 07:17:26 +0000 2023,@aniesbaswedan @calon pemimpin masa depan memang arus perbanyak ukua atau silaturahmi itu semua akan membuat kita lebih kenal dan mengetahui dan sekaligus mengkroscek disetiap wilayah karena itu semua nanti akan lebih mudah ketika pak Anis Baswedan terpil
Thu May 25 07:16:26 +0000 2023,Dalam politik
Thu May 25 07:17:06 +0000 2023,â€œSaya juga ingatkan Presiden dan TNI-Polri disiplin
Thu May 25 07:18:23 +0000 2023,@DepokGue_ @aniesbaswedan Ini media Depok ato media PKB sih? \n\nTrs tiap pemilu
Thu May 25 07:18:15 +0000 2023,@ZakkyAndy @bsi_ch @Munir_Timur Nih hasil kerja presiden lu Bong ğŸ˜‹ https://t.co/XSIseVPr4B
Thu May 25 07:16:51 +0000 2023,@KakekHalal pak @aniesbaswedan sebagai presiden 2024
Thu May 25 07:16:58 +0000 2023,@Adrianussatrio presiden ku juga pernah gini.\nyakan pakde @jokowi !?
Thu May 25 07:16:59 +0000 2023,Pacitan
Thu May 25 07:17:05 +0000 2023,Presiden Direktur PT Blue Bird Tbk
Thu May 25 07:16:36 +0000 2023,@Candra4smara buat yg ingusan dimaafkan
Thu May 25 07:16:28 +0000 2023,Ada yg berpikir bhw Presiden
Thu May 25 07:18:00 +0000 2023,CC: Bapak Presiden Republik Indonesia Ir. @jokowi @basuki_btp @AhokBasuki_btp
Thu May 25 07:17:04 +0000 2023,ERICKTHOHIRNEWS|  Survei: Erick Thohir Bakal Calon Wakil Presiden Terpopuler - https://t.co/Zspo6F9Aip | BangkitBersamaET  https://t.co/uBfgenkgyk
Thu May 25 07:17:23 +0000 2023,@KakekHalal Pak @aniesbaswedan presiden 2024
Thu May 25 07:18:11 +0000 2023,Menteri PUPR tanggapi kritikan Anies soal pembangunan jalan era Presiden Jokowi vs SBY. Salah baca data?\nhttps://t.co/llcVR2ZKIJ
Thu May 25 07:16:57 +0000 2023,@jimdfxnje tadi ada beberapa komen yg bahas ttg ini
Thu May 25 07:15:12 +0000 2023,@67fleurd DISURUH TAKE DOWN GA MAU. BISA BACA GA LU
Thu May 25 07:15:57 +0000 2023,Anak2 Genz mendukung calon presiden Indonesia yang bangsa ini percaya
Thu May 25 07:15:09 +0000 2023,@collegemenfess Nggak deh nggak diperiksa juga
Thu May 25 07:15:55 +0000 2023,Elite Parpol Berebut Restu Presiden
Thu May 25 07:15:20 +0000 2023,Gini mau jadi presiden??? Ambyarrrrr... ğŸ˜†ğŸ˜†ğŸ˜† https://t.co/KWdZq903tr
Thu May 25 07:15:56 +0000 2023,@AbdulRachimmks @aniesbaswedan garis miring boleh bang?
Thu May 25 07:15:49 +0000 2023,Jika nanti saya jadi presiden WNI keturunan tak boleh punya tanah di di Indonesia
Thu May 25 07:15:41 +0000 2023,Ketua Dewan Perwakilan Rakyat (DPR)
Thu May 25 07:15:15 +0000 2023,Terima kasih
Thu May 25 07:15:19 +0000 2023,@langitan99 Hallo pak  @Pak_JK 
Thu May 25 07:15:04 +0000 2023,@Dennysiregar7 Kalau calon presiden di agung2 kan buzzer
Thu May 25 07:14:57 +0000 2023,Solo - Ketua Umum Partai Gerindra Prabowo Subianto mengaku kaget mendapat dukungan dari relawan Gibran dan Jokowi se-Jawa Tengah dan Jawa Timur sebagai calon presiden (capres) 2024.#SemuaDukungPrabowo #IkutPakde Prabowo Subianto
Thu May 25 07:15:56 +0000 2023,@prabawananda @DPR_RI @puanmaharani_ri @jokowi @KejaksaanRI Kayaknya disengaja
Thu May 25 07:16:09 +0000 2023,Bakal calon presiden RI dari partai Nasdem
Thu May 25 07:15:43 +0000 2023,@damiri_dav15928 @aniesbaswedan Lah kadrun yg suka caci maki presiden yg notabene pemimpin Negara gimana? Kalo cuma kritik gk apalah mengkritik juga harus cerdas gk asal jeplak caci maki seenak udel
Thu May 25 07:12:11 +0000 2023,@panca66 Kikmano tindak lanjutnya kasus Newmont kok diem2 bae nyaris tak terdengar
Thu May 25 07:11:20 +0000 2023,@tvOneNews Munafik nya d mana klo sy pengen presiden terbaik
Thu May 25 07:13:22 +0000 2023,@kegblgnunfaedh Perusahaan yg Nyari kandidat
Thu May 25 07:12:29 +0000 2023,@zoelfick Sgt memalukan
Thu May 25 07:11:10 +0000 2023,@end877113 Ahok ndak bisa jadi presiden om.
Thu May 25 07:14:32 +0000 2023,Bakal calon presiden dari partai Nasdem
Thu May 25 07:13:38 +0000 2023,@moonareas Skuy
Thu May 25 07:13:18 +0000 2023,@prabawananda Lho kok malah ngomongin diri sendiri...??? \nYakin gak mau jadi presiden.... ğŸ˜‚
Thu May 25 07:11:43 +0000 2023,@Aryprasetyo85 Maju terus Pak Anies
Thu May 25 07:13:47 +0000 2023,@detikcom Blunder atau ketidakmampuan Presiden selalu saja ditutupi atau dibersihkan entah oleh Buzzer ataupun melalui kekuasaan itu sendiri
Thu May 25 07:10:04 +0000 2023,PKB dan Golkar mengatakan masih belum ada titik temu terkait kepastian koalisi inti dan calon wakil presiden yang akan mendampingi bakal calon presiden Prabowo Subianto.  https://t.co/NFN45NYiiM
Thu May 25 07:10:00 +0000 2023,Badan intelijen Ukraina secara terbuka mengakui ingin membunuh Presiden Rusia Vladimir Putin\n\n#SINDOnews #news\nhttps://t.co/5e01BurvKT
Thu May 25 07:10:31 +0000 2023,Prabowo Subianto menjadi sosok calon presiden (capres) 2024 yang dipilih oleh orang yang puas maupun tidak puas\n\n#SemuaDukungPrabowo\n#SayaSetyoko
Thu May 25 07:10:32 +0000 2023,atas kinerja pemerintahan Presiden Joko Widodo (Jokowi)-Wakil Presiden Ma'ruf Amin.\n\n#SemuaDukungPrabowo\n#SayaSetyoko
Thu May 25 07:10:26 +0000 2023,@DokterTifa saya bersama ARB.....\n\nkandidat presiden yang selalu menempati posisi buncit di tiap survey https://t.co/iL47ZRbtcF
Thu May 25 07:10:43 +0000 2023,@prabowo bukan plastik
Tue May 23 22:19:53 +0000 2023,Pak Prabowo itu memang tidak pandai pencitraan
Thu May 25 07:10:33 +0000 2023,Direktur Riset SMRC Deni Irvani memjelaskan
Thu May 25 07:10:34 +0000 2023,Sementara dari 17
Thu May 25 07:09:03 +0000 2023,@tanyakanrl Tapi kalo dari biomassa sih emang bisa-bisa aja Nder
Thu May 25 07:10:23 +0000 2023,Ketua Umum Projo Budi Arie Setiadi merespons dukungan 15 organ relawan Presiden Jokowi kepada Prabowo Subianto pada Pilpres 2024 .\n\n#SemuaDukungPrabowo\n#SayaSetyoko
Thu May 25 07:09:49 +0000 2023,@KakekHalal Masak org punya penyakit gagal paham atau bahasa anak sekolah SD tak paham bisa nyalon jd presiden?\nMau d bw kmn negeri ini...
Thu May 25 07:07:52 +0000 2023,@maleyintani @KakekHalal Banyak ikan dicuri cina di Natuna
Thu May 25 07:06:20 +0000 2023,@tanyakanrl Ya ada
Thu May 25 07:08:53 +0000 2023,Partai Gerindra mengeklaim lebih percaya dengan Presiden Joko Widodo daripada Ketua Umum PDI-P Megawati Soekarnoputri. Pasalnya Megawati disebut kerap membohongi Prabowo terkait Pemilihan Presiden.\nhttps://t.co/uUrydnizbC
Thu May 25 07:08:59 +0000 2023,@MprAldo Ada masa nya jabatan opung  tk bisa menolong opung dari kesalahan besar..2024 gantian presiden..
Thu May 25 07:07:49 +0000 2023,Presiden @jokowi menerima kunjungan kenegaraan Presiden Republik Islam Iran
Thu May 25 07:08:01 +0000 2023,@CNNIndonesia Mantab Pak. Saya Yakin bapak akan menjadi Presiden 2024. Karena bapak memegang teguh prinsip membela kemerdekaan segala bangsa. Rela tuan rumah Pildun dicabut
Thu May 25 07:07:45 +0000 2023,@Putri96960977 presiden soeharto memimpin selama kurleb 32 tahun justru negeri ini aman dari makhlukÂ² yg mau mengadu domba dn memecah belah bangsanya sendiri
Thu May 25 07:06:55 +0000 2023,@ch_chotimah2 Hahaha.. Lu nyindir presiden null ğŸ˜
Thu May 25 07:07:28 +0000 2023,@aniesbaswedan Wes pak
Thu May 25 07:07:41 +0000 2023,Kejadian ini juga dulu gua tertawakan
Thu May 25 07:07:40 +0000 2023,Statmen dungu super tolol dan buta huruf
Thu May 25 07:06:44 +0000 2023,@Dr_AzmanIbrahim presiden pas kenal hang x yb ğŸ¤£ğŸ¤£
Thu May 25 07:08:46 +0000 2023,@RandomWorldWar Min
Thu May 25 07:07:29 +0000 2023,"@Quvvatt @Trending_Issue Ini pencmaran nama baik karena ditujukan ke personal gak si? Bapak lu"" itu kan personal. Kalau ""presiden"" cuman title.\nYg kaya gini bisa dipenjarain gak si?"""
Thu May 25 07:08:14 +0000 2023,@petruspasaribuu @aniesbaswedan ğŸ˜‚ğŸ˜‚ğŸ˜‚ğŸ˜…ğŸ˜…ğŸ˜…\nGak nyambung
Thu May 25 07:06:58 +0000 2023,@ajengcute16__ @AgusYudhoyono lbh pantas jd presiden
Thu May 25 07:08:50 +0000 2023,KSP @Dr_Moeldoko Beberkan Keberanian Jokowi di G7\nIndonesia  berkomitmen mengejar target emisi karbon atau .NZE hingga tahun 2060 atau lebih cepat. Sangking berkomitmennya
Thu May 25 07:08:35 +0000 2023,Tugas Kepresidenan juga memungkinkan Bapak Presiden Joko Widodo @jokowi  (jangan)(terlalu)FOKUS KEMENANGAN Pilpres 2024. https://t.co/a35VnD8ewq
Thu May 25 07:08:21 +0000 2023,@IniJalanKami yang perintahkan ya atasan dia Polisi. nah
Wed May 24 13:49:52 +0000 2023,@hendraM78273441 Masalahnya.. angka 2.700 triliun itu adalah PENAMBAHAN utang dari SBY sendiri
Thu May 25 07:08:28 +0000 2023,@hattoricoin @pengarang_sajak semuannya bayaran
Thu May 25 07:05:16 +0000 2023,Relawan Prabowo (Repro) menggelar silaturahmi dan deklarasi dukungan kepada Menteri Pertahanan RI Prabowo Subianto untuk menjadi presiden RI 2024.\n\n#SemuaDukungPrabowo\n#SayaSetyoko
Thu May 25 07:03:11 +0000 2023,@amaliaabdullah @ainunnajib Yang belum ditiru daerah lain dan perlu ditiru dari pak Anies
Thu May 25 07:05:23 +0000 2023,@PASPusat Kata kat Presiden sendiri ka? \n\nhttps://t.co/vIx8XZwFjc
Thu May 25 07:05:18 +0000 2023,@Optimis346661 @msaid_didu @aniesbaswedan Ma'af
Thu May 25 07:02:47 +0000 2023,@Lembayung071 @aniesbaswedan Emang gue pikirin...yg penting anies presiden
Thu May 25 07:04:00 +0000 2023,@aagunawan_ @gloriahermawan Wak wakwak\n\nCc @henrysubiakto
Thu May 25 07:02:58 +0000 2023,membuat Prabowo Subianto menjadi calon paling ideal sebagai Presiden Republik Indonesia tahun 2024 #MengharumkanBangsa #IkutPakde Prabowo Subianto
Thu May 25 07:05:25 +0000 2023,@DS_yantie @achmadfauzi_wy Calon gub Jatim. Lalu naik jadi presiden (kalo viral)
Thu May 25 07:03:35 +0000 2023,Bukti2 dan eviden sangat banyak bahwa DPR dan Presiden senyatanya TIDAK PERNAH bekerja untuk rakyat.\n#RevolusiHancurkanOligarki \n#RevolusiHancurkanOligarki
Thu May 25 07:03:16 +0000 2023,@PutraErlangga95 Same energy
Thu May 25 07:03:25 +0000 2023,@kompascom Mengkoreksi &amp; membandingkan pek struktur Presiden Jokowi gak pake data &amp; fakta
Thu May 25 07:04:22 +0000 2023,"Mungkin judulnya akan lebih menarik netizen; PRESIDEN TUKANG NGIBUL\nPasti banyak yang komentari dah...\nGak percaya Googling aja presiden tukang ngibul"" muncul dah siapa yang dimaksud https://t.co/MLP3KHenGe"""
Thu May 25 05:44:27 +0000 2023,@InvasiTKAChina Begitu kesimpulan siap bahwa DPR tidak mampu
Thu May 25 07:05:28 +0000 2023,untuk memastikan kemenangan Pak Prabowo menjadi Presiden dan Gerindra menguasai 120 kursi parlemen
Thu May 25 05:35:38 +0000 2023,CAPRES TUKANG NGIBUL\n\nKesalahan FATAL jika menyerang Jokowi lewat pembangunan jalan atau infrastruktur. Rakyat Indonesia sudah tahu dan bisa merasakan pembangunan infrastruktur yg begitu masif di era Jokowi ketimbang SBY.\n\nTapi kalau soal membuat album lagu rakyat baru percayaâ€¦ https://t.co/SJnyl5cW2v
Thu May 25 07:05:15 +0000 2023,Relawan di Sultra Deklarasi Dukung Prabowo Jadi Presiden 2024\n\n#SemuaDukungPrabowo\n#SayaSetyoko
Thu May 25 07:05:21 +0000 2023,Prabowo Subianto presiden! Indonesia kuat
Thu May 25 07:05:40 +0000 2023,Penganugerahan Tanda Kehormatan Bintang Yudha Dharma Utama kepada Prabowo ini didasari oleh Keputusan Presiden Republik Indonesia Nomor 13/Tk/Tahun 2022. #MengharumkanBangsa #IkutPakde Prabowo Subianto
Thu May 25 07:05:33 +0000 2023,Presiden gue nih ... https://t.co/ZomtaTjtf2
Thu May 25 07:05:14 +0000 2023,@fastpced Rent aj gampang
Thu May 25 07:03:43 +0000 2023,@geloraco Kalau hanya 1-2 juta beds jumlah sah suara pemilih presiden Dan DPR  nasih BSA so terima aka
Thu May 25 04:31:04 +0000 2023,Ketum Projo: Pak Jokowi Masih Upayakan Duet Ganjar dan Prabowo https://t.co/WaYPTQGJdz
Thu May 25 07:01:23 +0000 2023,@TerunaPertiwi Masa harus ijin sih ketemuan kayak gini. Namanya juga Presiden ketemu sama Menteri andalan gitu lhoh.. ğŸ«¶
Thu May 25 07:00:01 +0000 2023,Wakil Presiden (Wapres) K.H. Maâ€™ruf Amin mengaku enggan dipilih kembali dan menyebut bahwa dia sudah berusia 81 tahun. Ma'ruf memilih memberikan jalan kepada generasi muda.\n\nhttps://t.co/7YCiuZKslb
Thu May 25 06:59:46 +0000 2023,block lalu pilih opsi yang spam.\n\nsusil susil
Thu May 25 05:03:42 +0000 2023,PS dan GP diminta bersatu
Thu May 25 07:01:28 +0000 2023,@benuaandin @NMS__ampel @TukangMu @yaniarsim Kan anda tau sendiri diakan lg nyalonin presiden mba..maka wajar netizen ngulik ngulikğŸ˜‚ğŸ˜‚
Thu May 25 06:59:52 +0000 2023,@DokterTifa Mantap bu dokter
Thu May 25 07:01:02 +0000 2023,Maka tak heran saat ini Pak Bowo merupakan figur yang ditunggu masyarakat untuk menjadi Presiden Republik Indonesia. #MengharumkanBangsa #IkutPakde Prabowo Subianto
Thu May 25 07:01:53 +0000 2023,Duuhhh benar-benar ngga pingin ditinggalin @jokowi... ğŸ˜­ğŸ˜­ğŸ˜­\n\nKetika beliau menang jd presiden
Thu May 25 07:02:11 +0000 2023,Jangan Terlalu Kepedean kau Ali.\nPercayalah...gak akan bisa si Anies jadi Presiden setelah Melihat Rekam Jejaknya Modal Bacot doang.\n\nNgomong Jago
Thu May 25 06:59:10 +0000 2023,@jembermfs Ya Allah ap tidak kembung
Wed May 24 18:22:22 +0000 2023,Yang ini ya ğŸ˜Šâ¤ï¸ https://t.co/h22hzCbxbY
Thu May 25 07:00:51 +0000 2023,@jembermfs KPRI kan deket kampus gasi
Thu May 25 07:01:44 +0000 2023,Siang ini
Thu May 25 07:00:35 +0000 2023,Dari pernyataan Presiden Jokowi soal penyetopan ekspor timah
Thu May 25 07:02:33 +0000 2023,Padahal presiden bilang capres cawapres urusan parpol
Thu May 25 07:02:10 +0000 2023,@MartinusButarb1 Iya bang bangsat dan orang yg gak NKRI muak tengok Anies jadi presiden
Thu May 25 07:02:13 +0000 2023,@NenkMonica Yah ibu calon Presiden kenapa masih ngurusin dan telur dan daging ayam wong rakyat aja makannya tahu tempe itu mah urusan pak menteri perdagangan bukan Calon Presiden
Thu May 25 07:01:01 +0000 2023,Untuk itu SAH menegaskan tokoh dengan kapasitas mumpuni seperti Prabowo Subianto paling ideal menjadi Presiden 2024. #MengharumkanBangsa #IkutPakde Prabowo Subianto
Thu May 25 06:56:46 +0000 2023,@narkosun Gak akan pernah dia jadi presiden ...
Thu May 25 06:56:43 +0000 2023,Menteri Pertahanan Prabowo Subianto dijadwalkan bertemu Presiden Jokowi hari ini di Istana Bogor. https://t.co/oFVxVKrfMa
Thu May 25 06:57:10 +0000 2023,@narkosun S3 ....DI SANJUNG2 PENGALAMAN INTERNASIONAL. \nKELEBIHAN BAYAR ... SKRG SALAH \nBACA DATA.  Ini mau jd presiden INDONESIA (????)
Thu May 25 06:58:47 +0000 2023,Generasi milenia dukung sosok presiden NKRI yg mereka percaya
Thu May 25 06:58:15 +0000 2023,@Dennysiregar7 Di samping itu
Thu May 25 06:57:22 +0000 2023,Relawan di Sultra Deklarasi Dukung Prabowo Jadi Presiden 2024\n\n#SemuaDukungPrabowo\n#SayaSetyoko
Thu May 25 06:57:16 +0000 2023,@DoankWarto Semenjak tukang mebel jdi presiden
Thu May 25 06:58:16 +0000 2023,@VIVAcoid Pak Prabowo Subianto presiden RI selanjutnya harga mati
Thu May 25 01:37:32 +0000 2023,Ron DeSantis Tells Elon Musk Bitcoin Will Die if Joe Biden is Reelected\nâ–º https://t.co/O9pfPZttWl https://t.co/O9pfPZttWl
Thu May 25 06:56:42 +0000 2023,@Yanua02 @Ahwal08 @sospolkw @Alie_Fahnoor @genx36545403 @are_inismyname @BANGSAygSUJUD @Ndons_Back @propaganda_99 @cocolatetwo @florieliciouss @aniesbaswedan @prabowo @jokowi @KPK_RI @Kemhan_RI mana buktinya JK stop?\nmana buktinya SP tdk dukung?\nAnies k
Thu May 25 06:58:09 +0000 2023,@tempodotco Presiden Putin mendesak ukraina berhenti minta pasokan alutista ke anggota NATO
Thu May 25 06:57:24 +0000 2023,@narkosun lah ada presiden di wakanda yang banyak salah baca data
Thu May 25 06:57:38 +0000 2023,Lucunya
Thu May 25 06:57:18 +0000 2023,Senyum cerah Pak Jokowi seperti ga ada beban\nSiang Ini
Thu May 25 06:59:07 +0000 2023,@Heraloebss Lah gimana kok nggak mau Pak?!! Padahal anda Wakil Presiden terbaik sedunia lho!!
Thu May 25 06:57:37 +0000 2023,Dalam peluncuran kampanye buat jadi presiden AS\ndi Twitter bareng Elon Musk
Thu May 25 06:54:21 +0000 2023,@mnyuthv chaos bgt sumoahh
Thu May 25 04:42:05 +0000 2023,Gini aja dech
Thu May 25 06:54:34 +0000 2023,@ruhutsitompul Coba kalau orang cina jadi presiden pasti mingkem yg gini2 cuman cari cuann doank \n1 menjilat\n2 cari uang\n3 emang otak nya sinting\n4 hati nya busuk \n5 cari Uang
Thu May 25 06:55:28 +0000 2023,@DoankWarto Silahkan protes ke bps
Thu May 25 06:56:10 +0000 2023,@KakekHalal Emang ada kelompok radikal di Indonesia?\nKalau ada biksu yg melintas sudah habis di Lahab orang radikal\nHati2 orang Indonesia nggak ada yg radikal ngab.....
Thu May 25 06:54:22 +0000 2023,@sayasukasih 2024 pilih presiden yang menghargai digital artistğŸ™
Thu May 25 06:55:19 +0000 2023,@ruhutsitompul Dimaklumin aja
Thu May 25 06:55:24 +0000 2023,@HensuAja Tidak ada yang sesat pikir dalam jalan dan penguasa di ke dua jabatan presiden itu.yg di takuti untuk negara ini rakyatnya sesaat pilih presiden ğŸ˜
Thu May 25 06:53:52 +0000 2023,@narkosun kalau nanti Anis jadi presiden
Thu May 25 06:56:18 +0000 2023,@Dennysiregar7 Bener bang kalo tidak dari pemilik partai jadinya hanya petugas partai...jadi kekuasaan tertinggi ada di ketua partai bukan Presiden
Thu May 25 06:54:32 +0000 2023,@croixsanct harusnya umur segitu udah jadi presiden
Thu May 25 06:55:14 +0000 2023,@Dennysiregar7 lha nanti kalo jadi presiden diatur ketua partai karena ngerasa tanpa partai gak akan bisa maju pilpres gimana ?
Thu May 25 06:56:28 +0000 2023,@DokterTifa Menuju perbaikan diperlukan presiden yg mempunyai Adab Dan akhlak Dan kecerdasan
Thu May 25 06:52:22 +0000 2023,@anakulahmanusia @KementerianLHK @jokowi Ibu @SitiNurbayaLHK jgn enak2 ah numpukin AMDAL.. masa ksh ijim AMDAL pilih2 bulu sich... \nPak @jokowi tolong jiwir menteri satu ini yg ga sesuai visu misi presiden..program energi bersih hrsnya jd salah satu prio
Thu May 25 06:53:11 +0000 2023,@Widyarenee Hahaha kaya gini mau jadi presiden. Tanggung jawab aja ga berani. *heaven citizen*
Thu May 25 06:52:03 +0000 2023,"Presiden Jokowi: ASEAN Mampu Menjadi Motor Perdamaian dan Pertumbuhan | https://t.co/PXfXewevo0"" https://t.co/rOfOrAVhc3"""
Thu May 25 06:52:53 +0000 2023,@mledukjon @fxnetizen @tvOneNews @PDI_Perjuangan Wkwkw tolol2 gw ga sesuai topik dari mananya?? Gw cuma meneruskan apa yg anies bilang terkait gagalnya jokowi jdi presiden
Thu May 25 06:53:44 +0000 2023,@Hudakeyy @Beritasatu @Dharmas56190807 @jokowi Emnk bener ga ada hubungan nya dgn presiden tp presiden hrs tanggung jwb klo rakyat nya jd pengangguran
Thu May 25 06:53:34 +0000 2023,@yunkimin31 @moccavmwy berita babikkk emg
Thu May 25 06:53:23 +0000 2023,DPC PDI Perjuangan Kota Depok meminta seluruh kader dan bakal calon anggota legislatif (caleg) di Kota Depok
Thu May 25 06:51:10 +0000 2023,@Dennysiregar7 @Gerindra Karena tujuan Partai ini didirikan hanya untuk mewadahi ambisi pribadi  prabowo utk jadi presiden ...
Thu May 25 06:52:11 +0000 2023,@VIVAcoid 2024 BAPAK ANIES PRESIDEN https://t.co/zRhEjhEvmS
Thu May 25 06:52:52 +0000 2023,@penjaga_nkri45 Pencapaian yg sangat ikonik dari presiden jokowi
Thu May 25 06:53:45 +0000 2023,@remiyvesselsoft okeh salam bwt presiden ny
Thu May 25 06:51:42 +0000 2023,@Dennysiregar7 Tetap kapitalis yg punya hak untuk memilih presiden selanjutnya di negeri ini termasuk Amerika Serikat
Thu May 25 06:52:51 +0000 2023,Erick Thohir memang dikenal memiliki hubungan yg sangat dekat dg Presiden Jokowi baik dalam ranah profesional maupun personal. Hal tsb dinilai Burhanudin Muhtadi sbg salah satu faktor yg menjadikan Erick mampu menjarik suara dari pendukung Presiden Jokowi.\n#GanjarErickDuetTerbaik https://t.co/GoUzCFpeY4
Thu May 25 06:52:33 +0000 2023,@aniesbaswedan Semoga Allah SWT melindungi Pak Anies Baswedan dan Keluarga
Thu May 25 04:42:05 +0000 2023,Gini aja dech
Thu May 25 06:50:24 +0000 2023,@aniesbaswedan Mari para relawan pendukung Anies Baswedan
Thu May 25 06:51:06 +0000 2023,@siticeriaselalu @ex_AnakLolina Mohon doa restu untuk jadi presiden ke 2024
Thu May 25 06:50:11 +0000 2023,@Louis_chantika Presiden yg dermawan. \nYang bilang pak jokowi pembohong gk amanah mngkin gk kenal beliau aja
Thu May 25 06:49:58 +0000 2023,@KakekHalal Itulah alasan sy dan kluarga akan belaÂ²in dukung Pa Anies.\nHasil survey buncit mulu.\n\nPa Anies presiden 2024
Thu May 25 06:50:10 +0000 2023,Gubernur Jawa Tengah yang juga Bakal Calon Presiden dari PDI Perjuangan
Thu May 25 06:50:12 +0000 2023,Prabowo Menghadap Jokowi Siang Ini
Thu May 25 06:49:59 +0000 2023,@martine88737608 Warga Lampung bersama Ganjar pranowo presiden 2024 #2024menangtotal #MenangTotal #GanjarMenangTotal
Thu May 25 06:49:18 +0000 2023,Sepertinya pupr bnyk yg hrs di rivisi selain data bps juga ini pidato menkeu dan pernyataan presiden.
Thu May 25 06:49:37 +0000 2023,Elite Parpol Berebut Restu Presiden
Thu May 25 06:50:43 +0000 2023,@Dennysiregar7 Yg jlas jngn lagilah yg dri ada tanduk 2nya
Thu May 25 06:50:27 +0000 2023,@DelilahDhiya @ruhutsitompul Partai demokrat emang goblok anak ingusan dari mayor langsung dapat warisan jadi ketua partai yg gak ada pengalaman kok bisa langsung jadi minta cawapres minimal suruh jadi bupati..gubernur lalu presiden lah..ada step2nya drun
Thu May 25 06:50:36 +0000 2023,Prabowo menemui Presiden Jokowi dalam kapasitasnya sebagai Menteri Pertahanan RI.\n\nhttps://t.co/mqlPRe5Eib
Thu May 25 06:49:49 +0000 2023,@mledukjon @fxnetizen @tvOneNews @PDI_Perjuangan Wkwkwk lu pikirr sukses ga nya presiden dilihat dari dia bisa menang 2x atau ga nya? Itu pernyataan bodoh
Thu May 25 06:50:04 +0000 2023,@BennyHarmanID Jangan sampai masa jabatan presiden juga diperpanjang
Thu May 25 06:49:50 +0000 2023,Kalau dulu ada yang bagi2 Sembako
Thu May 25 06:48:34 +0000 2023,Coba cek ini deh
Thu May 25 06:48:51 +0000 2023,Prabowo Subianto Penuhi Undangan Presiden MBZ di UAE
Thu May 25 06:48:02 +0000 2023,Gubernur Jawa Barat Ridwan Kamil menempati posisi keempat pada hasil survei terbaru Lembaga Survei Jakarta (LSJ) bakal calon presiden 2024.\n\nHasil survei dari LSJ yang dilakukan 9 hingga 17 Mei 2023 di 34 provinsi di seluruh Indonesia
Thu May 25 06:47:30 +0000 2023,Calderon siap memboyong Lionel Messi ke Santiago Bernabeu andai masih menjadi presiden Real Madrid. Menurutnya
Thu May 25 06:47:32 +0000 2023,Calderon siap memboyong Lionel Messi ke Santiago Bernabeu andai masih menjadi presiden Real Madrid. Menurutnya
Thu May 25 06:48:09 +0000 2023,@alisyarief Kapasitas pak Anies untuk melakukan perubahan besar di negeri ini sangat besar sebab beliau pintar
Thu May 25 06:47:43 +0000 2023,@safitrilaras618 Warga Pontianak bersama Ganjar pranowo presiden 2024 #2024menangtotal #MenangTotal #GanjarMenangTotal
Thu May 25 06:47:50 +0000 2023,@Dennysiregar7 @Gerindra KETAKUTAN KAUM DENI SIREGAR CS KARNA PRABOWO SAAT INI ADA PELUANG BESAR DI DUKUNG JOKOWI &amp; JADI PRESIDEN
Thu May 25 06:47:36 +0000 2023,@islah_bahrawi Anis presiden yg byk gagasan
Thu May 25 06:45:55 +0000 2023,Untuk nanti 2024\nSaya menjagokan @ridwankamil di Pilpres 2024.\nPemimpin daerah yg dari walikota sampai Gubernur
Thu May 25 06:45:50 +0000 2023,@rkij_sukabumi Untuk nanti 2024\nSaya menjagokan @ridwankamil di Pilpres 2024.\nPemimpin daerah yg dari walikota sampai Gubernur
Thu May 25 06:45:25 +0000 2023,Anies baswedan mendapat dukungan penuh dari dunia untuk maju menjadi presiden dan nahkoda bagi Indonesia
Thu May 25 06:35:12 +0000 2023,Dua nama
Thu May 25 06:45:56 +0000 2023,@Dennysiregar7 Tumben twit lho bagus den.\nIndonesia menunggu keajaiban munculnya presiden non partai yg berintegritas dewa.\n\nLagian ganjar kalo dilihat2 sebelas duabelas sama anies
Thu May 25 06:45:48 +0000 2023,@acshxdy kenapa
Thu May 25 06:45:59 +0000 2023,@ch_chotimah2 Anis presiden yg bikin koruptor takut
Thu May 25 06:45:55 +0000 2023,Kapolri Jenderal Polisi Drs. @ListyoSigitP
Thu May 25 06:47:14 +0000 2023,Terbukti Jokowi bersih dan bukanlah Presiden kaleng-kaleng .\nBerani &amp; membiarkan Kejagung memproses korupsi Johny G Plate 8 T walapun digertak Surya Paloh .\nTidak seperti SBY yg menghentikan pengusutan BLBI Surya Paloh oleh Kejagung Hendarman Supanji karena di serang  Metro TV .
Thu May 25 06:46:02 +0000 2023,@martine88737608 Warga Lampung bersama Ganjar pranowo presiden 2024 #2024menangtotal #MenangTotal #GanjarMenangTotal
Thu May 25 06:46:52 +0000 2023,@erickthohir Pak et mantan presiden inter milan 2013-2018
Thu May 25 06:45:39 +0000 2023,@rkij_sukabumi Untuk nanti 2024\nSaya menjagokan @ridwankamil di Pilpres 2024.\nPemimpin daerah yg dari walikota sampai Gubernur
Thu May 25 06:45:37 +0000 2023,@cigartthv ngenes
Thu May 25 06:45:21 +0000 2023,Untuk nanti 2024\nSaya menjagokan @ridwankamil di Pilpres 2024.\nPemimpin daerah yg dari walikota sampai Gubernur
Thu May 25 06:46:41 +0000 2023,@acshxdy makan
Thu May 25 06:33:29 +0000 2023,Tiga kandidat yang belakangan diproyeksikan sebagai bakal calon presiden yakni Prabowo Subianto
Thu May 25 06:33:29 +0000 2023,Ridwan Kamil dan Sandiaga Uno
Thu May 25 06:45:43 +0000 2023,Untuk nanti 2024\nSaya menjagokan @ridwankamil di Pilpres 2024.\nPemimpin daerah yg dari walikota sampai Gubernur
Thu May 25 06:45:23 +0000 2023,@NewwieeMbul Fokus ke calon presiden dulu yuk abis ini mau nyapres nih ğŸ˜­ğŸ˜­ğŸ˜­
Thu May 25 06:45:28 +0000 2023,@marlina_idha @aniesbaswedan Maaf Bu boss mau tanya?\nApakah pak Anies Baswedan biaya sendiri klo kunjungan kedaerah dalam perjalanan safari politik nya?\nSemoga pak Anies yang baik ada yang membiayai nya dan tidak minta imbalan apapun kepada pak Anies na
Thu May 25 06:45:33 +0000 2023,Untuk nanti 2024\nSaya menjagokan @ridwankamil di Pilpres 2024.\nPemimpin daerah yg dari walikota sampai Gubernur
Thu May 25 06:45:36 +0000 2023,@martine88737608 Warga Padang bersama Ganjar pranowo presiden 2024 #2024menangtotal #MenangTotal #GanjarMenangTotal
Thu May 25 06:33:30 +0000 2023,Ridwan Kamil= dipilih 14
Thu May 25 06:45:29 +0000 2023,@rkij_sukabumi @KATADATAcoid Untuk nanti 2024\nSaya menjagokan @ridwankamil di Pilpres 2024.\nPemimpin daerah yg dari walikota sampai Gubernur
Thu May 25 06:44:29 +0000 2023,Malang
Thu May 25 06:44:29 +0000 2023,lucu
Thu May 25 06:38:09 +0000 2023,Kami dari Pemprov Jabar mendukung 1.000 persen sebagai pahlawan nasional. Kami mempersembahkan sebuah jalan dengan nama Prof Mochtar Kusumaatmadja sudah resmi sudah berstatus hukum
Thu May 25 06:45:06 +0000 2023,@rkij_sukabumi Untuk nanti 2024\nSaya menjagokan @ridwankamil di Pilpres 2024.\nPemimpin daerah yg dari walikota sampai Gubernur
Thu May 25 06:45:00 +0000 2023,Untuk nanti 2024\nSaya menjagokan @ridwankamil di Pilpres 2024.\nPemimpin daerah yg dari walikota sampai Gubernur
Thu May 25 06:45:10 +0000 2023,Untuk nanti 2024\nSaya menjagokan @ridwankamil di Pilpres 2024.\nPemimpin daerah yg dari walikota sampai Gubernur
Wed May 24 15:31:19 +0000 2023,Jadi nama sebenernya tuh... \nAnies atau ASBUN sih???
Thu May 25 06:16:41 +0000 2023,https://t.co/90845IGPRQ
Thu May 25 06:45:11 +0000 2023,Halo pak @aniesbaswedan @Mdy_Asmara1701 @ekowboy2 @satriohendri sdh dibantah tuh pidato2 nya. Hanya game politik tapi bahaya untuk kesatuan bangsa. Sudahlah presiden itu garis tangan. Tanpa adu domba pun kl sdh amanah Allah 
Thu May 25 06:36:22 +0000 2023,Survei Litbang Kompas: Ridwan Kamil Unggul Masuk Kriteria Cawapres untuk Anies dan Ganjar\n\nhttps://t.co/XQQHlnZCBD
Thu May 25 06:44:14 +0000 2023,@rkij_sukabumi Untuk nanti 2024\nSaya menjagokan @ridwankamil di Pilpres 2024.\nPemimpin daerah yg dari walikota sampai Gubernur
Thu May 25 06:44:44 +0000 2023,@rkij_sukabumi Untuk nanti 2024\nSaya menjagokan @ridwankamil di Pilpres 2024.\nPemimpin daerah yg dari walikota sampai Gubernur
Thu May 25 06:35:11 +0000 2023,Sejumlah nama kandidat calon wakil presiden (cawapres) untuk mendampingi Ganjar Pranowo muncul berdasarkan hasil survei Litbang Kompas pada 29 April-10 Mei 2023.
Thu May 25 06:45:04 +0000 2023,lucu
Thu May 25 06:19:36 +0000 2023,lagi ngampus
Thu May 25 06:38:09 +0000 2023,Gubernur Jawa Barat Ridwan Kamil meminta dukungan semua stakeholders di tingkat pusat untuk pengusulan Prof Mochtar Kusumaatmadja sebagai pahlawan nasional. Ridwan Kamil berharap
Thu May 25 06:44:31 +0000 2023,@rkij_sukabumi Untuk nanti 2024\nSaya menjagokan @ridwankamil di Pilpres 2024.\nPemimpin daerah yg dari walikota sampai Gubernur
Thu May 25 06:38:08 +0000 2023,Ridwan Kamil Minta Dukung Prof Mochtar Kusumaatmadja Jadi Pahlawan https://t.co/NTC4ta4bQq
Thu May 25 06:44:04 +0000 2023,@rkij_sukabumi Untuk nanti 2024\nSaya menjagokan @ridwankamil di Pilpres 2024.\nPemimpin daerah yg dari walikota sampai Gubernur
Thu May 25 06:44:35 +0000 2023,Untuk nanti 2024\nSaya menjagokan @ridwankamil di Pilpres 2024.\nPemimpin daerah yg dari walikota sampai Gubernur
Thu May 25 06:44:08 +0000 2023,Untuk nanti 2024\nSaya menjagokan @ridwankamil di Pilpres 2024.\nPemimpin daerah yg dari walikota sampai Gubernur
Thu May 25 06:44:00 +0000 2023,Presiden Jokowi undang pengusaha Jepang investasi di IKN\n\n#IKNPemerataanEkonomi #IKNSejahterakanIndonesia #IKN #IKNtingkatkanKesejahteraan #dukungproyekIKN #IKNNusantara https://t.co/xhNZcOT0tX
Thu May 25 06:44:25 +0000 2023,@martine88737608 Warga Samarinda bersama Ganjar pranowo presiden 2024 #2024menangtotal #MenangTotal #GanjarMenangTotal
Thu May 25 06:44:47 +0000 2023,@Dennysiregar7 Akibat presiden bukan ketua partai adalah sang pemilik partai ga legowo kadernya jadi presiden
Thu May 25 06:45:15 +0000 2023,@rkij_sukabumi Untuk nanti 2024\nSaya menjagokan @ridwankamil di Pilpres 2024.\nPemimpin daerah yg dari walikota sampai Gubernur
Thu May 25 06:35:11 +0000 2023,Ridwan Kamil Masih Teratas sebagai Kandidat Cawapres Ganjar Pranowo Menurut Survei Litbang Kompas\n\nhttps://t.co/Pe4lzFCYt7
Thu May 25 06:44:49 +0000 2023,Untuk nanti 2024\nSaya menjagokan @ridwankamil di Pilpres 2024.\nPemimpin daerah yg dari walikota sampai Gubernur
Thu May 25 06:44:20 +0000 2023,Untuk nanti 2024\nSaya menjagokan @ridwankamil di Pilpres 2024.\nPemimpin daerah yg dari walikota sampai Gubernur
Thu May 25 06:44:56 +0000 2023,@rkij_sukabumi Untuk nanti 2024\nSaya menjagokan @ridwankamil di Pilpres 2024.\nPemimpin daerah yg dari walikota sampai Gubernur
